Seq,Codigo_CPTM,Cod_Estrutural,Codigo_BEC,Classe_BEC,Descricao_Material,Centro_Controle,Saldo_Atual,Consumo_Medio_Mensal,PCA_Mensal,Utilizacao_Pct,Qtd_Necessaria_Compra,Previsao_Valor,Qtd_Solicitada,Prioridade,Qtd_Contratada,RMs_Abertas,SCs_Provisorias,OFs_Entregar,Tipo_Consumo
1,000033,1.03.01.00.00010-9,B:6125042/C:416386,5325.0,"ABRACADEIRA AUTO-TRAVANTE, MATERIAL NYLON 6.6, DIAM MAX DE AMARRACAO 100MM, COMP 390MM, LARG 7,6MM, COR PRETA, INFLAMABILIDADE CONFORME UL94V-2, TENSAO DE RUPTURA MIN 54KGF",2.ET.RA.99 - OUTROS MATERIAIS UTILIZADOS NA REDE AÉREA,2252.0,875.25,1031.916666667,82.0,10181.000000004,6098.4190000024,0,Sim,0.0,50,0,0.0,Normal
2,000036,1.03.01.00.00013-0,B:4669916/C:261639,5325.0,"ABRACADEIRA AUTO-TRAVANTE, MATERIAL NYLON 6.6, DIAM MAX DE AMARRACAO 110MM, COMP 390MM, LARG 4,6MM, COR PRETA, INFLAMABILIDADE CONFORME UL94V-2, TENSAO DE RUPTURA MIN 22KGF",2.ET.RA.99 - OUTROS MATERIAIS UTILIZADOS NA REDE AÉREA,4550.0,208.75,1219.166666666,17.0,10079.999999992,5391.79199999572,0,Sim,0.0,0,0,0.0,Normal
3,091767,1.04.05.08.00159-6,B:6140467/C:377550,5690.0,"ACIONADOR DE FECHADURA ELETRICA UNIVERSAL MEDINDO (5,20XX 4,50 X 9,30) CM (AXLXC), PARA ALIMENTACAO DE FECHADURA ELETRICA, SAIDA DE 12VDC, CONSUMO DE ENERGIA 25KW/MES EM 110VAC OU 220VAC, INSTALACAO ATRAVES DE TERMINAIS DE LIGACAO,",2.ET.DM.99 - OUTROS MATERIAIS,5.0,0.5,0.5,100.0,1.0,108.17636364,0,Sim,0.0,0,0,0.0,Normal
4,084934,1.05.01.05.00102-9,5641870,6390.0,"ACIONADOR MANUAL DE ALARME DE INCENDIO, PECA DE REPOSICAO PARA SISTEMA DE DETECCAO DE INCENDIO JUNO NET GLOBAL FIRE, ELETRONICO, REDE ENDERECAVEL, SISTEMA DE ATUACAO POR QUEBRA DO VIDRO, SINALIZACAO POR LED, ALIMENTACAO 20 A 30VDC,",2.ET.DM.08 - EQUIPAMENTO DE PROTEÇÃO E SEGURANÇA,57.0,4.91666666666667,4.916666666,100.0,1.999999992,2699.9999892,0,,0.0,0,0,0.0,Normal
5,000170,1.03.03.01.00002-9,2186225,4710.0,"ADAPTADOR SOLDAVEL, PVC, COR MARROM, CURTO, C/ BOLSA E ROSCA P/ REGISTRO, DIM (25MM X 3/4)",2.ET.MR.32 - DEMAIS VEÍCULOS FERROVIÁRIOS E RODOFERROVIÁRIO (COMPONENTES E ACESSÓRIOS),23.0,4.58333333333333,4.166666667,110.0,47.000000004,13.16000000112,0,,0.0,20,0,0.0,Normal
6,091757,1.02.04.04.00034-3,B:5294150/C:479155,8040.0,"ADESIVO DE SILICONE NEUTRO DE ALTA TEMPERATURA, PARA VEDACAO DE MOTORES, TEMPERATURA MAXIMA DE TRABALHO ENTRE 240°C E 260°C, COM PICO DE TEMPERATURA ENTRE 315°C E 320°C, COR VERMELHA, ACONDICIONADO EM BISNAGA DE 50G",2.ET.DM.99 - OUTROS MATERIAIS,90.0,0.0,10.75,0.0,39.0,444.71266671,0,,0.0,0,0,0.0,Normal
7,019966,1.02.04.03.00038-4,B:5286786/C:478750,8040.0,"ADESIVO, TRAVA QUIMICA, A BASE DE ESTER DIMETACRILATO, MONOCOMPONENTE, COR VERMELHA, CURA ANAEROBICA, ALTA RESISTENCIA, BAIXA VISCOSIDADE, RESISTENCIA A VIBRACOES, APRESENTADO EM FRASCO DE 50G,",2.ET.DM.99 - OUTROS MATERIAIS,3.0,0.166666666666667,0.416666667,40.0,2.000000004,488.000000976,0,,0.0,0,0,0.0,Normal
8,090183,1.02.03.01.00013-5,B:5642396,8040.0,"AGENTE DE ATIVACAO, BASE QUIMICA DE PROMOTORES DE ADESAO EM BASE SOLVENTE, COR TRANSPARENTE, DENSIDADE 0,7KG/L, PONTO DE FULGOR -4°C, TEMPO DE SECAGEM MINIMA 10 MINUTOS E MAXIMA 2 HORAS, ACONDICIONADO EM FRASCO DE 1L",2.ET.DM.09 - MATERIAIS DE LIMPEZA,14.0,0.5,1.666666667,30.0,6.000000004,1669.14000111276,0,,0.0,0,0,0.0,Normal
9,000251,1.02.03.00.00001-8,B:2957868/C:299605,7930.0,"AGUA SANITARIA, SOLUCAO HIPOCLORITO DE SODIO COM TEOR DE CLORO ATIVO DE 2 A 2,5% P/P, EMBALAGEM 1 L",2.ET.DM.09 - MATERIAIS DE LIMPEZA,50.0,3.58333333333333,12.583333333,28.0,100.999999996,169.67999999328,0,Sim,0.0,0,0,0.0,Normal
10,039907,1.03.09.07.00205-0,4777948,9052.0,"AGULHA COMPLETA, ORIENTACAO RETA DIREITA, PERFIL DO TRILHO TR-57, COMP AGULHA 5029 MM, TRILHO DE ENCOSTO DOBRADO DIREITO, COMP TRILHO DE ENCOSTO 12000 MM, DETALHE DA PONTA 5100, DUREZA MIN 180 HB, DUREZA MAX 280 HB, PONTA ACO MN REMOVIVEL,",2.ET.VP.09 - PONTA DE AGULHA,1.0,0.0,1.0,0.0,11.0,151822.0,0,,0.0,0,0,0.0,Normal
11,039528,1.03.09.07.00102-2,2689626,9052.0,"AGULHA COMPLETA, ORIENTACAO RETA DIREITA, PERFIL DO TRILHO TR-57, COMP AGULHA 5029 MM, TRILHO DE ENCOSTO RETO DIREITO, COMP TRILHO DE ENCOSTO 12000 MM, DETALHE DA PONTA 5100, DUREZA MIN 180 HB, DUREZA MAX 280 HB, PONTA ACO MN REMOVIVEL,",2.ET.VP.09 - PONTA DE AGULHA,0.0,0.0,1.083333333,0.0,12.999999996,179425.999944792,0,,0.0,0,0,0.0,Normal
12,039905,1.03.09.07.00027-8,4777999,9052.0,"AGULHA COMPLETA, ORIENTACAO RETA DIREITA, PERFIL DO TRILHO TR-57, COMP AGULHA 6705 MM, TRILHO DE ENCOSTO DOBRADO DIREITO, COMP TRILHO DE ENCOSTO 12000 MM, DETALHE DA PONTA 5100, DUREZA MIN 180 HB, DUREZA MAX 280 HB, PONTA ACO MN REMOVIVEL,",2.ET.VP.09 - PONTA DE AGULHA,1.0,0.0,1.083333333,0.0,11.999999996,180401.999939866,0,,0.0,0,0,0.0,Normal
13,039908,1.03.09.07.00206-7,4777956,9052.0,"AGULHA COMPLETA, ORIENTACAO RETA ESQUERDA, PERFIL DO TRILHO TR-57, COMP AGULHA 5029 MM, TRILHO DE ENCOSTO DOBRADO ESQUERDO, COMP TRILHO DE ENCOSTO 12000 MM, DETALHE DA PONTA 5100, DUREZA MIN 180 HB, DUREZA MAX 280 HB, PONTA ACO MN REMOVIVEL,",2.ET.VP.08 - JACARÉ,1.0,0.0,0.916666667,0.0,10.000000004,138020.000055208,0,,0.0,0,0,0.0,Normal
14,000257,1.03.09.07.00006-3,4777930,9052.0,"AGULHA COMPLETA, ORIENTACAO RETA ESQUERDA, PERFIL DO TRILHO TR-57, COMP AGULHA 5029 MM, TRILHO DE ENCOSTO RETO ESQUERDO, COMP TRILHO DE ENCOSTO 12000 MM, DETALHE DA PONTA 5100, DUREZA MIN 180 HB, DUREZA MAX 280 HB, PONTA ACO MN REMOVIVEL,",2.ET.VP.09 - PONTA DE AGULHA,0.0,0.166666666666667,1.0,17.0,12.0,165624.0,0,,0.0,0,0,0.0,Normal
15,039527,1.03.09.07.00089-6,4777964,9052.0,"AGULHA COMPLETA, ORIENTACAO RETA ESQUERDA, PERFIL DO TRILHO TR-57, COMP AGULHA 6705 MM, TRILHO DE ENCOSTO RETO ESQUERDO, COMP TRILHO DE ENCOSTO 12000 MM, DETALHE DA PONTA 5100, DUREZA MIN 180 HB, DUREZA MAX 280 HB, PONTA ACO MN REMOVIVEL,",2.ET.VP.09 - PONTA DE AGULHA,2.0,0.0,1.333333333,0.0,13.999999996,210468.999939866,0,,0.0,0,0,0.0,Normal
16,068762,1.03.09.07.00362-2,5346878,9052.0,"AGULHA COMPLETA, PERFIL DO TRILHO TR-68, RETA DIREITA, COMPRIMENTO 9144,0MM, TRILHO DE ENCOSTO DOBRADO DIREITO, COMPRIMENTO 12M, ELEVACAO GRADUADA, PONTA REMOVIVEL DE ACO MANGANES, DETALHE DA PONTA 5100, COM PUNHO PADRONIZADO CONFORME AM3571-4 E COM",2.ET.VP.08 - JACARÉ,0.0,0.166666666666667,0.166666667,100.0,2.000000004,56810.00011362,0,,0.0,0,0,0.0,Normal
17,071192,1.03.09.07.00436-9,5346851,9052.0,"AGULHA COMPLETA, PERFIL DO TRILHO TR-68, RETA ESQUERDA, COMPRIMENTO 9144,0MM, TRILHO DE ENCOSTO DOBRADO ESQUERDO, COMPRIMENTO 12M, ELEVACAO GRADUADA, PONTA REMOVIVEL DE ACO MANGANES, DETALHE DA PONTA 5100, COM PUNHO PADRONIZADO CONFORME AM3571-4 E COM",2.ET.VP.08 - JACARÉ,2.0,0.0,0.166666667,0.0,4e-09,0.00011362,0,,0.0,0,0,0.0,Normal
18,068760,1.03.09.07.00361-5,2703440,9052.0,"AGULHA DE ORIENTACAO RETA DIREITA, PERFIL DO TRILHO TR-68, COMPRIMENTO  DA AGULHA 9144MM, TRILHO   DE ENCOSTO RETO A DIREITA, COMPRIMENTO DO TRILHO DE ENCOSTO 12000MM, DETALHE DA PONTA 5100MM, DUREZA MIN 180HB E MAX 280HB, PONTA POSTIC A EM ACO MANGANES",2.ET.VP.08 - JACARÉ,2.0,0.0,0.166666667,0.0,4e-09,3.81438e-05,0,,0.0,0,0,0.0,Normal
19,068761,1.03.09.07.00400-4,2712458,9052.0,"AGULHA, ORIENTAÇÃO RETA ESQUERDA, PERFIL DO TRILHO TR-68, COMPRIMENTO  DA AGULHA 9144MM, TRILHO  
DE ENCOSTO RETO A ESQUERDA, COMPRIMENTO TRILHO DE ENCOSTO 12000 MM, DETALHE DA PONTA 5100MM, DUREZA MIN 180HB E MAX 280HB, PONTA POSTICA EM AÇO MANGANES",2.ET.VP.08 - JACARÉ,2.0,0.0,0.166666667,0.0,4e-09,3.814388e-05,0,,0.0,0,0,0.0,Normal
20,035354,1.03.09.07.00204-3,B:3902250/C:287742,9053.0,"ALAVANCA DE FREIO, APLICACAO MAQUINA DE CHAVE, MARCA GRS, MOD 5C/5G",2.ET.VP.08 - JACARÉ,0.0,1.25,2.5,50.0,0.0,0.0,30,,0.0,0,0,0.0,Normal
21,035354,1.03.09.07.00204-3,B:3902250/C:287742,9053.0,"ALAVANCA DE FREIO, APLICACAO MAQUINA DE CHAVE, MARCA GRS, MOD 5C/5G",2.ET.ST.99 - OUTROS MATERIAIS UTILIZADOS NA SINALIZAÇÃO,0.0,1.25,2.5,50.0,0.0,0.0,30,,0.0,0,0,0.0,Normal
22,090116,1.02.03.01.00004-9,B:5367867/C:407762,3695.0,"ALCOOL ISOPROPILICO, CATEGORIA PA, LIQUIDO INCOLOR, C/ TEOR MIN 99,5%, DENSIDADE 0,780-0,795 G/ML, FAIXA DE EBULICAO 81-83 GR CELSIUS, ACIDEZ MAX. 0,002%, TEOR MAX DE AGUA 0,2%, ACONDICIONADO EM EMBALAGEM REFORCADA E APROPRIADA",2.ET.DM.09 - MATERIAIS DE LIMPEZA,30.0,5.25,28.333333333,19.0,22.999999996,690.492092929914,300,,0.0,13,300,0.0,Normal
23,000356,1.05.03.02.00008-2,5563550,7505.0,"ALMOFADA P/ CARIMBO, S/ TINTA, NR 3",2.ET.DM.01 - MATERIAIS DE PAPELARIA E ESCRITÓRIO,33.0,0.333333333333333,7.416666667,4.0,56.000000004,168.000000012,0,,0.0,0,0,0.0,Normal
24,076872,1.04.02.01.01075-5,0,9051.0,"AMORTECEDOR 25, 4/16X130,2 (STANDARD), PARA DISJUNTOR DE ALTA VELOCIDADE 3KVCC, SECHERON, MODELO UR40-64S",2.ET.DM.99 - OUTROS MATERIAIS,2.0,0.0,0.666666667,0.0,6.000000004,21816.060014544,0,,0.0,0,0,0.0,Normal
25,079276,1.03.01.05.00379-1,B:5946107/C:325517,9051.0,"ANEL DE AMARRACAO, APLICACAO REDE COMPACTA 34,5KV, UTILIZADO PARA FIXACAO DE CABOS NO ISOLADOR DE PINO POLIMERICO, MATERIAL SILICONE, COR CINZA, COM PROTECAO ANTI UV, RESISTENTE AO TRILHAMENTO ELETRICO E AO ESCORREGAMENTO, COMP TOTAL 245MM, COMP INTERNO",2.ET.RA.99 - OUTROS MATERIAIS UTILIZADOS NA REDE AÉREA,88.0,57.0,58.333333334,98.0,612.000000008,22386.9600002926,0,,0.0,0,0,0.0,Normal
26,076873,1.04.02.01.01076-8,0,9051.0,"ANEL DE RETENCAO 6, PARA DISJUNTOR DE ALTA VELOCIDADE 3KVCC, SECHERON, MODELO UR40-64S",2.ET.DM.99 - OUTROS MATERIAIS,5.0,0.0,1.666666667,0.0,15.000000004,257.55000006868,0,,0.0,0,0,0.0,Normal
27,076875,1.04.02.01.01077-1,0,9051.0,"ANILHA ELASTICA S5-ST FOSFATADA PRETA, PARA DISJUNTOR DE ALTA VELOCIDADE 3KVCC, SECHERON, MODELO UR40-64S",2.ET.DM.99 - OUTROS MATERIAIS,5.0,0.0,1.666666667,0.0,15.000000004,27.0000000072,0,,0.0,0,0,0.0,Normal
28,076881,1.04.02.01.01080-9,0,9051.0,"ANILHA FECHO DENTADO DD5.1/17.9 - ST - BN783, PARA DISJUNTOR DE ALTA VELOCIDADE 3KVCC, SECHERON, MODELO UR40-64S",2.ET.DM.99 - OUTROS MATERIAIS,5.0,0.0,1.666666667,0.0,15.000000004,47.85000001276,0,,0.0,0,0,0.0,Normal
29,076880,1.04.02.01.01079-7,0,9051.0,"ANILHA PLANA 5.1/20 X 1,5 - ACO COM BAIXO ZINCO BN732, PARA DISJUNTOR DE ALTA VELOCIDADE 3KVCC, SECHERON, MODELO UR40-64S",2.ET.DM.99 - OUTROS MATERIAIS,5.0,0.0,1.666666667,0.0,15.000000004,30.7500000082,0,,0.0,0,0,0.0,Normal
30,088016,1.02.02.03.00018-5,6260225,9024.0,"ANTI RESPINGO, EM SPRAY, SEM SILICONE, COMPOSTO DE SOLVENTE CLORADO, PROTETIVO E GAS PROPELENTE, ACONDICIONADO EM LATA DE 400ML","2.ET.DM.19 - MATERIAIS PARA CONSTRUÇÃO CIVIL ( CIMENTO, AREIA, MADEIRAS, CHAPAS METÁLICAS, ETC...)",5.0,2.91666666666667,4.25,69.0,46.0,1104.0,0,,0.0,0,0,0.0,Normal
31,000916,1.04.07.00.00006-3,B:6284841/C:452324,5801.0,"APARELHO TELEFONICO ANALOGICO, NAS CORES GRAFITE, PRETO, BRANCO OU PEROLA, PARA MESA OU PAREDE, DISCAGEM MULTIFREQUENCIAL (TOM) OU DECADICO (PULSO), COM TECLAS FLASH, PAUSE, REDIAL E MUTE, CAMPAINHA ELETRONICA DE VOLUME AJUSTAVEL, CONECTORES PADRAO RJ 11,",2.ET.DM.99 - OUTROS MATERIAIS,259.0,17.9166666666667,53.666666667,33.0,385.000000004,14718.5500001529,0,Sim,0.0,0,0,0.0,Normal
32,000916,1.04.07.00.00006-3,B:6284841/C:452324,5801.0,"APARELHO TELEFONICO ANALOGICO, NAS CORES GRAFITE, PRETO, BRANCO OU PEROLA, PARA MESA OU PAREDE, DISCAGEM MULTIFREQUENCIAL (TOM) OU DECADICO (PULSO), COM TECLAS FLASH, PAUSE, REDIAL E MUTE, CAMPAINHA ELETRONICA DE VOLUME AJUSTAVEL, CONECTORES PADRAO RJ 11,",4.EQ.OM.02 - EQUIPAMENTOS DIVERSOS,259.0,17.9166666666667,53.666666667,33.0,385.000000004,14718.5500001529,0,Sim,0.0,0,0,0.0,Normal
33,001076,1.03.02.02.00090-4,B:5436400/C:616605,9052.0,"ARRUELA DE PRESSAO E TRAVAMENTO ESPECIFICA, MATERIAL ACO ABNT 9260, TIPO FE-7, DIAM NOM 1.1/16 POL",2.ET.VP.99 - OUTROS MATERIAIS DE VIA,0.0,25.8333333333333,31.666666667,82.0,150.000000004,11130.0000002968,230,Sim,0.0,0,230,0.0,Normal
34,001071,1.03.02.02.00085-0,B:5442303/C:420728,5310.0,"ARRUELA DE PRESSAO, MEDIA, EM ACO CARBONO,ACABAMENTO ZINCADO/ BICROMATIZADO, DIAMETRO NOMINAL 1/4"", DIAMETRO INTERNO 6,5MM, DIAMETRO EXTERNO 12MM, ESPESSURA 1,6MM, CONFORME NORMA ASA B-27.1, ACONDICIONADA EM EMBALAGEM COM 100 UNIDADES",2.ET.DM.99 - OUTROS MATERIAIS,0.0,58.3333333333333,50.0,117.0,600.0,30.0,0,,0.0,0,0,0.0,Normal
35,068212,1.03.02.02.00772-3,B:4594991/C:485983,5310.0,"ARRUELA DE PRESSAO, M10, MATERIAL  AÇO INOX 304, DIAMETRO INTERNO 10,2 MM, DIAMETRO EXTERNO 18,1 MM,  ESP.  2,05 MM",2.ET.DM.99 - OUTROS MATERIAIS,0.0,12.5,295.999999999,4.0,3551.999999988,488.39999999835,0,Sim,0.0,0,0,0.0,Normal
36,027473,1.03.02.02.00548-0,B:6026133/C:472051,5310.0,"ARRUELA LISA, EM ACO CARBONO, ACABAMENTO ZINCADO / BICROMATIZADO, DIAMETRO NOMINAL M14, CONFORME NORMA DIN 125-A",2.ET.DM.99 - OUTROS MATERIAIS,0.0,0.0,2.5,0.0,30.0,0.6,0,,0.0,0,0,0.0,Normal
37,001214,1.03.02.02.00187-1,B:5447496/C:292071,5310.0,"ARRUELA LISA, EM ACO CARBONO, ACABAMENTO ZINCADO, DIAMETRO NOMINAL M10, DIAMETRO INTERNO 10,5MM, DIAMETRO EXTERNO 19,5MM, ESPESSURA 1,8MM, CONFORME NORMA DIN 125-A, ACONDICIONADA EM EMBALAGEM COM 100 UNIDADES",2.ET.DM.99 - OUTROS MATERIAIS,352.0,33.3333333333333,33.333333332,100.0,47.999999984,4.7999999984,0,,0.0,0,0,0.0,Normal
38,066575,1.03.04.01.00027-5,3965228,4550.0,"BACIA SANITARIA, TIPO CAIXA ACOPLADA, MATERIAL LOUCA, MEDIDAS 655 X 385 X 380 MM, COR BRANCA, FORMATO OVAL, FUNCIONAMENTO SIFONAGEM INTERNA, SAIDA DE ESGOTO VERTICAL, DIMENSOES DA CAIXA 155 X 385 X 360 MM,CONFORME NORMA NBR 16727-1,",2.ET.DM.99 - OUTROS MATERIAIS,8.0,0.416666666666667,1.166666667,36.0,6.000000004,1395.8985009306,0,Sim,0.0,0,0,0.0,Normal
39,085819,1.03.00.01.00122-4,0,9052.0,"BANDEJA DO PATIM, UTILIZADA NA SOLDA ALUMINOTERMICA FOLGA LARGA (WIDE GAP), PROCESSO SKV, TRILHO PERFIL TR-50/57/68 E UIC-60",2.ET.VP.99 - OUTROS MATERIAIS DE VIA,8.0,0.0,0.666666668,0.0,1.6e-08,1.377786e-05,0,,0.0,0,0,0.0,Normal
40,001362,1.03.01.02.00002-8,5295580,7505.0,"BARBANTE, TECIDO 100% ALGODAO CRU, 6 FIOS, ACONDICIONAMENTO ROLO 350M",2.ET.RA.99 - OUTROS MATERIAIS UTILIZADOS NA REDE AÉREA,8.0,0.25,1.666666665,15.0,11.99999998,143.99999976,0,Sim,0.0,0,0,0.0,Normal
41,084777,1.01.00.00.00236-9,B:5616875/C:264786,9510.0,"BARRA CHATA, DE ACO CARBONO, ESPESSURA 3/4"" (19,05MM), LARGURA 5"" (127MM), PESO TEORICO 114KG/BARRA, PARA SER UTILIZADA NA CONFECCAO DE TALA DE EMERGENCIA TR-68 E TR-57, COMPRIMENTO DE 6 METROS, ATENDE A NORMA ASTM A-36",2.ET.DM.99 - OUTROS MATERIAIS,3.0,0.166666666666667,0.333333334,50.0,1.000000008,1380.00001104,0,Não,0.0,0,0,0.0,Normal
42,001523,1.01.00.01.00007-3,5854750,9530.0,"BARRA REDONDA, LATAO SAE CA360, DIAM 25,4MM (1""), COMP 3M, PESO LINEAR 4,305KG/M (PESO TEORICO POR BARRA 12,915KG)","2.ET.DM.19 - MATERIAIS PARA CONSTRUÇÃO CIVIL ( CIMENTO, AREIA, MADEIRAS, CHAPAS METÁLICAS, ETC...)",51.68,4.30666666666667,4.333333333,99.0,0.319999996,28.8383897323201,0,,0.0,0,0,0.0,Normal
43,089889,1.03.00.05.00238-6,B:5462010/C:618239,5325.0,"BARRA ROSCADA, M8, MATERIAL ACO CARBONO, ACABAMNETO BICROMATIZADO/ZINCADO, COMPRIMENTO 3M. DEVERA ESTAR CONFORME A DIN 975","2.ET.DM.19 - MATERIAIS PARA CONSTRUÇÃO CIVIL ( CIMENTO, AREIA, MADEIRAS, CHAPAS METÁLICAS, ETC...)",5.0,1.66666666666667,3.749999999,44.0,9.999999988,279.999999664,30,,0.0,0,0,0.0,Normal
44,088874,1.04.05.04.00190-0,B:5790239/C:482036,6135.0,"BATERIA BOTAO; LR44; 1,5 V; ALCALINA; DIAMETRO: 11,6 MM; ESPESSURA: 5,4 MM; CONFORME RESOLUÇÃO CONAMA 401/2008",2.ET.DM.04 - MATERIAIS ELÉTRICOS E ELETRÔNICOS,200.0,8.33333333333333,16.666666667,50.0,4e-09,1.4e-09,0,,0.0,0,0,0.0,Normal
45,001697,1.04.05.04.00021-6,B:6492665/C:259707,6135.0,"BATERIA PORTATIL NAO RECARREGAVEL; COMUM, MODELO 4R25; 6V; RESOLUCAO CONAMA 257/99; CONFORME NORMAS VIGENTES;",2.ET.DM.04 - MATERIAIS ELÉTRICOS E ELETRÔNICOS,92.0,4.08333333333333,10.166666665,40.0,29.99999998,899.9999994,0,,0.0,0,0,0.0,Normal
46,089582,1.06.02.05.00022-2,B:6216242/C:428057,3590.0,"BICO GRAXEIRO CENTRAL BALANÇA TRASEIRA, PARA EMPILHADEIRA HANGCHA CPQD25-XRW22F, REF. Q701B45-NPT1/8-G00",2.ET.DM.21 - PEÇAS DE REPOSIÇÃO PARA MÁQUINA E EQUIPAMENTOS,2.0,0.0,0.166666667,0.0,4e-09,1.04e-08,0,,2.0,0,0,0.0,Normal
47,089583,1.06.02.05.00023-5,B:6216242/C:428057,3590.0,"BICO GRAXEIRO CURVO BALANÇA TRASEIRA, PARA EMPILHADEIRA HANGCHA CPQD25-XRW22F, REF. Q701B45-NPT1/16-G00",2.ET.DM.21 - PEÇAS DE REPOSIÇÃO PARA MÁQUINA E EQUIPAMENTOS,2.0,0.0,0.166666667,0.0,4e-09,7.508e-08,0,,2.0,0,0,0.0,Normal
48,089585,1.06.02.05.00025-1,B:6216242/C:428057,3590.0,"BICO GRAXEIRO DA TORRE, PARA EMPILHADEIRA HANGCHA CPQD25-XRW22F, REF. 300170040002",2.ET.DM.21 - PEÇAS DE REPOSIÇÃO PARA MÁQUINA E EQUIPAMENTOS,2.0,0.0,0.166666667,0.0,4e-09,1.056e-08,0,,2.0,0,0,0.0,Normal
49,089584,1.06.02.05.00024-8,B:6216242/C:428057,3590.0,"BICO GRAXEIRO DO DESLOCADOR LATERAL, PARA EMPILHADEIRA HANGCHA CPQD25-XRW22F, REF. 300170040003",2.ET.DM.21 - PEÇAS DE REPOSIÇÃO PARA MÁQUINA E EQUIPAMENTOS,2.0,0.0,0.166666667,0.0,4e-09,4.76e-09,0,,2.0,0,0,0.0,Normal
50,040228,1.01.03.00.00018-9,B:5855802/C:478212,5620.0,"BLOCO DE CONCRETO ESTRUTURAL, 14 X 19 X 39 CM, FCK 4,5 MPA","2.ET.DM.19 - MATERIAIS PARA CONSTRUÇÃO CIVIL ( CIMENTO, AREIA, MADEIRAS, CHAPAS METÁLICAS, ETC...)",30.0,0.0,8.333333333,0.0,69.999999996,349.99999998,0,Sim,0.0,0,0,0.0,Normal
51,079924,1.04.04.00.00247-6,B:4566130/C:429682,5936.0,"BLOCO DE CONTATO ESPECIFICO, 1NA, APLICACAO BOTAO DE COMANDO MOD MAX BUTTON, MARCA STECK, TENSAO 220V, TENSAO NOMINAL ISOLACAO 660V, TENSAO NOMINAL SUPORTABILIDADE A CHOQUE 4KV, CORRENTE TERMICA 10A, CATEGORIA EMPREGO 4,5A (AC15) / 0,3A (DC13),",2.ET.ST.99 - OUTROS MATERIAIS UTILIZADOS NA SINALIZAÇÃO,66.0,4.58333333333333,7.083333334,65.0,19.000000008,170.0500000716,0,,0.0,0,0,0.0,Normal
52,079924,1.04.04.00.00247-6,B:4566130/C:429682,5936.0,"BLOCO DE CONTATO ESPECIFICO, 1NA, APLICACAO BOTAO DE COMANDO MOD MAX BUTTON, MARCA STECK, TENSAO 220V, TENSAO NOMINAL ISOLACAO 660V, TENSAO NOMINAL SUPORTABILIDADE A CHOQUE 4KV, CORRENTE TERMICA 10A, CATEGORIA EMPREGO 4,5A (AC15) / 0,3A (DC13),",2.ET.DM.04 - MATERIAIS ELÉTRICOS E ELETRÔNICOS,66.0,4.58333333333333,7.083333334,65.0,19.000000008,170.0500000716,0,,0.0,0,0,0.0,Normal
53,089682,1.06.04.05.00187-6,B:5785227/C:615576,3990.0,"BÓIA DO CARBURADOR, PARA EMPILHADEIRA HANGCHA CPQD25-XRW22F, REF. 16061-55K00",2.ET.DM.21 - PEÇAS DE REPOSIÇÃO PARA MÁQUINA E EQUIPAMENTOS,2.0,0.0,0.166666667,0.0,4e-09,1.058e-06,0,,2.0,0,0,0.0,Normal
54,080959,1.06.04.04.00114-7,5640130,6190.0,"BOMBA ALIMENTADORA DE COMBUSTIVEL, PECA DE REPOSICAO PARA GRUPOS MOTO-GERADORES, MOTOR A DIESEL, MARCA PERKINS, MODELOS 6357/6358",2.ET.DM.21 - PEÇAS DE REPOSIÇÃO PARA MÁQUINA E EQUIPAMENTOS,3.0,0.166666666666667,0.333333333,50.0,0.999999996,359.99999856,0,,0.0,0,0,0.0,Normal
55,001990,1.05.03.02.00011-2,2852438,7505.0,"BORRACHA PLASTICA BRANCA, C/ CINTA PROTETORA, P/ LAPIS GRAFITE, MEDIDAS APROXIMADAS 42 X 21 X 11 MM",2.ET.DM.01 - MATERIAIS DE PAPELARIA E ESCRITÓRIO,86.0,9.08333333333333,79.333333335,11.0,866.00000002,541.2500000125,0,,0.0,0,0,0.0,Normal
56,071479,1.04.04.00.00151-0,B:5669340/C:615397,5936.0,"BOTAO DE RETENCAO, VERMELHO, TIPO SOCO, GIRAR PARA DESTRAVAR, DIAM 40MM, DIAMETRO DA FIXACAO 22MM, COM 1 CONTATO NF + 1 CONTATO NA, GRAU DE PROTECAO IP 40, CONFORME IEC 60947-5-1",2.ET.ST.99 - OUTROS MATERIAIS UTILIZADOS NA SINALIZAÇÃO,0.0,0.0,3.916666667,0.0,32.000000004,896.000000112,15,,0.0,0,0,0.0,Normal
57,079610,1.06.03.06.00276-9,B:5447291/C:625390,9053.0,"BROCA DE NUCLEO VAZADO (FRESA), DIAM 30MM, ENGATE WELDON 19MM, ACO RAPIDO, LONGA, PROF FURACAO MIN 50MM, DUREZA 64 A 65HRC, REVESTIMENTO EM TITANIO (TIN),  PARA FURACAO DE TRILHO, CAPACIDADE MIN 40 FUROS EM TRILHOS UIC60 E TR-57 AREMA,",2.ET.VP.99 - OUTROS MATERIAIS DE VIA,0.0,0.0,0.833333333,0.0,9.999999996,11249.9999955,0,,0.0,0,0,0.0,Normal
58,079610,1.06.03.06.00276-9,B:5447291/C:625390,9053.0,"BROCA DE NUCLEO VAZADO (FRESA), DIAM 30MM, ENGATE WELDON 19MM, ACO RAPIDO, LONGA, PROF FURACAO MIN 50MM, DUREZA 64 A 65HRC, REVESTIMENTO EM TITANIO (TIN),  PARA FURACAO DE TRILHO, CAPACIDADE MIN 40 FUROS EM TRILHOS UIC60 E TR-57 AREMA,",2.ET.DM.06 - FERRAMENTAS,0.0,0.0,0.833333333,0.0,9.999999996,11249.9999955,0,,0.0,0,0,0.0,Normal
59,091334,1.06.03.06.00321-8,5447267,9053.0,"BROCA DE NUCLEO VAZADO (FRESA), DIAMETRO 19MM, ENGATE WELDON 19MM, PARA FURACAO DE TRILHO, ACO RAPIDO, CURTA, PROFUNDIDADE FURACAO MINIMA 25MM,  PARA FURACAO DE TRILHO TIPO IH , CAPACIDADE MINIMA 40 FUROS EM TRILHOS UIC60 E TR-57 AREMA, RESISTENCIA A",2.ET.DM.06 - FERRAMENTAS,22.0,0.0,1.916666667,0.0,1.000000004,592.000002368,0,Sim,0.0,0,0,0.0,Normal
60,090913,1.06.03.06.00318-8,B:6090478/C:623328,9053.0,"BROCA DE NUCLEO VAZADO (FRESA), DIAMETRO 30MM, ENGATE RAPIDO 1/4 DE VOLTA (BAIONETA), ACO RAPIDO, REAFIAVEL, REVESTIMENTO EM TITANIO, PROF DE FURACAO MIN 25MM, CAPACIDADE MIN 20 FUROS EM TRILHOS UIC60 E TR-57 AREMA, COMPATIVEL COM",2.ET.DM.99 - OUTROS MATERIAIS,0.0,0.0,0.5,0.0,6.0,0.0,0,,0.0,0,0,0.0,Normal
61,090913,1.06.03.06.00318-8,B:6090478/C:623328,9053.0,"BROCA DE NUCLEO VAZADO (FRESA), DIAMETRO 30MM, ENGATE RAPIDO 1/4 DE VOLTA (BAIONETA), ACO RAPIDO, REAFIAVEL, REVESTIMENTO EM TITANIO, PROF DE FURACAO MIN 25MM, CAPACIDADE MIN 20 FUROS EM TRILHOS UIC60 E TR-57 AREMA, COMPATIVEL COM",2.ET.DM.06 - FERRAMENTAS,0.0,0.0,0.5,0.0,6.0,0.0,0,,0.0,0,0,0.0,Normal
62,002248,1.06.03.06.00072-8,631353,5120.0,"BROCA HELICOIDAL, HASTE CILINDRICA, ACO RAPIDO, DIAM 1,2MM (3/64), TIPO N, CONFORME NORMA DIN 338",2.ET.DM.06 - FERRAMENTAS,0.0,2.33333333333333,3.000000001,78.0,36.000000012,43.2000000144,0,,0.0,0,0,0.0,Normal
63,002252,1.06.03.06.00075-9,843288,5120.0,"BROCA HELICOIDAL, HASTE CILINDRICA, ACO RAPIDO, DIAM 4,5MM, TIPO N",2.ET.DM.06 - FERRAMENTAS,53.0,6.66666666666667,5.500000002,121.0,13.000000024,52.000000096,0,,0.0,0,0,0.0,Normal
64,002243,1.06.03.06.00069-8,B:6487211/C:482579,5120.0,"BROCA HELICOIDAL, HASTE CILINDRICA, MATERIAL ACO RAPIDO, DIAM 3,0MM, TIPO N, CORTE A DIREITA, COMPRIMENTO TOTAL ENTRE 59 E 61MM, APLICACAO EM METAL, NORMA DIN 338",2.ET.DM.06 - FERRAMENTAS,186.0,5.0,24.083333332,21.0,102.999999984,205.999999968,0,,0.0,0,0,0.0,Normal
65,002245,1.06.03.06.00070-4,5443180,5120.0,"BROCA HELICOIDAL, MATERIAL ACO RAPIDO, HASTE CILINDRICA, TIPO N, DIAMETRO 3/32"", APLICACAO EM METAL, CONFORME NORMA ANSI B 94 11 M",2.ET.DM.06 - FERRAMENTAS,35.0,3.66666666666667,4.0,92.0,13.0,17.55,0,,0.0,0,0,0.0,Normal
66,002271,1.06.03.06.00085-8,5443172,5120.0,"BROCA HELICOIDAL, MATERIAL ACO RAPIDO, HASTE CILINDRICA, TIPO N, DIAMETRO 7/64"", APLICACAO EM METAL, CONFORME NORMA ANSI B 94 11 M",2.ET.DM.06 - FERRAMENTAS,67.0,4.16666666666667,18.333333334,23.0,153.000000008,206.5500000108,0,,0.0,0,0,0.0,Normal
67,079647,1.03.02.04.00029-7,2435977,5325.0,"BUCHA C/ PARAFUSO; DE ACO CARBONO, ZINCADO, CABECA SEXTAVADA E ROSCA SOBERBA; COM DIAMETRO DE 1/4""; MEDINDO 50 MM DE COMPRIMENTO; COM BUCHA DE POLIAMIDA; NUMERO S10",2.ET.DM.99 - OUTROS MATERIAIS,400.0,16.6666666666667,91.666666667,18.0,700.000000004,278.600000001592,0,Sim,0.0,0,0,0.0,Normal
68,089697,1.03.05.01.00290-3,B:6492606/C:626919,4090.0,"CABO DE CORTE DA TRANSMISSÃO, PARA EMPILHADEIRA HANGCHA CPQD25-XRW22F, REF. XRF310-514000-000",2.ET.DM.21 - PEÇAS DE REPOSIÇÃO PARA MÁQUINA E EQUIPAMENTOS,2.0,0.0,0.166666667,0.0,4e-09,1.02188e-06,0,,2.0,0,0,0.0,Normal
69,087157,1.04.00.01.00307-8,B:6395228/C:322800,6145.0,"CABO ELETRICO CONTROLE, MATERIAL DO CONDUTOR COBRE, NUMERO DE CONDUTORES 52, SECAO NOMINAL 1,5MM2, ENCORDOAMENTO FLEXIVEL (CLASSE 4 OU 5), TENSAO DE ISOLAMENTO 1KV, MATERIAL DA ISOLACAO XLPE, VEIAS IDENTIFICADAS POR NUMERACAO GRAVADA DE FORMA INDELEVEL,",2.ET.RA.99 - OUTROS MATERIAIS UTILIZADOS NA REDE AÉREA,3500.0,0.0,583.333333334,0.0,3500.000000008,392000.000000896,0,,0.0,0,0,0.0,Normal
70,088327,1.04.00.01.00309-4,B:6391494/C:318459,6145.0,"CABO ELETRICO CONTROLE, MATERIAL DO CONDUTOR COBRE, NUMERO DE CONDUTORES 6, SECAO NOMINAL 2,5MM2, ENCORDOAMENTO FLEXIVEL (CLASSE 4 OU 5), TENSAO DE ISOLAMENTO 1KV, MATERIAL DA ISOLACAO XLPE, VEIAS IDENTIFICADAS POR NUMERACAO GRAVADA DE FORMA INDELEVEL,",2.ET.DM.04 - MATERIAIS ELÉTRICOS E ELETRÔNICOS,500.0,0.0,41.666666667,0.0,4e-09,6.6e-08,0,,0.0,0,0,0.0,Normal
71,040191,1.03.00.01.00018-3,0,9052.0,"CADINHO DESCARTAVEL ESPECIFICO, APLICACAO SOLDA ALUMINOTERMICA",2.ET.DM.99 - OUTROS MATERIAIS,105.0,0.0,43.5,0.0,417.0,82978.83,0,,0.0,0,0,0.0,Normal
72,070997,1.05.03.02.00529-3,B:1049895/C:611956,7505.0,"CAIXA DE ARQUIVO MORTO , POLIPROPILENO CORRUGADO, (360 X 250 X 135 ) MM, AZUL",2.ET.DM.01 - MATERIAIS DE PAPELARIA E ESCRITÓRIO,1399.0,2.91666666666667,218.249999999,1.0,1219.999999988,3659.999999964,0,Sim,0.0,0,0,0.0,Normal
73,002904,1.05.03.02.00013-6,4709136,7505.0,"CAIXA DE ARQUIVO MORTO, EM PAPELAO KRAFT ONDULADO, DUPLEX (PAREDE SIMPLES), DESMONTAVEL, MEDINDO MINIMO (365X140X255)MM (CXAXL), GRAMATURA 435G/M2, NA COR PARDA, COM IMPRESSAO PADRAO, CONTENDO AS TRAVAS NAS LATERAIS PARA MONTAGEM",2.ET.DM.01 - MATERIAIS DE PAPELARIA E ESCRITÓRIO,74.0,1.25,54.166666668,2.0,576.000000016,1324.8000000368,0,,0.0,0,0,0.0,Normal
74,071416,1.05.03.02.00534-7,B:1049887/C:611956,7505.0,"CAIXA DE ARQUIVO MORTO, EM POLIPROPILENO CORRUGADO, COM DIMENSOES DE 360 X 250 X 135 MM, NA.COR AMARELA, EMBALAGEM PACOTE DE 25 UNIDADES",2.ET.DM.01 - MATERIAIS DE PAPELARIA E ESCRITÓRIO,389.0,0.833333333333333,34.833333333,2.0,28.999999996,81.77999998872,0,,0.0,0,0,0.0,Normal
75,071415,1.05.03.02.00533-4,B:620009/C:611956,7505.0,"CAIXA DE ARQUIVO MORTO, EM POLIPROPILENO CORRUGADO, COM DIMENSOES DE 360 X 250 X 135 MM, TOLERANCIA +/-10MM, NA COR VERDE",2.ET.DM.01 - MATERIAIS DE PAPELARIA E ESCRITÓRIO,870.0,0.833333333333333,73.416666666,1.0,10.999999992,41.7999999696,0,,0.0,0,0,0.0,Normal
76,070998,1.05.03.02.00530-5,B:2637499/C:611956,7505.0,"CAIXA DE ARQUIVO MORTO, VERMELHA, POLIPROPILENO CORRUGADO, (350 X 245 X 130 )MM",2.ET.DM.01 - MATERIAIS DE PAPELARIA E ESCRITÓRIO,458.0,26.75,123.999999998,22.0,1029.999999976,2667.69999993784,0,Sim,0.0,0,0,0.0,Normal
77,083901,1.04.01.02.00496-9,B:5516765 /C:606930,5890.0,"CAIXA DE EMENDA CIRCULAR DE FIBRAS OPTICAS EM REDES AEREAS E SUBTERRANEAS, COM TERMOCONTRATIL, ACOMODACAO DE 24 FIBRAS, COM 01 BANDEJA, 24 FIBRAS POR BANDEJA, COM 01 ENTRADA OVAL E 04 ENTRADAS CILINDRICAS, CAIXA EM POLIRPOPILENO ANTI UV",2.ET.ST.99 - OUTROS MATERIAIS UTILIZADOS NA SINALIZAÇÃO,23.0,0.0,2.0,0.0,1.0,198.0,0,,0.0,0,0,0.0,Normal
78,033343,1.03.05.05.00124-4,B:2736187/C:481818,9050.0,"CALCO DE MADEIRA, APLICACAO ESTACIONAMENTO DE TUES, LOCOMOTIVAS E CARROS DE SERVICOS",2.ET.MR.32 - DEMAIS VEÍCULOS FERROVIÁRIOS E RODOFERROVIÁRIO (COMPONENTES E ACESSÓRIOS),532.0,29.3333333333333,58.583333334,50.0,171.000000008,11884.500000556,0,Sim,0.0,0,0,0.0,Normal
79,076883,1.04.02.01.01082-5,0,9051.0,"CAMARA DE SOPRO 64 TD/S, PARA DISJUNTOR DE ALTA VELOCIDADE 3KVCC, SECHERON, MODELO UR40-64S",2.ET.DM.99 - OUTROS MATERIAIS,9.0,0.0,1.25,0.0,6.0,387592.32,0,,0.0,0,0,0.0,Normal
80,074020,1.04.01.01.00039-9,5014328,6270.0,"CANALETA EM PVC AUTO EXTINGUIVEL NO FORMATO RETANGULAR, DIMENSOES 50 X 20MM, COMPRIMENTO 2,10M, COR BRANCA, COM TRES DIVISORIAS, SECOES UTEIS 200/2200/200MM2, COM TAMPA REMOVIVEL EM TODA A EXTENSAO DA CANALETA",2.ET.DM.99 - OUTROS MATERIAIS,54.0,4.99166666666667,7.408333334,67.0,34.900000008,581.666666811633,0,,0.0,0,0,0.0,Normal
81,003198,1.05.03.02.00015-0,B:3426491/C:318729,7505.0,"CANETA ESFEROGRAFICA, COR AZUL, CORPO UNICO EM PLASTICO TRANSPARENTE RESISTENTE, SEXTAVADO, C/ PONTA EM LATAO C/ ESFERA DE TUNGSTENIO, ESPESSURA MEDIA DE 1MM, CARGA E TAMPA CONECTADAS AO CORPO POR ENCAIXE",2.ET.DM.01 - MATERIAIS DE PAPELARIA E ESCRITÓRIO,2516.0,114.416666666667,634.833333335,18.0,5102.00000002,2346.9200000092,0,,0.0,0,0,0.0,Normal
82,003201,1.05.03.02.00016-7,B:3432173/C:289210,7505.0,"CANETA ESFEROGRAFICA, COR PRETA, CORPO UNICO EM PLASTICO TRANSPARENTE RESISTENTE, SEXTAVADO, C/ PONTA EM LATAO C/ ESFERA DE TUNGSTENIO, ESPESSURA MEDIA 1MM, RENDIMENTO MINIMO DE ESCRITA DE 1700 METROS,",2.ET.DM.01 - MATERIAIS DE PAPELARIA E ESCRITÓRIO,1665.0,54.5833333333333,348.416666669,16.0,2516.000000028,1192.08080001327,0,,0.0,0,0,0.0,Normal
83,003208,1.05.03.02.00017-4,3432181,7505.0,"CANETA ESFEROGRAFICA, COR VERMELHA, CORPO UNICO EM PLASTICO TRANSPARENTE RESISTENTE, SEXTAVADO, C/ PONTA DE TUNGSTENIO, CARGA E TAMPA CONECTADAS AO CORPO POR ENCAIXE",2.ET.DM.01 - MATERIAIS DE PAPELARIA E ESCRITÓRIO,921.0,21.0833333333333,202.25,10.0,1506.0,560.232,0,,0.0,0,0,0.0,Normal
84,003213,1.05.03.02.00019-8,B:1038419/C:617018,7505.0,"CANETA HIDROGRAFICA, COR PRETA, PONTA FINA, PONTA POROSA, CORPO PLASTICO RIGIDO OPACO, BIQUEIRA METAL",2.ET.DM.01 - MATERIAIS DE PAPELARIA E ESCRITÓRIO,187.0,3.08333333333333,67.166666667,5.0,619.000000004,3231.18000002088,0,,0.0,0,0,0.0,Normal
85,078168,1.05.03.02.00564-4,5352274,7505.0,"CANETA HIDROGRAFICA NA COR VERMELHA, PONTA POROSA DE POLIESTER MEDIA (2.0MM) CORPO DE POLIPROPILENO (PP) OPACO, DESCARTAVEL, FORMA CILINDRICA, TAMPA  COM CLIP FLEXIVEL, COM ENCAIXE DE PRESSAO",2.ET.DM.01 - MATERIAIS DE PAPELARIA E ESCRITÓRIO,64.0,0.833333333333333,17.75,5.0,149.0,237.158333383,0,,0.0,0,0,0.0,Normal
86,003226,1.05.03.02.00023-5,B:1038281/C:486374,7505.0,"CANETA MARCA TEXTO,  PLASTICO, COR AMARELA, PONTA FACETADA, P/ TRACOS 3 A 5 MM, FLUORESCENTE, APLICAVEL SOBRE TINTA ESFEROGRAFICA, HIDROGRAFICA, LAPIS, TEXTOS DATILOGRAFADOS E IMPRESSOS",2.ET.DM.01 - MATERIAIS DE PAPELARIA E ESCRITÓRIO,436.0,25.5,203.333333332,13.0,2003.999999984,1001.999999992,0,,0.0,0,0,0.0,Normal
87,003286,1.01.00.00.00090-8,2561859,9510.0,"CANTONEIRA, ABAS IGUAIS, ACO ASTM A-36, ESP 1/8POL, ABAS 1 1/4POL, COMP 6M, EQUIVALENCIA 1,50KG/M (PESO TEORICO POR CANTONEIRA 9KG)","2.ET.DM.19 - MATERIAIS PARA CONSTRUÇÃO CIVIL ( CIMENTO, AREIA, MADEIRAS, CHAPAS METÁLICAS, ETC...)",360.0,15.0,30.0,50.0,0.0,0.0,0,Sim,0.0,0,0,0.0,Normal
88,003293,1.01.00.00.00095-3,2374447,9510.0,"CANTONEIRA, ABAS IGUAIS, ACO SAE 1020, OXIDADO, LAMINADO A QUENTE, ESP 1/4, 1 X 1, COMPRIMENTO 6M, EQUIVALENCIA 2,28KG/M (PESO TEORICO POR CANTONEIRA 13,68KG)","2.ET.DM.19 - MATERIAIS PARA CONSTRUÇÃO CIVIL ( CIMENTO, AREIA, MADEIRAS, CHAPAS METÁLICAS, ETC...)",136.8,15.96,15.96,100.0,54.72,384.0000000192,0,Sim,0.0,0,0,0.0,Normal
89,003288,1.01.00.00.00092-2,B:5511780/C:382420,9510.0,"CANTONEIRA, ABAS IGUAIS, AÇO 1020, OXIDADO, LAMINADO A QUENTE, ESP 1/8 POL, 2 POL X 2POL, COMP 6M, EQUIVALENCIA 2,46 KG/M, PESO TEORICO 14,76 KG","2.ET.DM.19 - MATERIAIS PARA CONSTRUÇÃO CIVIL ( CIMENTO, AREIA, MADEIRAS, CHAPAS METÁLICAS, ETC...)",118.08,12.3,12.3,100.0,29.52,265.99999998816,0,,0.0,0,0,0.0,Normal
90,068565,1.04.01.00.00137-4,5949556,6270.0,"CANTONEIRA PERFURADA, APLICACAO PERFILADO 38X38MM, ACO SAE 1010, GALVANIZADO A FOGO, CHAPA M.S.G. 14(ESPESSURA: 1,9MM), COMPRIMENTO TOTAL: 3000MM, FUROS 10X13MM, ESPACADOS A 38MM",2.ET.DM.99 - OUTROS MATERIAIS,112.0,8.33333333333333,9.666666666,86.0,3.999999992,259.99999948,0,,0.0,0,0,0.0,Normal
91,076884,1.04.02.01.01083-8,0,9051.0,"CANTONEIRA 40X30X20 COM CABECA EMBUTIDA ASM, PARA DISJUNTOR DE ALTA VELOCIDADE 3KVCC, SECHERON, MODELO UR40-64S",2.ET.DM.99 - OUTROS MATERIAIS,6.0,0.0,0.833333333,0.0,3.999999996,1696.11999830388,0,,0.0,0,0,0.0,Normal
92,078360,1.05.03.02.00567-3,3129381,7515.0,"CAPA PARA ENCADERNACAO, JOGO EM POLIPROPILENO RUGOSO DE UM LADO E LISO DO OUTRO, GRAMATURA DA CAPA 0,30 MICRAS COR CRISTAL, GRAMATURA DA CONTRACAPA 0,30 MICRAS COR AZUL, SEM DORSO (INDIVIDUAIS), PARA FECHAMENTO COM ESPIRAL, FORMATO A4 (210 X 297MM),",2.ET.DM.01 - MATERIAIS DE PAPELARIA E ESCRITÓRIO,556.0,8.33333333333333,166.666666663,5.0,1443.999999956,563.15999998284,0,,0.0,0,0,0.0,Normal
93,003542,1.04.06.01.00071-9,4363280,5910.0,"CAPACITOR, ELETROLITICO DE ALUMÍNIO REVESTIDO COM CHUMBO, TIPO AXIAL, PARA USO GERAL, CAPACITANCIA NOMINAL 1000 MICROFARAD, COM TOLERANCIA DE 20%, TENSAO NOMINAL 63 VCC, TEMPERATURA DE OPERACAO -40 A +85 GRAU CELSIUS, CATEGORIA CLIMATICA 40/085/56",2.ET.DM.04 - MATERIAIS ELÉTRICOS E ELETRÔNICOS,1.0,0.0,0.25,0.0,2.0,22.0,0,,0.0,0,0,0.0,Normal
94,087741,1.05.04.04.00289-9,B:6218156/C:455278,8695.0,"CARTUCHO DE TINTA, COR AMARELA, TINTA UV, ORIGINAL 500ML, APLICACAO IMPRESSORA, MARCA ROLAND, SERIES LEC2-330 E LEC2-640, VALIDADE DE 12 MESES",2.ET.DM.02 - SUPRIMENTO DE INFORMÁTICA,15.0,0.75,2.0,38.0,9.0,11646.0,0,,24.0,0,0,0.0,Normal
95,087744,1.05.04.04.00291-4,B:6218172/C:401679,8695.0,"CARTUCHO DE TINTA, COR BRANCA, TINTA UV, ORIGINAL 220ML, APLICACAO IMPRESSORA, MARCA ROLAND, SERIES LEC2-330 E LEC2-640, VALIDADE DE 12 MESES",2.ET.DM.02 - SUPRIMENTO DE INFORMÁTICA,24.0,1.0,3.0,33.0,12.0,9120.0,0,,36.0,0,0,0.0,Normal
96,078846,1.05.04.04.00251-8,5911974,8695.0,"CARTUCHO DE TINTA, COR CIANO, TINTA ECO SOLVENTE, CARTUCHO NOVO, NAO RECARREGAVEL, APLICACAO IMPRESSORA PLOTTER, MARCA ROLAND, MODELO SOLJET PRO 4 XR-640, CONTENDO 440ML, ORIGINAL DO FABRICANTE DO EQUIPAMENTO OU COMPATIVEL, COMPONENTES 100% NOVOS,",2.ET.DM.02 - SUPRIMENTO DE INFORMÁTICA,10.0,0.416666666666667,1.25,33.0,5.0,5928.55,0,,0.0,0,0,0.0,Normal
97,087739,1.05.04.04.00287-3,B:6218121/C:455280,8695.0,"CARTUCHO DE TINTA, COR CYAN, TINTA UV, ORIGINAL 500ML, APLICACAO IMPRESSORA, MARCA ROLAND, SERIES LEC2-330 E LEC2-640, VALIDADE DE 12 MESES",2.ET.DM.02 - SUPRIMENTO DE INFORMÁTICA,14.0,0.833333333333333,2.0,42.0,10.0,12940.0,0,,24.0,0,0,0.0,Normal
98,078845,1.05.04.04.00250-5,5912016,8695.0,"CARTUCHO DE TINTA, COR MAGENTA LIGHT, TINTA ECO SOLVENTE, CARTUCHO NOVO, NAO RECARREGAVEL, APLICACAO IMPRESSORA PLOTTER, MARCA ROLAND, MODELO SOLJET PRO 4 XR-640, CONTENDO 440ML, ORIGINAL DO FABRICANTE DO EQUIPAMENTO OU COMPATIVEL,",2.ET.DM.02 - SUPRIMENTO DE INFORMÁTICA,14.0,0.416666666666667,1.333333333,31.0,1.999999996,1340.499997319,0,,0.0,0,0,0.0,Normal
99,087740,1.05.04.04.00288-6,B:6218130/C:455279,8695.0,"CARTUCHO DE TINTA, COR MAGENTA, TINTA UV, ORIGINAL 500ML, APLICACAO IMPRESSORA, MARCA ROLAND, SERIES LEC2-330 E LEC2-640, VALIDADE DE 12 MESES",2.ET.DM.02 - SUPRIMENTO DE INFORMÁTICA,13.0,0.916666666666667,2.0,46.0,11.0,14234.0,0,,24.0,0,0,0.0,Normal
100,087743,1.05.04.04.00290-1,B:6218164/C:621152,8695.0,"CARTUCHO DE TINTA, COR PRETA, TINTA UV, ORIGINAL 500ML, APLICACAO IMPRESSORA, MARCA ROLAND, SERIES LEC2-330 E LEC2-640, VALIDADE DE 12 MESES",2.ET.DM.02 - SUPRIMENTO DE INFORMÁTICA,14.0,1.0,2.166666667,46.0,12.000000004,15528.000005176,0,,26.0,0,0,0.0,Normal
101,078843,1.05.04.04.00248-0,5911966,8695.0,"CARTUCHO DE TINTA, COR PRETO LIGHT, TINTA ECO SOLVENTE, CARTUCHO NOVO, NAO RECARREGAVEL, APLICACAO IMPRESSORA PLOTTER, MARCA ROLAND, MODELO SOLJET PRO 4 XR-640, CONTENDO 440ML, ORIGINAL DO FABRICANTE DO EQUIPAMENTO OU COMPATIVEL, COMPONENTES 100% NOVOS,",2.ET.DM.02 - SUPRIMENTO DE INFORMÁTICA,11.0,0.5,1.5,33.0,7.0,4691.75,0,,0.0,0,0,0.0,Normal
102,087748,1.05.04.04.00292-7,B:6218180/C:278048,8695.0,"CARTUCHO DE TINTA, COR VERNIZ, TINTA UV, ORIGINAL 500ML, APLICACAO IMPRESSORA, MARCA ROLAND, SERIES LEC2-330 E LEC2-640, VALIDADE DE 12 MESES",2.ET.DM.02 - SUPRIMENTO DE INFORMÁTICA,16.0,0.666666666666667,2.0,33.0,8.0,10352.0,0,,24.0,0,0,0.0,Normal
103,077098,1.05.04.04.00235-2,3691500,8695.0,"CARTUCHO DE TINTA; PARA IMPRESSORA HP; CN045AL, 53 ML; OFFICEJET 8100/8600/8600 PLUS; PRETA; ORIGINAL DO FABRICANTE DO EQUIPAMENTO, COMPONENTES 100% NOVOS; VALIDADE MINIMA 12 MESES A PARTIR DA DATA DA ENTREGA; EMBALAGEM COM IDENTIFICACAO DO FORNECEDOR",2.ET.DM.02 - SUPRIMENTO DE INFORMÁTICA,0.0,0.0,0.166666667,0.0,2.000000004,114.000000228,0,,0.0,0,0,0.0,Normal
104,091210,1.05.04.04.00300-0,B:3691519,8695.0,"CARTUCHO DE TINTA; PARA IMPRESSORA HP; CN046AL, 17 ML; OFFICEJET 8100/8600/8600 PLUS; CIANO; ORIGINAL DO FABRICANTE DO EQUIPAMENTO, COMPONENTES 100% NOVOS; VALIDADE MINIMA 12 MESES A PARTIR DA DATA DA ENTREGA; EMBALAGEM COM IDENTIFICACAO DO FORNECEDOR",2.ET.DM.02 - SUPRIMENTO DE INFORMÁTICA,2.0,0.0,0.166666667,0.0,4e-09,1.76e-07,0,,0.0,0,0,0.0,Normal
105,077097,1.05.04.04.00234-9,3691527,8695.0,"CARTUCHO DE TINTA; PARA IMPRESSORA HP; CN047AL, 17 ML; OFFICEJET 8100/8600/8600 PLUS; MAGENTA; ORIGINAL DO FABRICANTE DO EQUIPAMENTO, COMPONENTES 100% NOVOS; VALIDADE MINIMA 12 MESES A PARTIR DA DATA DA ENTREGA; EMBALAGEM COM IDENTIFICACAO DO FORNECEDOR",2.ET.DM.02 - SUPRIMENTO DE INFORMÁTICA,0.0,0.0,0.166666667,0.0,2.000000004,88.000000176,0,,0.0,0,0,0.0,Normal
106,091209,1.05.04.04.00299-9,B:3691535,8695.0,"CARTUCHO DE TINTA; PARA IMPRESSORA HP; CN048AL, 17 ML; OFFICEJET 8100/8600/8600 PLUS; AMARELO; ORIGINAL DO FABRICANTE DO EQUIPAMENTO, COMPONENTES 100% NOVOS; VALIDADE MINIMA 12 MESES A PARTIR DA DATA DA ENTREGA; EMBALAGEM COM IDENTIFICACAO DO FORNECEDOR",2.ET.DM.02 - SUPRIMENTO DE INFORMÁTICA,2.0,0.0,0.166666667,0.0,4e-09,1.8e-07,0,,0.0,0,0,0.0,Normal
107,077040,1.05.04.04.00230-7,4024745,8695.0,"CARTUCHO DE TINTA; PARA IMPRESSORA HP; CN053AL, 22,5ML; OFFICEJET PRINT 7110; PRETA; ORIGINAL DO FABRICANTE DO EQUIPAMENTO, COMPONENTES 100% NOVOS; VALIDADE MINIMA 12 MESES A PARTIR DA DATA DA ENTREGA; EMBALAGEM COM IDENTIFICACAO DO FORNECEDOR",2.ET.DM.02 - SUPRIMENTO DE INFORMÁTICA,0.0,0.0,1.666666667,0.0,20.000000004,1280.000000256,0,,0.0,0,0,0.0,Normal
108,077042,1.05.04.04.00232-3,4024583,8695.0,"CARTUCHO DE TINTA; PARA IMPRESSORA HP; CN054AL, 8,5ML; OFFICEJET PRINT 7110; CIANO; ORIGINAL DO FABRICANTE DO EQUIPAMENTO, COMPONENTES 100% NOVOS; VALIDADE MINIMA 12 MESES A PARTIR DA DATA DE ENTREGA; EMBALAGEM COM IDENTIFICACAO DO FORNECEDOR",2.ET.DM.02 - SUPRIMENTO DE INFORMÁTICA,0.0,0.0,1.666666667,0.0,20.000000004,762.20000015244,0,,0.0,0,0,0.0,Normal
109,077039,1.05.04.04.00229-5,4024664,8695.0,"CARTUCHO DE TINTA; PARA IMPRESSORA HP; CN055AL, 8,5ML; OFFICEJET PRINT 7110; MAGENTA; ORIGINAL DO FABRICANTE DO EQUIPAMENTO, COMPONENTES 100% NOVOS; VALIDADE MINIMA 12 MESES A PARTIR DA DATA DE ENTREGA; EMBALAGEM COM IDENTIFICACAO DO FORNECEDOR",2.ET.DM.02 - SUPRIMENTO DE INFORMÁTICA,0.0,0.0,1.666666667,0.0,20.000000004,762.20000015244,0,,0.0,0,0,0.0,Normal
110,077041,1.05.04.04.00231-0,4024540,8695.0,"CARTUCHO DE TINTA; PARA IMPRESSORA HP; CN056AL, 8,5ML; OFFICEJET PRINT 7110; AMARELA; ORIGINAL DO FABRICANTE DO EQUIPAMENTO, COMPONENTES 100% NOVOS; VALIDADE MINIA DE 12 MESES APARTIR DA DATA DE ENTREGA; EMBALAGEM COM IDENTIFICACAO DO FORNECEDOR",2.ET.DM.02 - SUPRIMENTO DE INFORMÁTICA,0.0,0.0,1.666666667,0.0,20.000000004,762.20000015244,0,,0.0,0,0,0.0,Normal
111,003930,1.03.01.05.00032-6,B:6311180/C:611280,9051.0,"CAVILHA DE CABO MENSAGEIRO ESPECIFICA, APLICACAO CABO MENSAGEIRO DE 300 E 500 MCM",2.ET.RA.99 - OUTROS MATERIAIS UTILIZADOS NA REDE AÉREA,0.0,0.0,4.0,0.0,23.0,9890.0,0,Sim,25.0,0,0,25.0,Normal
112,082590,1.05.01.05.00088-2,5643686,6390.0,"CENTRAL DE DETECCAO E ALARME DE INCENDIO, TIPO ENDERECAVEL, PECA DE REPOSICAO PARA SISTEMA DE DETECCAO DE INCENDIO JB-QB-5EIX SKYFIRE, 3 A 10 LACOS, ALIMENTACAO SECUNDARIA 24VCC, POTENCIA 50W, PROTOCOLO DE COMUNICACAO RS485 E ETHERNET, RELES AUXILIARES DE",2.ET.DM.08 - EQUIPAMENTO DE PROTEÇÃO E SEGURANÇA,2.0,0.0,0.166666667,0.0,4e-09,0.0001052,0,,0.0,0,0,0.0,Normal
113,003999,1.01.00.00.00115-8,B:5591791/C:630102,9515.0,"CHAPA, ACO INOX AISI 304, ESP 2,37 A 2,6MM, LARG 1000MM, COMP 2000MM, DEVENDO SER ENTREGUE COM ACABAMENTO NATURAL","2.ET.DM.19 - MATERIAIS PARA CONSTRUÇÃO CIVIL ( CIMENTO, AREIA, MADEIRAS, CHAPAS METÁLICAS, ETC...)",0.0,0.0,200.0,0.0,0.0,0.0,0,Sim,2400.0,0,0,2400.0,Normal
114,003998,1.01.00.00.00114-1,B:5591791/C:630102,9515.0,"CHAPA, ACO INOX AISI 304, ESP 3 A 3,5MM, LARG 1000MM, COMP 2000MM, DEVENDO SER ENTREGUE COM ACABAMENTO NATURAL","2.ET.DM.19 - MATERIAIS PARA CONSTRUÇÃO CIVIL ( CIMENTO, AREIA, MADEIRAS, CHAPAS METÁLICAS, ETC...)",0.0,32.5333333333333,101.666666667,32.0,390.400000004,12323.1199999471,0,Sim,829.6,0,0,829.6,Normal
115,004010,1.01.00.02.00035-3,B:6508618/C:603294,9535.0,"CHAPA, ALUMINIO, ESP 3 A 3,18MM, LARG 1,0M +/- 2MM, COMP 2,0M +/- 5MM, TEMPERA H14,  LIGA AA ABNT 1100","2.ET.DM.19 - MATERIAIS PARA CONSTRUÇÃO CIVIL ( CIMENTO, AREIA, MADEIRAS, CHAPAS METÁLICAS, ETC...)",0.0,81.675,59.4,138.0,712.8,30120.0000000768,0,Sim,0.0,0,0,0.0,Normal
116,090686,1.04.03.00.00149-9,B:6473660/C:213732,5930.0,"CHAVE COMANDO DE GRUPO PARA ILUMINACAO, PROTECAO POR DISJUNTOR TERMOMAGNETICO COM ALCA DE ACIONAMENTO EXTERNA, TENSAO 220V, 60 HZ, BIPOLAR, CORPO EM ALUMINIO REPUXADO, SUPORTE DE FIXACAO EM ACO GALVANIZADO C/ FUROS, SUPORTE DE MONTAGEM COM GIRO 360 GRAUS,",2.ET.DM.99 - OUTROS MATERIAIS,6.0,0.0,0.5,0.0,0.0,0.0,0,Sim,0.0,0,0,0.0,Normal
117,090664,1.04.02.04.00440-0,5637988,9051.0,"CHAVE FUSIVEL POLIMERICA DE DISTRIBUICAO BASE C, TENSAO NOMINAL 15KV, CORRENTE NOMINAL 300A, NBI 110KV, PORTA FUSIVEL 100A, CAPACIDADE DE INTERRUPCAO SIMETRICO 7,1KA E ASSIMETRICO 10KA, PESO 3,4KG,",2.ET.DM.99 - OUTROS MATERIAIS,6.0,0.0,4.25,0.0,45.0,17463.6,0,Sim,0.0,0,0,0.0,Normal
118,034908,1.03.02.04.00019-9,6023290,5325.0,"CHUMBADOR MECANICO, TIPO EXPANSAO POR TORQUE, MODELO CBA COM PARAFUSO, DIAM ROSCA 3/8POL, COMP PARAFUSO 2 1/2POL, DIAM FURO 9/16POL, COMPONENTES: PARAFUSO, ARRUELA LISA, JAQUETA E CONE, MATERIAL ACO, ACABAMENTO GALVANIZADO, APLICACAO MANUAL, CARGA DE",2.ET.DM.99 - OUTROS MATERIAIS,964.0,97.5,101.833333332,96.0,257.999999984,761.0999999528,0,Sim,0.0,0,0,0.0,Normal
119,069083,1.03.02.04.00023-8,5770106,5325.0,"CHUMBADOR, TIPO MECANICO, EXPANSAO POR TORQUE, DIAMETRO DA ROSCA 1/4"", COMPRIMENTO DO PARAFUSO 2"", DIAMETRO DO FURO 3/8"", MATERIAL ACO CARBONO, ACABAMENTO ZINCADO, ACOMPANHA PARAFUSO, ARRUELA LISA, JAQUETA E CONE",2.ET.DM.99 - OUTROS MATERIAIS,732.0,31.6666666666667,64.5,49.0,42.0,28.98,0,,0.0,0,0,0.0,Normal
120,039648,1.04.06.04.00526-5,B:6411437/C:634133,5962.0,"CIRCUITO INTEGRADO, CMOS 74HC273, ENCAPSULAMENTO PLASTICO",2.ET.DM.04 - MATERIAIS ELÉTRICOS E ELETRÔNICOS,0.0,1.25,0.416666667,300.0,5.000000004,12.15000000972,0,,0.0,0,0,0.0,Normal
121,066249,1.04.06.04.00539-1,6190375,5962.0,"CIRCUITO INTEGRADO, UC3843AN, ENCAPSULAMENTO DIP 8 PINOS",2.ET.DM.04 - MATERIAIS ELÉTRICOS E ELETRÔNICOS,13.0,0.833333333333333,1.25,67.0,2.0,3.54,0,,0.0,0,0,0.0,Normal
122,004627,1.05.03.02.00043-3,2164590,7505.0,"CLIPS P/ PAPEL, NR 6/0, ARAME DE ACO, ACABAMENTO NIQUELADO, TRATAMENTO ANTI-FERRUGEM, ACONDICIONAMENTO CAIXA C/ 50 UNIDADES",2.ET.DM.01 - MATERIAIS DE PAPELARIA E ESCRITÓRIO,1062.0,2.25,95.333333331,2.0,81.999999972,95.93999996724,0,,0.0,0,0,0.0,Normal
123,004626,1.05.03.02.00042-6,2164582,7505.0,"CLIPS P/ PAPEL, PARALELO, NR 3/0, ARAME DE ACO, ACABAMENTO NIQUELADO, ACONDICIONAMENTO CAIXA C/ 50 UNIDADES",2.ET.DM.01 - MATERIAIS DE PAPELARIA E ESCRITÓRIO,1122.0,6.58333333333333,126.999999998,5.0,401.999999976,345.71999997936,0,,0.0,0,0,0.0,Normal
124,090197,1.02.03.02.00004-6,B:4614704/C:452796,6531.0,"CLORETO DE SODIO; 0,9%; INJETAVEL; BOLSA/FRASCO SISTEMA FECHADO 100ML, FLEXIVEL TRANSPARENTE, C/ADAPTADOR UNIVERSAL, P/DILUICAO;ENDOVENOSO, ROTULO CONTENDO REGISTRO DO RESPONSAVEL TECNICO, Nº. DE LOTE, DATA DE FABRICACAO E VALIDADE E REGISTRO NA ANVISA",2.ET.DM.11 - FARMÁCIA,688.0,9.33333333333333,75.333333335,12.0,220.00000002,682.000000062,0,,0.0,4,0,0.0,Normal
125,071206,1.02.04.03.00060-4,2649713,7505.0,"COLA EM BASTAO. A BASE DE ETER DE POLIGLUCOSIDEO, ATOXICA, NA COR BRANCA, COM SELO E  CERTIFICACAO COMPULSORIA DO INMETRO NA EMBALAGEM, VALIDADE MIN 1 ANO, CONFORME NORMAS NBR 11786 E NBR 15236, ACONDICIONADA EM BASTAO DE 10G",2.ET.DM.01 - MATERIAIS DE PAPELARIA E ESCRITÓRIO,81.0,0.666666666666667,37.166666669,2.0,365.000000028,511.0000000392,0,,0.0,0,0,0.0,Normal
126,071206,1.02.04.03.00060-4,2649713,7505.0,"COLA EM BASTAO. A BASE DE ETER DE POLIGLUCOSIDEO, ATOXICA, NA COR BRANCA, COM SELO E  CERTIFICACAO COMPULSORIA DO INMETRO NA EMBALAGEM, VALIDADE MIN 1 ANO, CONFORME NORMAS NBR 11786 E NBR 15236, ACONDICIONADA EM BASTAO DE 10G",2.ET.DM.99 - OUTROS MATERIAIS,81.0,0.666666666666667,37.166666669,2.0,365.000000028,511.0000000392,0,,0.0,0,0,0.0,Normal
127,091654,1.03.09.07.00781-0,B:5544890/C:609883,9053.0,"COMBINADOR CENTRAL, MAQUINA DE CHAVE MD2000",2.ET.ST.99 - OUTROS MATERIAIS UTILIZADOS NA SINALIZAÇÃO,0.0,0.0,0.666666666,0.0,7.999999992,0.0,0,,0.0,0,0,0.0,Normal
128,091739,1.05.02.04.00021-9,B:1114980/C:622298,6526.0,"COMPRESSA DE GAZE HIDROFILA; EM ALGODAO PURO E BRANCO; SEM FALHAS OU FIAPOS SOLTOS; COM DENSIDADE 13 FIOS POR CM2,SEM FILAMENTO RADIOPACO; DOBRAS UNIFORMES E PERFEITAS VARIANDO DE 05 DOBRAS E 08 CAMADAS;MEDINDO 7,5 X 7,5 CM; COM FORMATO QUADRADO; ESTERIL;",2.ET.DM.11 - FARMÁCIA,2556.0,57.0833333333333,290.750000008,20.0,959.000000096,748.02000007488,0,,0.0,26,0,0.0,Normal
129,072440,1.04.04.00.00191-6,B:5669375/C:373779,5936.0,"COMUTADOR DE COMANDO, 3 POSICOES FIXAS EM ANGULO DE 60º, NAO ILUMINADO, ARO COR PRETA, MANOPLA CURTA COR PRETA, BLOCO DE CONTATO 2NA, GRAU DE PROTECAO FRONTAL IP65, PARA DIAMETRO DE FURACAO 22MM, CONFORME IEC 60947-5-1",2.ET.ST.99 - OUTROS MATERIAIS UTILIZADOS NA SINALIZAÇÃO,4.0,0.5,0.5,100.0,2.0,289.8,0,,0.0,0,0,0.0,Normal
130,086519,1.04.01.00.00235-4,B:5956609/C:267038,6270.0,"CONDULETE FIXO, TIPO C, BITOLA 3/4"", SAIDA SEM ROSCA, FIXACAO POR PARAFUSO DE APERTO, USO AO TEMPO, GRAU DE PROTECAO IP 54, ALTURA 41MM, LARGURA 51MM, COMPRIMENTO 93MM, MATERIAL LIGA DE ALUMINIO-SILICIO, COM JUNTA DE VEDACAO NA TAMPA E GAXETA DE VEDACAO",2.ET.DM.05 - MATERIAIS DE ILUMINAÇÃO,0.0,6.25,6.666666667,94.0,4e-09,3.84e-08,80,,0.0,0,0,0.0,Normal
131,086521,1.04.01.00.00237-0,B:5956641/C:614238,6270.0,"CONDULETE FIXO, TIPO T, BITOLA 3/4"", SAIDA SEM ROSCA, FIXACAO POR PARAFUSO DE APERTO, USO AO TEMPO, GRAU DE PROTECAO IP 54, ALTURA 41MM, LARGURA 51MM, COMPRIMENTO 93MM, MATERIAL LIGA DE ALUMINIO-SILICIO, COM JUNTA DE VEDACAO NA TAMPA E GAXETA DE VEDACAO",2.ET.DM.05 - MATERIAIS DE ILUMINAÇÃO,0.0,1.0,1.666666667,60.0,5.000000004,51.30000004104,15,,0.0,0,0,0.0,Normal
132,069672,1.04.01.00.00143-9,B:6449182/C:452535,6270.0,"CONDULETE MODULAR, TIPO X, BITOLA 3/4"", SAIDA SEM ROSCA, FIXACAO POR PARAFUSO DE APERTO, USO ABRIGADO, ALTURA 41MM, LARGURA 51MM, COMPRIMENTO 93MM, MATERIAL LIGA DE ALUMINIO-SILICIO, COM TAMPA CEGA, COM 2 TAMPOES E 4 CONECTORES, CONFORME NORMA NBR 15701",2.ET.DM.99 - OUTROS MATERIAIS,0.0,6.66666666666667,7.5,89.0,20.0,340.0,70,,0.0,0,0,0.0,Normal
133,069672,1.04.01.00.00143-9,B:6449182/C:452535,6270.0,"CONDULETE MODULAR, TIPO X, BITOLA 3/4"", SAIDA SEM ROSCA, FIXACAO POR PARAFUSO DE APERTO, USO ABRIGADO, ALTURA 41MM, LARGURA 51MM, COMPRIMENTO 93MM, MATERIAL LIGA DE ALUMINIO-SILICIO, COM TAMPA CEGA, COM 2 TAMPOES E 4 CONECTORES, CONFORME NORMA NBR 15701",2.ET.DM.05 - MATERIAIS DE ILUMINAÇÃO,0.0,6.66666666666667,7.5,89.0,20.0,340.0,70,,0.0,0,0,0.0,Normal
134,068132,1.04.01.02.00313-4,4997468,5935.0,"CONECTOR BORNE CORPO EM POLIAMIDA, TEMPERATURA DE TRABALHO MAX 100 GRAUS TIPO FIXACAO POR PARAFUSO COM 12 CONECTORES, 10 MM2, ATE 10 MM2, 30 A / 600 V, COMPRIMENTO 136.5 MM, LARGURA  25 MM, ALTURA  19.5 MM C/ FUROS PARA FIXACAO DE 3.3 MM. COR PRETA",2.ET.DM.99 - OUTROS MATERIAIS,17.0,1.33333333333333,2.416666666,55.0,11.999999992,339.5999997736,0,Sim,0.0,0,0,0.0,Normal
135,039787,1.05.04.03.00002-6,B:3683176/C:318595,8692.0,CONECTOR FÊMEA RJ45; CAT.5E  T568A/B; BRANCO; (1 TAMPA TRASEIRA E 1 TAMPA FRONTAL INCLUSAS),2.ET.DM.99 - OUTROS MATERIAIS,284.0,9.66666666666667,43.0,22.0,232.0,1603.12,0,,0.0,0,0,0.0,Normal
136,039787,1.05.04.03.00002-6,B:3683176/C:318595,8692.0,CONECTOR FÊMEA RJ45; CAT.5E  T568A/B; BRANCO; (1 TAMPA TRASEIRA E 1 TAMPA FRONTAL INCLUSAS),2.ET.DM.03 - PEÇAS E ACESSÓRIOS E COMPONENTES DE INFORMÁTICA,284.0,9.66666666666667,43.0,22.0,232.0,1603.12,0,,0.0,0,0,0.0,Normal
137,070880,1.04.06.07.00061-9,B:6462570/C:314641,5935.0,"CONECTOR PARA CIRCUITO IMPRESSO, TIPO KK 5045, MACHO, COM TRAVA, 180 GR, 2 VIAS, CORPO DE POLIAMIDA (INFLAMABILIDADE UL 94 V-0), TERMINAIS DE COBRE, ACABAMENTO ESTANHADO, DIAM TERMINAIS 0,635MM, DIST ENTRE TERMINAIS 2,5MM, CORRENTE MAX 3A, TENSAO MAX 250V",2.ET.DM.04 - MATERIAIS ELÉTRICOS E ELETRÔNICOS,0.0,0.0,0.833333333,0.0,9.999999996,54.4999999782,0,,0.0,0,0,0.0,Normal
138,070881,1.04.06.07.00062-2,B:6462588/C:314641,5935.0,"CONECTOR PARA CIRCUITO IMPRESSO, TIPO KK 5045, MACHO, COM TRAVA, 180 GR, 4 VIAS, CORPO DE POLIAMIDA (INFLAMABILIDADE UL 94 V-0), TERMINAIS DE COBRE, ACABAMENTO ESTANHADO, DIAM TERMINAIS 0,635MM, DIST ENTRE TERMINAIS 2,5MM, CORRENTE MAX 3A, TENSAO MAX 250V",2.ET.DM.04 - MATERIAIS ELÉTRICOS E ELETRÔNICOS,0.0,0.0,0.833333333,0.0,9.999999996,54.4999999782,0,,0.0,0,0,0.0,Normal
139,070882,1.04.06.07.00063-5,B:6462596/C:314641,5935.0,"CONECTOR PARA CIRCUITO IMPRESSO, TIPO KK 5045, MACHO, COM TRAVA, 180 GR, 5 VIAS, CORPO DE POLIAMIDA (INFLAMABILIDADE UL 94 V-0), TERMINAIS DE COBRE, ACABAMENTO ESTANHADO, DIAM TERMINAIS 0,635MM, DIST ENTRE TERMINAIS 2,5MM, CORRENTE MAX 3A, TENSAO MAX 250V",2.ET.DM.04 - MATERIAIS ELÉTRICOS E ELETRÔNICOS,0.0,0.0,0.833333333,0.0,9.999999996,54.4999999782,0,,0.0,0,0,0.0,Normal
140,070130,1.04.01.00.00156-8,B:6449492/C:479605,5935.0,"CONECTOR PARA LIGACAO, DE LIGA DE ALUMINIO EXTRUDADO, CONJ. COMPOSTO POR ARRUELAS DE ACO ZINCADO A FOGO, PORCAS E PARAFUSOS, PARA CONEXAO E DERIVACAO DE CABOS DA REDE AEREA DE ALUMINIO COM ALMA DE ACO, TIPO DO CONECTOR: GRAMPO PARALELO COM DOIS PARAFUSOS,",2.ET.DM.99 - OUTROS MATERIAIS,164.0,8.33333333333333,27.833333333,30.0,169.999999996,3858.9999999092,0,Sim,0.0,0,0,0.0,Normal
141,091704,1.04.01.00.00282-0,B:6449492/C:479605,5935.0,"CONECTOR TIPO GRAMPO PARALELO, PARA CONEXAO EM DERIVACAO PARALELA SIMPLES DE 2 CABOS DE ALUMINIO-ALUMINIO E ALUMINIO-COBRE COM SECAO ENTRE 50 E 240MM2, FABRICADO EM LIGA DE ALUMINIO EXTRUDADO, COM 3 PARAFUSOS, PORCAS E ARRUELAS EM ACO GALVANIZADO A FOGO,",2.ET.DM.99 - OUTROS MATERIAIS,35.0,0.0,3.0,0.0,1.0,60.32,0,,0.0,0,0,0.0,Normal
142,079260,1.04.01.02.00440-6,B:5653762/C:618472,5935.0,"CONECTOR, TIPO PARAFUSO FENDIDO (SPLIT BOLT); COM PARAFUSO RABICHO COM PORCA SEXTAVADA ROSCA 9 A 10,7MM; PARA 2 CONDUTORES BITOLA 70MM2; MATERIAL LIGA DE COBRE, LATAO OU BRONZE, NÃO ESTANHADO;",2.ET.DM.99 - OUTROS MATERIAIS,0.0,0.416666666666667,0.75,56.0,9.0,148.5,0,,0.0,0,0,0.0,Normal
143,074338,1.04.05.00.00082-2,B:3214346/C:618467,6270.0,"CONJUNTO - EQUIPAMENTO ELETRICO COM ESPELHO; TOMADA; EM TERMOPLASTICO; NO FORMATO QUADRADO; COM 2 POLOS + TERRA, PADRAO BRASILEIRO, 20A - 250V; NA COR BRANCA; COM ESPELHO EM TERMOPLASTICO; 
QUADRADO (70 X 70 MM), COMPATIVEL COM SISTEMA X;",2.ET.DM.04 - MATERIAIS ELÉTRICOS E ELETRÔNICOS,0.0,3.33333333333333,4.166666666,80.0,9.999999992,77.39999993808,40,,0.0,0,0,0.0,Normal
144,071231,1.06.00.04.00611-7,5124018,3290.0,"CONJUNTO DE PONTAS DE PROVA, APLICACAO MEGOMETRO, MODELO MI-5500E, MARCA MEGABRAS, COMPOSTO DE PONTA VERMELHA CABO DE ALTA TENSAO, PONTA PRETA PARA CABO DE RETORNO E PONTA VERDE PARA CABO DE GUARD, COMPRIMENTO DOS TRES CABOS 1,8M, GARRAS TIPO JACARE NA",2.ET.DM.06 - FERRAMENTAS,17.0,0.0,1.5,0.0,1.0,475.2,0,,0.0,0,0,0.0,Normal
145,076931,1.04.02.01.01126-0,0,9051.0,"CONJUNTO DO EMPURRADOR, PARA DISJUNTOR DE ALTA VELOCIDADE 3KVCC, SECHERON, MODELO UR40-64S",2.ET.DM.99 - OUTROS MATERIAIS,1.0,0.0,0.583333333,0.0,5.999999996,8200.85999453276,0,Sim,0.0,0,0,0.0,Normal
146,070544,1.03.04.01.00036-4,B:4975022/C:474195,4550.0,"CONJUNTO PARA INSTALACAO DE MICTORIO, MATERIAL LATAO, BORRACHA E NYLON, COMPOSTO POR FLEXIVEL, ARRUELAS, BUCHAS E PARAFUSOS PARA FIXACAO.",2.ET.DM.99 - OUTROS MATERIAIS,33.0,0.0,4.166666667,0.0,47.000000004,3878.44000033008,0,,0.0,30,0,0.0,Normal
147,076887,1.04.02.01.01086-7,0,9051.0,"CONJUNTO PLACA BL24, PARA DISJUNTOR DE ALTA VELOCIDADE DC, SECHERON, MODELO UR40-64S",2.ET.DM.99 - OUTROS MATERIAIS,6.0,0.0,0.916666667,0.0,5.000000004,3966.7500031734,0,,0.0,0,0,0.0,Normal
148,076888,1.04.02.01.01087-0,0,9051.0,"CONJUNTO S41202 / INTERRUPTOR AUXILIAR S800B, PARA DISJUNTOR DE ALTA VELOCIDADE 3KVCC, SECHERON, MODELO UR40-64S",2.ET.DM.99 - OUTROS MATERIAIS,2.0,0.0,0.750000001,0.0,7.000000012,547.26000093816,0,,0.0,0,0,0.0,Normal
149,076889,1.04.02.01.01088-3,0,9051.0,"CONTATO FIXO, PARA DISJUNTOR DE ALTA VELOCIDADE 3KVCC, SECHERON, MODELO UR40-64S",2.ET.DM.99 - OUTROS MATERIAIS,15.0,0.0,2.083333333,0.0,9.999999996,64173.8999743304,0,,0.0,0,0,0.0,Normal
150,076891,1.04.02.01.01090-8,0,9051.0,"CONTATO U 25 X 25 X 40 - EXTR, PARA DISJUNTOR DE ALTA VELOCIDADE 3KVCC, SECHERON, MODELO UR40-64S",2.ET.DM.99 - OUTROS MATERIAIS,15.0,0.0,2.5,0.0,15.0,4123.2,0,,0.0,0,0,0.0,Normal
151,072997,1.04.03.02.00175-5,B:3513467/C:614587,5930.0,"CONTATOR TRIPOLAR, CORRENTE NOMINAL DE SERVICO 50A (AC-3)/90A (AC-1), TENSAO DE ACIONAMENTO (BOBINA) 220 VCA/60HZ, TENSAO NOMINAL DE ISOLAMENTO 1000V, CONTATO AUXIALIAR 1NA+1NF, VIDA UTIL ELETRICA NA CORRENTE NOMINAL(AC-3) 1,5 MILHOES DE OPERACOES,",2.ET.DM.99 - OUTROS MATERIAIS,6.0,0.333333333333333,0.999999999,33.0,5.999999988,2873.999994252,0,,0.0,0,0,0.0,Normal
152,090841,1.04.07.06.00139-9,B:3947513,9053.0,"CONVERSOR DE MIDIA DE RS232 SERIAL PARA FIBRA OPTICA MONOMODO, TRANSMISSAO FULL/HALF-DUPLEX EM VELOCIDADE DE ATE 115KB/S, CONECTOR OPTICO SC SINGLE MODE, COMPRIMENTO DE ONDA 1310NM, ALCANCE ATE 20KM, POTENCIA  DE TRANSMISSAO MIN. - 15DBM, E MAX. -8DBM,",2.ET.DM.04 - MATERIAIS ELÉTRICOS E ELETRÔNICOS,0.0,0.0,0.166666667,0.0,2.000000004,0.0,0,,0.0,0,0,0.0,Normal
153,066100,1.05.04.03.00026-8,B:5471150/C:390885,8615.0,"CONVERSOR DE REDE LOCAL, PARA CONVERTER  FIBRA OPTICA 100 BASE-FX 1300 NM PARA CABO UTP 100 BASE -TX, COM LED'S DE DIALOGO, TIPO SC MULTIMODO, COM 1 PORTA SC/UPC (100M) E 1 PORTA RJ45 (100M), MANUAIS TECNICOS, FONTE DE",2.ET.DM.03 - PEÇAS E ACESSÓRIOS E COMPONENTES DE INFORMÁTICA,13.0,0.333333333333333,1.166666666,29.0,0.999999992,168.999998648,0,,0.0,0,0,0.0,Normal
154,066100,1.05.04.03.00026-8,B:5471150/C:390885,8615.0,"CONVERSOR DE REDE LOCAL, PARA CONVERTER  FIBRA OPTICA 100 BASE-FX 1300 NM PARA CABO UTP 100 BASE -TX, COM LED'S DE DIALOGO, TIPO SC MULTIMODO, COM 1 PORTA SC/UPC (100M) E 1 PORTA RJ45 (100M), MANUAIS TECNICOS, FONTE DE",2.ET.DM.99 - OUTROS MATERIAIS,13.0,0.333333333333333,1.166666666,29.0,0.999999992,168.999998648,0,,0.0,0,0,0.0,Normal
155,073666,1.05.00.02.00536-6,134821,7505.0,"CORDAO PERSONALIZADO CPTM, COR PRETA, COM A IMPRESSAO ""ESTAGIARIO""  NA COR AMARELA E LOGOTIPO NA COR BRANCA, COM MOSQUETAO, LARG 10MM, COMP 900MM",3.AD.SD.13 - SERVIÇOS GRÁFICOS (CONSIDERA BILHETES MAGNÉTICOS),500.0,0.0,125.0,0.0,1000.0,1600.0,0,,0.0,0,0,0.0,Normal
156,076893,1.04.02.01.01092-4,0,9051.0,"CORNO INTERIOR 10 X 10 X 565 DEV-ST37K, PARA DISJUNTOR DE ALTA VELOCIDADE 3KVCC, SECHERON, MODELO UR40-64S",2.ET.DM.99 - OUTROS MATERIAIS,7.0,0.0,1.083333334,0.0,6.000000008,4763.52000635136,0,,0.0,0,0,0.0,Normal
157,076892,1.04.02.01.01091-1,0,9051.0,"CORNO 10 X 10 X 310 DEV EXTREMIDADE-ST37K, PARA DISJUNTOR DE ALTA VELOCIDADE 3KVCC, SECHERON, MODELOR UR40-64S",2.ET.DM.99 - OUTROS MATERIAIS,7.0,0.0,1.083333334,0.0,6.000000008,3255.36000434048,0,,0.0,0,0,0.0,Normal
158,076894,1.04.02.01.01093-7,0,9051.0,"CORPO COM BOBINA 110/220 V TIPO E, PARA DISJUNTOR DE ALTA VELOCIDADE 3KVCC, SECHERON, MODELO UR40-64S",2.ET.DM.99 - OUTROS MATERIAIS,1.0,0.0,0.666666667,0.0,7.000000004,175532.490100304,0,,0.0,0,0,0.0,Normal
159,078667,1.03.05.01.00204-4,6330347,9056.0,"CORREIA AUTOMOTIVA, PARA MOTOR MARCA MERCEDES BENZ, MODELOS 1113/1313/1513/2013, EM V, PERFIL AV, COMP 1475MM, LARGURA 13MM, ALTURA 9,50MM, PECA DE REPOSICAO PARA DOS CAMINHOES DE LINHA PREFIXO CL-02 E CL-03",2.ET.MR.32 - DEMAIS VEÍCULOS FERROVIÁRIOS E RODOFERROVIÁRIO (COMPONENTES E ACESSÓRIOS),2.0,0.0,0.166666667,0.0,4e-09,7.196e-08,0,Sim,0.0,0,0,0.0,Normal
160,089622,1.03.05.01.00273-4,B:5578817/C:618897,3990.0,"CORREIA DO ALTERNADOR, PARA EMPILHADEIRA HANGCHA CPQD25-XRW22F, REF. 02117-06021",2.ET.DM.21 - PEÇAS DE REPOSIÇÃO PARA MÁQUINA E EQUIPAMENTOS,2.0,0.0,0.166666667,0.0,4e-09,2.3732e-07,0,,2.0,0,0,0.0,Normal
161,083401,1.03.05.01.00234-1,6266231,4190.0,"CORREIA, INDUSTRIAL EM V, PERFIL AXS 45, COMPRIMENTO DATUM 1176 MM, LARGURA 13 MM, ALTURA 8MM",2.ET.MR.32 - DEMAIS VEÍCULOS FERROVIÁRIOS E RODOFERROVIÁRIO (COMPONENTES E ACESSÓRIOS),3.0,0.0,0.25,0.0,0.0,0.0,0,Não,0.0,0,0,0.0,Normal
162,019499,1.03.05.01.00094-2,5999910,4190.0,"CORREIA INDUSTRIAL, EM V, PERFIL A38, COMP 1015MM",2.ET.MR.32 - DEMAIS VEÍCULOS FERROVIÁRIOS E RODOFERROVIÁRIO (COMPONENTES E ACESSÓRIOS),0.0,0.0,0.166666667,0.0,2.000000004,14.8000000296,0,,0.0,0,0,0.0,Normal
163,068610,1.03.05.01.00162-0,6264913,4190.0,"CORREIA INDUSTRIAL, EM V, PERFIL A44, COMP 1170MM",2.ET.MR.32 - DEMAIS VEÍCULOS FERROVIÁRIOS E RODOFERROVIÁRIO (COMPONENTES E ACESSÓRIOS),2.0,0.0,0.166666667,0.0,4e-09,3.56e-08,0,,0.0,0,0,0.0,Normal
164,080799,1.03.05.01.00216-9,6000894,4190.0,"CORREIA INDUSTRIAL, EM V, PERFIL A46, COMP 1220MM",2.ET.MR.32 - DEMAIS VEÍCULOS FERROVIÁRIOS E RODOFERROVIÁRIO (COMPONENTES E ACESSÓRIOS),2.0,0.0,0.166666667,0.0,4e-09,3.92e-08,0,,0.0,0,0,0.0,Normal
165,083755,1.05.03.02.00583-9,4796691,7505.0,"CORRETIVO DE PAPELARIA EM FITA PARA CORRECAO DE QUALQUER ESCRITA FORMATO ROLLER (FITA) MEDINDO MINIMO (4,2MM X 10M) DE ACORDO COM AS NORMAS NBR-11786 E NBR-15236",2.ET.DM.01 - MATERIAIS DE PAPELARIA E ESCRITÓRIO,60.0,1.0,21.249999998,5.0,194.999999976,1169.999999856,0,,0.0,0,0,0.0,Normal
166,090131,1.02.03.01.00010-6,B:6365892,7930.0,"DESENGRAXANTE, COR CLARA, PROPELENTE PROPANO/BUTANO, CONSISTENCIA XAROPE FINO, ACONDICIONADO EM LATA TIPO SPRAY DE 300ML",2.ET.DM.09 - MATERIAIS DE LIMPEZA,55.0,4.16666666666667,5.166666667,81.0,7.000000004,273.000000156,0,,0.0,0,0,0.0,Normal
167,091755,1.02.03.01.00024-4,B:4148746/C:459722,7930.0,"DESENGRAXANTE EM GEL, BIODEGRADAVEL, HIDRATANTE, ESFOLIANTE DE PEDRA POMES, FRAGANCIA CITRICA, PH 6,7 A 9; SOLUVEL EM AGUA; PARA LIMPEZA DAS MAOS, ACONDICIONADO EM FRASCO CONTENDO 500 GRAMAS;",2.ET.DM.09 - MATERIAIS DE LIMPEZA,240.0,2.5,21.749999999,11.0,20.999999988,300.2999998284,0,,0.0,0,0,0.0,Normal
168,090126,1.02.03.01.00008-1,B:6338933,7930.0,"DESENGRAXANTE LIQUIDO DE USO INDUSTRIAL PARA LIMPEZA MECANICA PESADA, BIODEGRADAVEL, PH 9,0 A 12,5, DENSIDADE DE 0,99 A 1,20G/CM3, COM AGENTES INIBIDOR DE CORROSAO E ANTI ESPUMA, TOTALMENTE SOLUVEL EM AGUA, NAO TOXICO, NAO CAUSTICO, NAO INFLAMAVEL, ISENTO",2.ET.DM.09 - MATERIAIS DE LIMPEZA,600.0,13.3333333333333,60.000000001,22.0,140.000000012,2275.000000195,0,,0.0,20,0,0.0,Normal
169,090507,1.06.03.00.00732-1,3003515,7920.0,"DESENTUPIDOR MANUAL PARA VASO SANITARIO, BOCAL DE BORRACHA, ESFERICO, MEDINDO APROXIMADAMENTE 15 CM, CABO DE MADEIRA, MEDINDO APROXIMADAMENTO 80 CM.",2.ET.DM.99 - OUTROS MATERIAIS,1.0,0.0,1.25,0.0,24.0,144.0,0,,0.0,10,0,0.0,Normal
170,080139,1.05.02.01.00042-9,B:5264375/C:446101,7920.0,"DESENTUPIDOR MANUAL, TIPO BOMBA, DESOBSTRUCAO POR SUCCAO, BOCAL/ VENTOSA DE BORRACHA, DIAMETRO DO BOCAL 175 A 185MM, CORPO DE PVC, DIAMETRO DO CORPO 70 A 80MM, ALTURA TOTAL 450 A 550MM",2.ET.DM.99 - OUTROS MATERIAIS,0.0,0.5,1.333333333,38.0,15.999999996,799.83999980004,0,,0.0,0,0,0.0,Normal
171,005777,1.02.03.00.00012-4,4229380,7930.0,"DESINFETANTE, BACTERICIDA, LIQUIDO VISCOSO TRANSLUCIDO, COR AMARELA PALHA, PRINCIPIO ATIVO TENSOATIVO ANIONICO, HIPOCLORITO DE SODIO, COMPOSICAO BASICA ALCALINIZANTES, COADJUVANTE, SEQUESTRANTE, FRAGRANCIA E VEICULO, COMPOSICAO AROMATICA FRAGRANCIA PINHO",2.ET.DM.09 - MATERIAIS DE LIMPEZA,85.0,3.5,10.166666668,34.0,37.000000016,54.02000002336,0,,0.0,0,0,0.0,Normal
172,072152,1.05.01.05.00055-6,B:5643554/C:622231,6350.0,"DETECTOR DE FUMACA, PARA SISTEMA DE ALARME DE INCENDIO XPLORER APOLLO FIRE, EM POLICARBONATO, COR BRANCA, COM BASE DE FIXACAO, TENSAO DE ALIMENTACAO 17 A 28VCC, PARA AMBIENTES INTERNOS SUJEITO A FOGO LENTO, CONFORME NORMA EN 54-7,",2.ET.DM.08 - EQUIPAMENTO DE PROTEÇÃO E SEGURANÇA,0.0,10.0833333333333,12.5,81.0,50.0,15250.0,100,,0.0,0,0,0.0,Normal
173,014325,1.02.03.00.00021-6,4107004,7930.0,"DETERGENTE EM PO, PRINCIPIO ATIVO ALQUIL BENZENO SULFONATO DE SODIO, SILICATO DE SODIO, CARBONATO DE SODIO, TEOR DE ATIVOS MINIMO DE 11,0%, PH MAXIMO 11,5, SOLUCAO 1% P/P, PIGMENTOS E OUTRAS SUBSTANCIAS PERMITIDAS, ACONDICINADO EM SACO PLASTICO COM 1KG",2.ET.DM.09 - MATERIAIS DE LIMPEZA,22.0,0.0,2.750000001,0.0,11.000000012,45.1000000492,0,,0.0,0,0,0.0,Normal
174,005781,1.02.03.00.00013-1,B:3116417/C:463157,7930.0,"DETERGENTE LÍQUIDO; PRINCÍPIO ATIVO: LINEAR ALQUILBENZENOSULFONATO DE SÓDIO; COMPOSICAO BASICA: SEQUESTRANTE, ESPESSANTE, FRAGRANCIAS; CONSERVANTES E CORANTES; VALOR DO PH ENTRE 6,5 E 7,5; COMPOSICAO AROMATICA NEUTRO; ACONDICIONADO EM FRASCO 500 ML;",2.ET.DM.09 - MATERIAIS DE LIMPEZA,2368.0,276.5,585.750000002,47.0,4685.000000024,7759.53125003975,0,Sim,0.0,24,0,0.0,Normal
175,083229,1.04.04.03.00106-1,B:5312221/C:475708,9050.0,"DISCO DE RUPTURA, PARA SISTEMA DE DETECCAO E EXTINCAO DE INCENDIO, UTILIZADO NOS TRENS SERIE 2500 E 9500",2.ET.MR.32 - DEMAIS VEÍCULOS FERROVIÁRIOS E RODOFERROVIÁRIO (COMPONENTES E ACESSÓRIOS),6.0,0.0,0.5,0.0,0.0,0.0,0,Não,0.0,0,0,0.0,Normal
176,080475,1.03.00.02.00216-1,B:4686489/C:446555,5190.0,"DISCO FLAP PARA LIXADEIRA DIAMETRO 115 MM PARA METAIS, GRANA 50, SUPORTE FIBRA DE VIDRO, FURO DE 22 MM (7/8 POL) , PARA LIXADEIRA ANGULAR VELOCIDADE DE 80M/S CONFORME NBR 16195.",2.ET.DM.99 - OUTROS MATERIAIS,111.0,44.5,49.25,90.0,480.0,2184.0,0,,0.0,0,0,0.0,Normal
177,076900,1.04.02.01.01098-2,0,9051.0,"DISPOSITIVO DE PROTECAO, PARA DISJUNTOR DE ALTA VELOCIDADE 3KVCC, SECHERON, MODELO UR40-64S",2.ET.DM.99 - OUTROS MATERIAIS,2.0,0.0,0.583333334,0.0,5.000000008,1574.0000025184,0,,0.0,0,0,0.0,Normal
178,076901,1.04.02.01.01099-5,0,9051.0,"DISPOSITIVO DE PROTECAO, PARA DISJUNTOR DE ALTA VELOCIDADE 3KVCC, SECHERON, MODELO UR40-64S",2.ET.DM.99 - OUTROS MATERIAIS,2.0,0.0,0.583333334,0.0,5.000000008,3969.5000063512,0,,0.0,0,0,0.0,Normal
179,081135,1.04.02.01.01139-8,0,9051.0,"DISSIPADOR PEQUENO, PARA DISJUNTOR DE ALTA VELOCIDADE 3KVCC, SECHERON, MODELO UR40-64S",2.ET.DM.20 - MATERIAIS ESPECÍFICOS PARA SUBESTAÇÃO NÃO DETALHADO ANTERIORMENTE,6.0,0.0,0.833333333,0.0,3.999999996,1899.03999810096,0,,0.0,0,0,0.0,Normal
180,081135,1.04.02.01.01139-8,0,9051.0,"DISSIPADOR PEQUENO, PARA DISJUNTOR DE ALTA VELOCIDADE 3KVCC, SECHERON, MODELO UR40-64S",2.ET.DM.99 - OUTROS MATERIAIS,6.0,0.0,0.833333333,0.0,3.999999996,1899.03999810096,0,,0.0,0,0,0.0,Normal
181,006222,1.03.09.08.00009-1,B:5261627/C:617173,9052.0,"DORMENTE COMUM, MADEIRA, COMP 3,60 M, LARG 0,24 M, ALT 0,17 M",2.ET.VP.02 - DORMENTE,0.0,0.0,32.5,0.0,390.0,382870.8,0,,0.0,0,0,0.0,Normal
182,006223,1.03.09.08.00010-7,B:5261635/C:617174,9052.0,"DORMENTE COMUM, MADEIRA, COMP 3,80 M, LARG 0,24 M, ALT 0,17 M",2.ET.VP.02 - DORMENTE,0.0,0.0,27.083333333,0.0,324.999999996,336784.499995855,0,,0.0,0,0,0.0,Normal
183,006227,1.03.09.08.00014-5,B:5261678/C:617178,9052.0,"DORMENTE COMUM, MADEIRA, COMP 4,60 M, LARG 0,24 M, ALT 0,17 M",2.ET.VP.02 - DORMENTE,3.0,1.0,18.75,5.0,222.0,278481.24,0,,0.0,0,0,0.0,Normal
184,006228,1.03.09.08.00015-2,B:5261686/C:617180,9052.0,"DORMENTE COMUM, MADEIRA, COMP 4,80 M, LARG 0,24 M, ALT 0,17 M",2.ET.VP.02 - DORMENTE,135.0,1.58333333333333,17.083333334,9.0,70.000000008,88384.100010101,0,,0.0,0,0,0.0,Normal
185,006244,1.03.09.08.00020-6,B:5261694/C:617182,9052.0,"DORMENTE ESPECIAL PARA AMV, MADEIRA TRATADA, 1° CLASSE, PURO CERNE, COMPRIMENTO 5,00M, LARGURA 0,24M, ALTURA 0,17M",2.ET.VP.02 - DORMENTE,53.0,2.08333333333333,10.416666667,20.0,72.000000004,96170.4000053428,0,,0.0,0,0,0.0,Normal
186,006245,1.03.09.08.00021-3,B:5261708/C:617183,9052.0,"DORMENTE ESPECIAL PARA AMV, MADEIRA TRATADA, 1° CLASSE, PURO CERNE, COMPRIMENTO 5,20M, LARGURA 0,24M, ALTURA 0,17M",2.ET.VP.02 - DORMENTE,69.0,0.833333333333333,8.333333333,10.0,30.999999996,43097.749994439,0,,0.0,0,0,0.0,Normal
187,088937,1.03.09.08.00044-1,B:6476104/C:617170,9052.0,"DORMENTE, MADEIRA PRIMEIRA CLASSE TRATADA, COMP 3,20 M, LARG 0,24 M, ALT 0,17 M",2.ET.VP.02 - DORMENTE,45.0,11.5,44.166666666,26.0,150.999999992,141411.835547728,345,,0.0,11,0,0.0,Normal
188,088939,1.03.09.08.00045-4,B:6476112/C:617171,9052.0,"DORMENTE, MADEIRA PRIMEIRA CLASSE TRATADA, COMP 3,40 M, LARG 0,24 M, ALT 0,17 M",2.ET.VP.02 - DORMENTE,0.0,18.9166666666667,32.499999999,58.0,131.999999988,131344.3119885,265,,0.0,7,0,0.0,Normal
189,088941,1.03.09.08.00047-0,B:6476139/C:617174,9052.0,"DORMENTE, MADEIRA PRIMEIRA CLASSE TRATADA, COMP 3,80 M, LARG 0,24 M, ALT 0,17 M",2.ET.VP.02 - DORMENTE,133.0,6.08333333333333,27.083333333,22.0,1.999999996,2222.40281435519,200,,0.0,10,0,0.0,Normal
190,088942,1.03.09.08.00048-3,B:6476147/C:617175,9052.0,"DORMENTE, MADEIRA PRIMEIRA CLASSE TRATADA, COMP 4,00 M, LARG 0,24 M, ALT 0,17 M",2.ET.VP.02 - DORMENTE,97.0,7.16666666666667,27.083333333,26.0,66.999999996,78394.2841300897,165,,0.0,4,0,0.0,Normal
191,088944,1.03.09.08.00049-6,B:6476155/C:617176,9052.0,"DORMENTE, MADEIRA PRIMEIRA CLASSE TRATADA, COMP 4,20 M, LARG 0,24 M, ALT 0,17 M",2.ET.VP.02 - DORMENTE,59.0,5.58333333333333,25.833333333,22.0,26.999999996,33187.2090361534,235,,0.0,11,0,0.0,Normal
192,088947,1.03.09.08.00050-8,B:5261660 / C:617177,9052.0,"DORMENTE, MADEIRA PRIMEIRA CLASSE TRATADA, COMP 4,40 M, LARG 0,24 M, ALT 0,17 M",2.ET.VP.02 - DORMENTE,146.0,3.91666666666667,24.166666666,16.0,92.999999992,119754.844775209,65,,0.0,14,0,0.0,Normal
193,088951,1.03.09.08.00051-1,B:6476171/C:617178,9052.0,"DORMENTE, MADEIRA PRIMEIRA CLASSE TRATADA, COMP 4,60 M, LARG 0,24 M, ALT 0,17 M",2.ET.VP.02 - DORMENTE,188.0,2.25,18.75,12.0,13.0,16605.62455877,30,,0.0,6,0,0.0,Normal
194,088952,1.03.09.08.00052-4,B:6476180/C:617180,9052.0,"DORMENTE, MADEIRA PRIMEIRA CLASSE TRATADA, COMP 4,80 M, LARG 0,24 M, ALT 0,17 M",2.ET.VP.02 - DORMENTE,33.0,2.0,15.416666667,13.0,77.000000004,83291.3660568368,75,,0.0,0,0,0.0,Normal
195,006231,1.03.09.08.00018-3,B:5261716/C:617181,9052.0,"DORMENTE, P/ AMV, MADEIRA TRATADA, COMP 5,40M, LARG 0,24M, ALT 0,17M",2.ET.VP.02 - DORMENTE,10.0,0.666666666666667,4.75,14.0,47.0,66546.36,0,,0.0,0,0,0.0,Normal
196,090518,1.04.05.08.00156-6,B:4785959/C:227029,4510.0,"DUCHA ELETRICA, DE TERMOPLASTICO, COR BRANCA, TENSAO 220 V, COM CONTROLE DE 3 TEMPERATURAS (MINIMO) , POTENCIA DE 4600 A 5500 WATTS, COM MANGUEIRA E MICRO DUCHA, ROSCA 1/2 POL, , CONFORME ABNT NBR 12483",2.ET.DM.99 - OUTROS MATERIAIS,29.0,1.08333333333333,3.916666664,28.0,17.999999968,674.9999988,0,,0.0,0,0,0.0,Normal
197,084703,1.03.09.01.00096-3,B:5878756/C:476445,9050.0,"EIXO (RODEIRO), FERROVIARIO DE TRACAO, COM CAIXA REDUTORA (DIFERENCIAL),  PECA DE REPOSICAO PARA CAMINHOES DE LINHA MODELO SSP-203 E MODELO OBW-8/PLASSER, TIPO PESCOCO LONGO, SEM RODAS, COMP 2080MM, DIAM COLO DA RODA 160MM, COMP ASSENTO DA RODA 272MM,",2.ET.MR.32 - DEMAIS VEÍCULOS FERROVIÁRIOS E RODOFERROVIÁRIO (COMPONENTES E ACESSÓRIOS),4.0,0.166666666666667,0.5,33.0,2.0,417368.92,0,,0.0,0,0,0.0,Normal
198,066685,1.05.03.02.00088-8,4279239,7505.0,"ELASTICO, MATERIAL LATEX, AMARELO, FORMA CIRCULAR, NUM 18, PACOTE 100G",2.ET.DM.01 - MATERIAIS DE PAPELARIA E ESCRITÓRIO,261.0,1.58333333333333,37.750000002,4.0,192.000000024,480.00000006,0,,0.0,0,0,0.0,Normal
199,034005,1.03.00.04.00224-9,B:5103738/C:615936,9056.0,"ELEMENTO DE FILTRO, APLICACAO SISTEMA DO MOTOR DE ENTRADA DE DIESEL, DO MOTOR CICLO DIESEL TURBO, MODELO MERCEDEZ - BENZ (OM447A), 06 CILINDROS, UTILIZADO NO CAVALO MECANICO, FILTRO COMBUSTIVEL CAPACIDADE DE 1L DE FELTRO.",2.ET.DM.99 - OUTROS MATERIAIS,10.0,0.25,0.833333334,30.0,8e-09,1.584e-07,0,Sim,0.0,0,0,0.0,Normal
200,073419,1.03.00.04.00307-6,B:6342612/C:221129,9056.0,"ELEMENTO DO FILTRO DE AR SECUNDARIO, APLICACAO VAGAO LANCADOR DE CABOS, MARCA GEISMAR, PREFIXOS CPTM W80 EDR, LOCALIZACAO SISTEMA DE SUCCAO DE AR DO MOTOR DIESEL PERKINS, ALTURA 400MM, DIAMETRO EXTERNO 108MM, DIAMETRO INTERNO 87MM.",2.ET.RA.99 - OUTROS MATERIAIS UTILIZADOS NA REDE AÉREA,6.0,0.166666666666667,0.5,33.0,0.0,0.0,0,,0.0,0,0,0.0,Normal
201,073435,1.03.00.04.00323-2,B:5625386/C:440808,9056.0,"ELEMENTO DO FILTRO DE OLEO COMBUSTIVEL PRIMARIO, APLICACAO CAMINHAO DE LINHA, MARCA GEISMAR VMT-750 GR, LOCALIZACAO MOTOR DIESEL SCANIA DC9, ALTURA 180MM, DIAMETRO EXTERNO 85MM, DIAMETRO INTERNO 38MM",2.ET.DM.99 - OUTROS MATERIAIS,34.0,1.66666666666667,3.333333333,50.0,5.999999996,359.99999976,0,Sim,0.0,0,0,0.0,Normal
202,086296,1.03.00.04.00499-0,B:6220185/C:617371,9056.0,"ELEMENTO FILTRANTE DE COMBUSTIVEL, UTILIZADO NAS COMPOSICOES DE MANUTENCAO DE REDE AEREA (CMRA)",2.ET.DM.99 - OUTROS MATERIAIS,0.0,0.166666666666667,0.166666667,100.0,4e-09,1.85536e-06,2,,0.0,0,2,0.0,Normal
203,090575,1.03.00.04.00559-6,6245234,9056.0,ELEMENTO FILTRANTE FILTRO COMBUSTIVEL SECUNDARIO MOTOR DIESEL CATERPILLAR 3512B HD,2.ET.MR.32 - DEMAIS VEÍCULOS FERROVIÁRIOS E RODOFERROVIÁRIO (COMPONENTES E ACESSÓRIOS),13.0,0.833333333333333,1.666666667,50.0,7.000000004,2682.19000153268,0,,0.0,0,0,0.0,Normal
204,090575,1.03.00.04.00559-6,6245234,9056.0,ELEMENTO FILTRANTE FILTRO COMBUSTIVEL SECUNDARIO MOTOR DIESEL CATERPILLAR 3512B HD,2.ET.MR.30 - LOCOMOTIVAS,13.0,0.833333333333333,1.666666667,50.0,7.000000004,2682.19000153268,0,,0.0,0,0,0.0,Normal
205,006393,1.03.00.04.00032-0,5088569,9056.0,"ELEMENTO FILTRANTE, FILTRO DE AR, COMPRESSOR 2CY4B",2.ET.MR.09 - TUE SÉRIE 4400,0.0,0.333333333333333,0.5,67.0,6.0,174.36,0,Sim,0.0,0,0,0.0,Normal
206,006411,1.03.00.00.00008-7,B:5640571/C:484437,3295.0,"ELETRODO, APLICACAO ACO INOX, DIAM ELETRODO 1/8 POL, REVEST RUTILICO, NORMA FABRICACAO AWS E309 MO-16, MATERIAL NUCLEO ACO INOX",2.ET.DM.99 - OUTROS MATERIAIS,35.0,1.25,4.166666666,30.0,14.999999992,1574.99999916,0,Sim,0.0,0,0,0.0,Normal
207,006408,1.03.00.00.00005-6,B:5270065/C:484436,3295.0,"ELETRODO DE SOLDA, AWS E 308-17, PARA ACOS INOX 304, 308, 308L, DIAMETRO DE 1,6MM (1/16""), REVESTIMENTO RUTILICO LIGADO NA ALMA, TIPO VARETA",2.ET.DM.99 - OUTROS MATERIAIS,50.0,1.58333333333333,5.0,32.0,10.0,730.0,0,,0.0,0,0,0.0,Normal
208,091766,1.04.01.00.00283-0,B:5014310/C:322349,6270.0,"ELETRODUTO FLEXIVEL CORRUGADO, DE ACO ZINCADO, BITOLA 1"", COM COBERTURA PVC EXTRUDADO, COR PRETA, IMPERMEAVEL, DIAMETRO INTERNO 25,7MM, DIAMETRO EXTERNO 32,5MM, ACONDICIONADO EM ROLO DE 30 METROS",2.ET.MR.32 - DEMAIS VEÍCULOS FERROVIÁRIOS E RODOFERROVIÁRIO (COMPONENTES E ACESSÓRIOS),0.0,0.0,7.5,0.0,30.0,0.0,60,,0.0,0,0,0.0,Normal
209,091765,1.04.01.01.00061-4,B:3460959/C:600271,9056.0,"ELETRODUTO FLEXIVEL, EM POLIETILENO DE ALTA DENSIDADE (PEAD), TIPO CORRUGADO ESPIRALADO, COM DIAMETRO DE 3 POLEGADAS, NA COR PRETA, PARA SER UTILIZADO AO LONGO DA MALHA FERROVIARIA EM REDES SUBTERRANEAS DE CABOS DE ENERGIA, SINALIZACAO E TELECOMUNICACOES,",2.ET.MR.32 - DEMAIS VEÍCULOS FERROVIÁRIOS E RODOFERROVIÁRIO (COMPONENTES E ACESSÓRIOS),200.0,0.0,21.166666666,0.0,53.999999992,1058.50799984318,0,Sim,0.0,0,0,0.0,Normal
210,040599,1.04.01.01.00023-7,B:6001017/C:310911,9056.0,"ELETRODUTO FLEXIVEL ESPECIFICO METROFERROVIARIO; EM POLIETILENO DE ALTA DENSIDADE (PEAD); TIPO CORRUGADO, ESPIRALADO, IMPERMEAVEL; COM DIAMETRO DE 2""; UTILIZADO AO LONGO DA MALHA FERROVIARIA; EM REDES DE CABOS DE ENERGIA, SINALIZACAO E TELECOMUNICACOES,",2.ET.DM.99 - OUTROS MATERIAIS,150.0,8.33333333333333,12.5,67.0,0.0,0.0,0,,0.0,0,0,0.0,Normal
211,006481,1.04.01.00.00056-4,2518821,6270.0,"ELETRODUTO RIGIDO, DIAM NOM 1POL, COMP 3M, MATERIAL ACO CARBONO, GALVANIZADO A FOGO, ROSCA NBR 8133",2.ET.DM.99 - OUTROS MATERIAIS,149.0,15.0,24.000000001,62.0,139.000000012,7435.11000064188,0,Sim,0.0,0,0,0.0,Normal
212,070862,1.04.01.00.00159-7,B:5937663/C:350531,6270.0,"EMENDA DE ELETRODUTO RIGIDO, DIAM NOM 1"", MATERIAL LIGA DE ALUMINIO, UNIDUT RETO, COM VEDACAO INTERNA, FIXACAO POR PARAFUSOS, CONEXAO SEM ROSCA",2.ET.DM.99 - OUTROS MATERIAIS,0.0,0.0,7.166666667,0.0,76.000000004,182.4000000096,10,,0.0,0,0,0.0,Normal
213,009611,1.03.01.05.00113-2,4808975,9051.0,"EMENDA ESPECIAL, PARA CABO MENSAGEIRO DE COBRE SECAO 500 MCM",2.ET.RA.99 - OUTROS MATERIAIS UTILIZADOS NA REDE AÉREA,12.0,0.166666666666667,1.166666667,14.0,2.000000004,808.000001616,0,Sim,0.0,0,0,0.0,Normal
214,073448,1.04.07.06.00058-3,C:5283817/C:604215,9053.0,"EMENDA MECANICA PARA FIBRA OPTICA UNIVERSAL PARA FIBRAS MONOMODO E MULTIMODO DE DIAMETRO DE REVESTIMENTO 250 OU 900 MICROMETROS, PERDAS POR INSERCAO E POR RETORNO < 0,1 DB E < -60 DB RESPECTIVAMENTE, CERTIFICADO PELA ANATEL",2.ET.DM.04 - MATERIAIS ELÉTRICOS E ELETRÔNICOS,100.0,0.0,11.416666668,0.0,37.000000016,576.46000024928,0,Sim,0.0,0,0,0.0,Normal
215,066541,1.04.01.02.00302-4,3939472,9053.0,"EMENDA RETA, CONTRATIL A FRIO, PARA CABO ISOLADO XLPE OU EPR CLASSE DE TENSAO 20/35KV, SECCAO 70 A 240MM2, KIT COMPOSTO POR TUBOS CONTRATEIS, ADESIVOS, MALHA DE COBRE, CORDOALHA DE ATERRAMENTO, SOLDA, MATERIAL DE LIMPEZA, INSTRUCAO DE MONTAGEM",2.ET.RA.99 - OUTROS MATERIAIS UTILIZADOS NA REDE AÉREA,9.0,0.0,1.666666665,0.0,10.99999998,29149.999947,0,Sim,0.0,0,0,0.0,Normal
216,083206,1.04.01.02.00489-9,B:6148859/C:326926,9051.0,"EMENDA RETA, CONTRATIL A FRIO, PARA 1 CABOS MONOPOLAR, ISOLADO EM PVC, XLPE OU EPR, CLASSE DE TENSAO 8,7 A 15KV, SECAO NOMINAL 25 A 95MM2, KIT COMPOSTO POR TUBOS CONTRATEIS, ADESIVOS, MALHA DE COBRE, CORDOALHA DE ATERRAMENTO,",2.ET.RA.99 - OUTROS MATERIAIS UTILIZADOS NA REDE AÉREA,40.0,1.33333333333333,6.416666666,21.0,36.999999992,29229.99999368,0,,0.0,0,0,0.0,Normal
217,006569,1.04.01.02.00136-7,B:5010233/C:618588,9053.0,"EMENDA RETA MULTIPLA TERMOCONTRATIL, PARA CABOS DE BAIXA TENSAO, 27 CONDUTORES SECAO 1,5MM2, DIAM EXT 25MM, COMPOSTA DE TUBOS DE POLIETILENO RETICULADO, REVESTIDOS INTERNAMENTE COM SELANTE TERMOPLASTICO E MALHA DE COBRE PARA BLINDAGEM",2.ET.DM.99 - OUTROS MATERIAIS,93.0,0.416666666666667,8.666666666,5.0,10.999999992,1132.999999176,0,,0.0,0,0,0.0,Normal
218,034932,1.04.01.02.00285-2,B:5634016/C:326926,9053.0,"EMENDA RETA, TERMOCONTRATIL, PARA 1 CABO MONOPOLAR, ISOLADO EM PVC, XLPE OU EPR, CLASSE DE TENSAO 8, 7 A 15KV, SECAO NOMINAL 25 A 95MM2, KIT COM TUBOS CONTRATEIS, MALHA DE COBRE, CORDOALHA DE ATERRAMENTO, MAT DE LIMPEZA, INSTRUCAO",2.ET.RA.99 - OUTROS MATERIAIS UTILIZADOS NA REDE AÉREA,18.0,0.666666666666667,4.416666666,15.0,34.999999992,24464.999994408,0,Sim,0.0,0,0,0.0,Normal
219,006596,1.03.03.02.00109-2,B:3514838/C:352273,4510.0,"ENGATE, FLEXIVEL, MATERIAL PVC, COR BRANCO, DIAMETRO NOMINAL 1/2"", COMPRIMENTO 40 CM, PRESSAO MAXIMA 40 MCA,  PARA INSTALACOES PREDIAIS DE AGUA FRIA, CONFORME NBR 14878, PONTA COM ROSCAS INTERNAS, ACOMPANHA 2 ANEIS DE VEDACAO BORRACHA SINTETICA E",2.ET.DM.99 - OUTROS MATERIAIS,10.0,5.75,6.666666667,86.0,10.000000004,50.00000002,60,,0.0,0,60,0.0,Normal
220,006596,1.03.03.02.00109-2,B:3514838/C:352273,4510.0,"ENGATE, FLEXIVEL, MATERIAL PVC, COR BRANCO, DIAMETRO NOMINAL 1/2"", COMPRIMENTO 40 CM, PRESSAO MAXIMA 40 MCA,  PARA INSTALACOES PREDIAIS DE AGUA FRIA, CONFORME NBR 14878, PONTA COM ROSCAS INTERNAS, ACOMPANHA 2 ANEIS DE VEDACAO BORRACHA SINTETICA E",2.ET.MR.32 - DEMAIS VEÍCULOS FERROVIÁRIOS E RODOFERROVIÁRIO (COMPONENTES E ACESSÓRIOS),10.0,5.75,6.666666667,86.0,10.000000004,50.00000002,60,,0.0,0,60,0.0,Normal
221,014332,1.05.03.02.00080-8,B:1624415/C:360183,7505.0,"ENVELOPE PLASTICO, TAMANHO OFICIO, 4 FUROS, ESPESSURA MINIMA (0,12) MICRAS, TRANSPARENTE, PARA PASTA CATALOGO.",2.ET.DM.01 - MATERIAIS DE PAPELARIA E ESCRITÓRIO,13816.0,557.5,2072.916666667,27.0,11059.000000004,1797.08750000065,0,,0.0,0,0,0.0,Normal
222,091096,1.03.00.02.00253-3,B:6305326/C:414307,5345.0,"ESCOVA CIRCULAR, ACO CARBONO LATONADO, DIAM INT 12,7MM, DIAM EXT 150MM, ESP 24MM, ARAME 0,30MM",2.ET.DM.99 - OUTROS MATERIAIS,19.0,0.0,1.75,0.0,2.0,119.11473684,0,,0.0,0,0,0.0,Normal
223,025574,1.04.05.01.00081-9,B:2656086/C:611795,9050.0,"ESCOVA DE CARVAO ESPECIFICA, APLICACAO EXCITATRIZ, MARCA G.E., MOD 5AM808-A3, LOCALIZACAO INDUZIDO",2.ET.DM.04 - MATERIAIS ELÉTRICOS E ELETRÔNICOS,30.0,3.33333333333333,7.166666667,47.0,16.000000004,1312.000000328,40,Sim,0.0,0,0,0.0,Normal
224,076833,1.04.05.01.00101-1,5834546,5190.0,"ESCOVA DE CARVAO MODELO CB-204 PARA EQUIPAMENTOS DE CORTE DA MAKITA, ACONDICIONAMENTO CAIXA COM 2 UNIDADES",2.ET.DM.04 - MATERIAIS ELÉTRICOS E ELETRÔNICOS,21.0,0.833333333333333,1.75,48.0,0.0,0.0,0,,0.0,0,0,0.0,Normal
225,025573,1.04.05.01.00080-2,B:5458919/C:613835,9050.0,"ESCOVA DE ELETROGRAFITE, APLICACAO ALTERNADOR  DE 400HZ, G.E. 5ATB75PA9, LADO ALTERNADOR",2.ET.DM.04 - MATERIAIS ELÉTRICOS E ELETRÔNICOS,14.0,1.33333333333333,2.5,53.0,0.0,0.0,16,,0.0,0,0,0.0,Normal
226,080798,1.04.05.01.00104-0,B:4807600/C:237832,9053.0,"ESCOVA DE ELETROGRAFITE, APLICACAO MAQUINA DE CHAVE, MARCA SIEMENS, MODELO MD2000, LOCALIZACAO MOTOR, DIMENSOES: TANGENCIAL 16MM, AXIAL 8MM, RADIAL 21MM, MATERIAL ELETROGRAFITE EG-224 OU EQUIVALENTE, TERMINAL PADRAO T4 MATERIAL COBRE MOLE ESTANHADO,",2.ET.DM.04 - MATERIAIS ELÉTRICOS E ELETRÔNICOS,48.0,4.0,5.0,80.0,12.0,288.0,0,,0.0,0,0,0.0,Normal
227,019517,1.04.05.01.00064-2,B:6504620/C:613835,9050.0,"ESCOVA DE ELETROGRAFITE, APLICACAO MOTOR DE TRACAO GE 752 - LOCOMOTIVAS ALCO R53, SÉRIE 6000",2.ET.DM.04 - MATERIAIS ELÉTRICOS E ELETRÔNICOS,36.0,0.0,3.333333333,0.0,3.999999996,627.999999372,0,Sim,0.0,0,0,0.0,Normal
228,025429,1.04.05.01.00070-3,2654326,9050.0,"ESCOVA DE ELETROGRAFITE, APLICACAO MOTOR EXAUSTOR DO CARTER 5BC44B1912 E EMBREAGEM MAGNETICA 5GDY32-A1",2.ET.DM.04 - MATERIAIS ELÉTRICOS E ELETRÔNICOS,31.0,2.5,3.25,77.0,8.0,376.0,0,Sim,0.0,0,0,0.0,Normal
229,006702,1.04.05.01.00036-9,B:2722240/C:237832,9053.0,"ESCOVA PARA MOTOR DA MAQUINA DE CHAVE MOD M23 OU M3, EM ELETROGRAFITE EG387 OU EQUIVALENTE, DIMENSOES 35MM X 19MM X 4,7MM, CORDOALHA FLEXIVEL DE COBRE, TERMINAL DE LATÃO OU COBRE ESTANHADO",2.ET.DM.04 - MATERIAIS ELÉTRICOS E ELETRÔNICOS,35.0,10.1666666666667,12.749999999,80.0,117.999999988,3657.999999628,0,Sim,0.0,0,0,0.0,Normal
230,091813,1.03.05.12.00001-1,B:6499180 /C:613161,2760.0,"ESPELHO RETROVISOR, PARA EMPILHADEIRA HANGCHA CPQD25-XRW22F, REF. XF250-800005-G01",2.ET.DM.21 - PEÇAS DE REPOSIÇÃO PARA MÁQUINA E EQUIPAMENTOS,2.0,0.0,0.166666667,0.0,4e-09,3.7032e-07,0,,0.0,0,0,0.0,Normal
231,006851,1.05.03.02.00047-1,144754,7515.0,"ESPIRAL PLASTICO, COR PRETA, APLICACAO ENCADERNACAO DE 100 FOLHAS",2.ET.DM.01 - MATERIAIS DE PAPELARIA E ESCRITÓRIO,596.0,0.833333333333333,100.416666667,1.0,609.000000004,73.08000000048,0,,0.0,0,0,0.0,Normal
232,006854,1.05.02.01.00013-0,B:1473131/C:250722,7920.0,"ESPONJA PARA LIMPEZA, DUPLA FACE, MEDIDAS 110MM X 75MM X 20 MM, FORMATO RETANGULAR, MATERIAL POLIURETAN0 E FIBRA SINTETICA, COR VERDE/AMARELO (LIMPEZA PESADA)",2.ET.DM.99 - OUTROS MATERIAIS,0.0,90.3333333333333,267.333333333,34.0,3207.999999996,1603.999999998,0,,0.0,0,0,0.0,Normal
233,006904,1.05.03.01.00012-2,B:1214438/C:395445,7505.0,"ETIQUETA AUTO ADESIVA, (33,9 X 101,6)MM, COR BRANCA, 14 ETQ/FOLHA, CX 100 FLS, APRESENTACAO NO FORMATO CARTA, CAIXA C/ 100 FOLHAS; APLICACAO IMPRESSORAS LASER/INKJET",2.ET.DM.01 - MATERIAIS DE PAPELARIA E ESCRITÓRIO,2.0,1.33333333333333,6.249999996,21.0,57.999999952,965.11999920128,15,,0.0,0,0,0.0,Normal
234,084445,1.05.03.01.00066-8,1221329,7505.0,"ETIQUETA AUTOADESIVA, PALAVRA IMPRESSA ""CONFIDENCIAL"", ACONDICIONAMENTO CAIXA 210UN",2.ET.DM.01 - MATERIAIS DE PAPELARIA E ESCRITÓRIO,0.0,0.0,0.083333333,0.0,0.999999996,1.23499999506,0,,0.0,0,0,0.0,Normal
235,007027,1.05.03.02.00051-8,2164515,7505.0,"EXTRATOR DE GRAMPOS, TIPO ESPATULA, EM ACO INOX",2.ET.DM.01 - MATERIAIS DE PAPELARIA E ESCRITÓRIO,164.0,1.58333333333333,30.583333335,5.0,203.00000002,249.6900000246,0,,0.0,0,0,0.0,Normal
236,007066,1.03.00.05.00041-9,B:6470173/C:260945,5670.0,"FECHADURA, LATAO CROMADO, C/ TRINCO, P/ PORTAS INT/EXT DA CABINE C/ DIST 55MM",2.ET.DM.99 - OUTROS MATERIAIS,0.0,0.0,0.25,0.0,3.0,240.0,0,,0.0,0,0,0.0,Normal
237,007066,1.03.00.05.00041-9,B:6470173/C:260945,5670.0,"FECHADURA, LATAO CROMADO, C/ TRINCO, P/ PORTAS INT/EXT DA CABINE C/ DIST 55MM",2.ET.MR.10 - TUE SÉRIE 5000,0.0,0.0,0.25,0.0,3.0,240.0,0,,0.0,0,0,0.0,Normal
238,071447,1.03.00.05.00108-2,B:6475078/C:480864,5390.0,"FECHO LINGUETA, FRONTAL, REDONDO, ACABAMENTO CROMADO, MIOLO YALE, LINGUETA 25 MM.",2.ET.DM.99 - OUTROS MATERIAIS,70.0,0.0,17.833333333,0.0,143.999999996,8347.67999976812,0,Sim,0.0,0,0,0.0,Normal
239,089631,1.03.00.04.00543-4,B:6400175/C:622161,9056.0,"FILTRO DA SUCÇÃO DO ÓLEO HIDRÁULICO, PARA EMPILHADEIRA HANGCHA CPQD25-XRW22F, REF. A300-603010-000",2.ET.DM.21 - PEÇAS DE REPOSIÇÃO PARA MÁQUINA E EQUIPAMENTOS,2.0,0.0,0.166666667,0.0,4e-09,9.5944e-07,0,,2.0,0,0,0.0,Normal
240,088102,1.03.00.04.00522-3,B:6294294/C:617405,9056.0,"FILTRO DE ALTA PRESSAO DO GUINDASTE PALFINGER MODELO PK 42502B (HPLS) VRB, UTILIZADO NAS COMPOSICOES DE MANUTENCAO DE REDE AEREA (CMRA)",2.ET.MR.32 - DEMAIS VEÍCULOS FERROVIÁRIOS E RODOFERROVIÁRIO (COMPONENTES E ACESSÓRIOS),3.0,0.25,0.5,50.0,1.0,2080.0,2,,0.0,0,2,0.0,Normal
241,086294,1.03.00.04.00497-4,B:6294405/C:616538,9056.0,"FILTRO DE COMBUSTIVEL DO MOTOR DO GERADOR LINTEC, PECA DE REPOSICAO DO MOTOR DA UNIDADE HIDRAULICA LINTEC, UTILIZADO NAS COMPOSICOES DE MANUTENCAO DE REDE AEREA (CMRA)",2.ET.DM.21 - PEÇAS DE REPOSIÇÃO PARA MÁQUINA E EQUIPAMENTOS,4.0,0.0,0.5,0.0,2.0,462.0,0,,0.0,0,0,0.0,Normal
242,033166,1.03.00.04.00218-8,B:4654650/C:617405,9056.0,"FILTRO DE COMBUSTIVEL ESPECIFICO, APLICACAO MOTOR, MARCA G.E., MOD LOCOMOTIVA RS3 (ALCO), ANO FABRICACAO N/A, LOCALIZACAO SISTEMA DE COMBUSTIVEL",2.ET.DM.99 - OUTROS MATERIAIS,4.0,0.0,1.333333333,0.0,11.999999996,3062.03999897932,0,,0.0,0,0,0.0,Normal
243,069669,1.03.00.04.00289-8,5903718,9056.0,"FILTRO DE OLEO HIDRAULICO FH-58, APLICACAO SISTEMA HIDRAULICO DA ESCAVADEIRA DE ESTEIRA POCLAIN, MODELO LC-80, PREFIXOS CPTM EHP-02 E EHP-03, DIAMETRO EXTERNO 4,17'' (105,92MM), DIAMETRO INTERNO 2,52'' (64,01MM), COMPRIMENTO 10,24'' (206,096MM).",2.ET.DM.99 - OUTROS MATERIAIS,2.0,0.166666666666667,0.166666667,100.0,4e-09,9.0168e-07,0,,0.0,0,0,0.0,Normal
244,007222,1.03.00.04.00071-9,B:5610540/C:625585,6190.0,FILTRO DE OLEO LUBRIFICANTE DO MOTOR MWM 229-D-3 CILINDROS TIPO FL 324-US COD. 905411800304,2.ET.DM.99 - OUTROS MATERIAIS,10.0,1.41666666666667,1.25,113.0,5.0,115.0,0,,0.0,0,0,0.0,Normal
245,085771,1.04.09.04.00087-1,6237924,9056.0,"FILTRO DE OLEO LUBRIFICANTE, UTILIZADO NAS LOCOMOTIVAS PR22",2.ET.MR.30 - LOCOMOTIVAS,7.0,0.5,2.0,25.0,17.0,10461.97,0,,0.0,0,0,0.0,Normal
246,085771,1.04.09.04.00087-1,6237924,9056.0,"FILTRO DE OLEO LUBRIFICANTE, UTILIZADO NAS LOCOMOTIVAS PR22",2.ET.MR.32 - DEMAIS VEÍCULOS FERROVIÁRIOS E RODOFERROVIÁRIO (COMPONENTES E ACESSÓRIOS),7.0,0.5,2.0,25.0,17.0,10461.97,0,,0.0,0,0,0.0,Normal
247,089638,1.03.00.04.00550-4,B:5812577/C:617021,9056.0,"FILTRO DO ÓLEO HIDRÁULICO, PARA EMPILHADEIRA HANGCHA CPQD25-XRW22F, REF. MB250-603130-000",2.ET.DM.21 - PEÇAS DE REPOSIÇÃO PARA MÁQUINA E EQUIPAMENTOS,2.0,0.0,0.166666667,0.0,4e-09,1.0184e-06,0,,2.0,0,0,0.0,Normal
248,007334,1.04.00.06.00055-0,B:4730291/C:616162,6145.0,"FIO DE COBRE ESMALTADO, SECAO CIRCULAR 23AWG, ESMALTE ISOLANTE A BASE DE POLIESTERIMIDA GRAU 2, CLASSE TERMICA 180°C, CONFORME NBR NM 60317, ACONDICIONAMENTO CARRETEL 10KG",2.ET.DM.99 - OUTROS MATERIAIS,30.43,3.42541666666667,2.666666667,128.0,1.570000004,202.31020051544,0,,0.0,0,0,0.0,Normal
249,007334,1.04.00.06.00055-0,B:4730291/C:616162,6145.0,"FIO DE COBRE ESMALTADO, SECAO CIRCULAR 23AWG, ESMALTE ISOLANTE A BASE DE POLIESTERIMIDA GRAU 2, CLASSE TERMICA 180°C, CONFORME NBR NM 60317, ACONDICIONAMENTO CARRETEL 10KG",2.ET.DM.04 - MATERIAIS ELÉTRICOS E ELETRÔNICOS,30.43,3.42541666666667,2.666666667,128.0,1.570000004,202.31020051544,0,,0.0,0,0,0.0,Normal
250,007312,1.04.00.06.00033-8,B:6169996/C:388367,6145.0,"FIO DE COBRE, ESMALTE A BASE DE POLIESTER MODIFICADO, SECAO 19AWG, CLASSE DE ISOLACAO TERMICA DE 180ºC, NBR 60317-23",2.ET.DM.99 - OUTROS MATERIAIS,0.0,0.0,3.333333333,0.0,39.999999996,1147.59999988524,0,,0.0,0,0,0.0,Normal
251,007382,1.02.02.04.00010-9,B:4860454/C:323863,7505.0,"FITA ADESIVA, CREPE, PARA PAPELARIA, LARG DE 24 A 25MM, ROLO DE 50M",2.ET.DM.01 - MATERIAIS DE PAPELARIA E ESCRITÓRIO,5.0,37.75,1.666666667,2.265,15.000000004,48.0000000128,0,,0.0,0,0,0.0,Normal
252,007383,1.02.02.04.00011-6,B:2463393/C:328505,7505.0,"FITA ADESIVA, CREPE, PARA PAPELARIA, PAPEL TRATADO E ADESIVADO A BASE DE RESINA E BORRACHA, ADESAO PLACA ACO INOX MIN 0,650KGF/25MM, RESISTENCIA A TRACAO 6,0KGF/25MM, ALONGAMENTO 10,5% (RUPTURA), ESP 0,15MM, LARG 50MM, ROLO DE 50M",2.ET.DM.01 - MATERIAIS DE PAPELARIA E ESCRITÓRIO,15.0,25.4166666666667,1.666666667,1.525,5.000000004,64.70000005176,0,Sim,0.0,0,0,0.0,Normal
253,082125,1.05.03.02.00580-0,B:5130590/C:485968,7505.0,"FITA ADESIVA DE PAPELARIA DE POLIPROPILENO BI-ORIENTADO (BOPP), ADESIVO A BASE DE AGUA, SENSIVEL A PRESSAO; LARGURA 50MM, TOLERANCIA DE +/-2MM, COMPRIMENTO 50M, COR TRANSPARENTE",2.ET.DM.01 - MATERIAIS DE PAPELARIA E ESCRITÓRIO,738.0,38.5,92.750000001,42.0,375.000000012,1181.2500000378,0,,0.0,0,0,0.0,Normal
254,084966,1.05.03.02.00590-9,B:5087350/C:617019,7505.0,"FITA ADESIVA DE PAPELARIA, MAGICA, ACETATO, MEDIDAS 12MM X 10M, TRANSPARENTE",2.ET.DM.01 - MATERIAIS DE PAPELARIA E ESCRITÓRIO,171.0,0.416666666666667,14.583333334,3.0,4.000000008,57.2000001144,0,,0.0,0,0,0.0,Normal
255,018026,1.05.03.02.00083-9,B:42587/C:318187,7505.0,"FITA ADESIVA DE PAPELARIA, POLIPROPILENO, MEDINDO 48MM (MIN) X 45M (MIN), MARROM",2.ET.DM.01 - MATERIAIS DE PAPELARIA E ESCRITÓRIO,0.0,32.6666666666667,111.916666668,29.0,983.000000016,4197.41000006832,360,,0.0,0,0,0.0,Normal
256,007371,1.05.03.02.00052-5,B:2343827/C:279045,7505.0,"FITA ADESIVA DE PAPELARIA, POLIPROPILENO, TRANSPARENTE, MEDINDO 19MM X 50M, COMUM",2.ET.DM.01 - MATERIAIS DE PAPELARIA E ESCRITÓRIO,307.0,9.0,79.916666671,11.0,652.000000052,1760.4000001404,0,,0.0,0,0,0.0,Normal
257,071789,1.05.03.02.00537-6,B:2319292/C:340444,8040.0,"FITA ADESIVA DUPLA FACE, TRANSPARENTE, MATERIAL VHB DE ESPUMA ACRILICA. ESPESSURA 1,0 MM, LARGURA 19 MM, COMPRIMENTO ROLO DE 20 METROS",2.ET.DM.01 - MATERIAIS DE PAPELARIA E ESCRITÓRIO,85.0,5.83333333333333,33.916666667,17.0,322.000000004,8896.86000011052,0,Sim,0.0,0,0,0.0,Normal
258,088927,1.05.03.02.00601-8,B:6489133/C:475981,8135.0,"FITA ADESIVA IMPRESSA; LACRE ANTIVIOLACAO; 48MM X 50M; TEXTO IMPRESSO NA COR VERMELHA: ESSA FITA É A SUA GARANTIA, SE HOUVER VIOLAÇÃO CONFIRA A MERCADORIA NO ATO DO RECEBIMENTO; FUNDO OPACO NA COR BRANCA",2.ET.DM.01 - MATERIAIS DE PAPELARIA E ESCRITÓRIO,420.0,8.33333333333333,41.666666667,20.0,80.000000004,440.000000022,0,,0.0,0,0,0.0,Normal
259,088927,1.05.03.02.00601-8,B:6489133/C:475981,8135.0,"FITA ADESIVA IMPRESSA; LACRE ANTIVIOLACAO; 48MM X 50M; TEXTO IMPRESSO NA COR VERMELHA: ESSA FITA É A SUA GARANTIA, SE HOUVER VIOLAÇÃO CONFIRA A MERCADORIA NO ATO DO RECEBIMENTO; FUNDO OPACO NA COR BRANCA",2.ET.DM.99 - OUTROS MATERIAIS,420.0,8.33333333333333,41.666666667,20.0,80.000000004,440.000000022,0,,0.0,0,0,0.0,Normal
260,079823,1.05.04.01.00032-8,4085779,8695.0,"FITA PARA BACK-UP, TIPO LTO 6 ULTRIUM RW, CAPACIDADE DE 2.5TB NATIVO, 6.25TB COM COMPRESSAO 2.5:1, COMPATIVEL PARA LTO 6 ULTRIUM, ACONDICIONADA EM EMBALAGEM APROPRIADA",2.ET.DM.02 - SUPRIMENTO DE INFORMÁTICA,350.0,0.0,29.166666667,0.0,4e-09,6.74e-07,0,,0.0,0,0,0.0,Normal
261,079823,1.05.04.01.00032-8,4085779,8695.0,"FITA PARA BACK-UP, TIPO LTO 6 ULTRIUM RW, CAPACIDADE DE 2.5TB NATIVO, 6.25TB COM COMPRESSAO 2.5:1, COMPATIVEL PARA LTO 6 ULTRIUM, ACONDICIONADA EM EMBALAGEM APROPRIADA",2.ET.DM.99 - OUTROS MATERIAIS,350.0,0.0,29.166666667,0.0,4e-09,6.74e-07,0,,0.0,0,0,0.0,Normal
262,087587,1.05.03.02.00598-3,B:5694949/C:382324,7520.0,"FITA PLASTICA TERMICA, ADESIVA, PARA ROTULADOR ELETRONICO BROTHER, COR BRANCA COM ESCRITA PRETA, DIMENSOES 12MM X 8M",2.ET.DM.01 - MATERIAIS DE PAPELARIA E ESCRITÓRIO,65.0,4.0,5.75,70.0,4.0,44.84,0,,0.0,0,0,0.0,Normal
263,084736,1.03.07.02.00475-9,B:5413443/C:475981,4190.0,"FITA PVC, AUTOADERENTE, NAO ADESIVA, COR BRANCA, LARG 100MM, PARA PROTECAO E ACABAMENTO EM INSTALACOES DE AR CONDICIONADO, ACONDICIONAMENTO ROLO 10M",2.ET.DM.99 - OUTROS MATERIAIS,0.0,4.16666666666667,4.166666667,100.0,4e-09,1.98e-08,50,,0.0,0,50,0.0,Normal
264,076748,1.05.03.02.00556-1,4313798,7505.0,"FITA VINILICA, ADESIVA, PARA ROTULADOR ELETRONICO LETRATAG, COR BRANCA COM ESCRITA PRETA, DIMENSOES 12MM X 4M",2.ET.DM.01 - MATERIAIS DE PAPELARIA E ESCRITÓRIO,15.0,0.0,1.583333333,0.0,3.999999996,117.999999882,0,,0.0,0,0,0.0,Normal
265,021938,1.05.03.02.00086-0,B:472034/C:288218,4030.0,"FITILHO P/ EMBALAGEM, MATERIAL POLIPROPILENO, ACONDICIONAMENTO ROLO 1 KG",2.ET.DM.01 - MATERIAIS DE PAPELARIA E ESCRITÓRIO,67.0,1.16666666666667,14.33333333,8.0,104.99999996,1273.6499995148,0,Sim,0.0,0,0,0.0,Normal
266,068266,1.04.01.00.00129-5,B:6148468/C:274142,6270.0,"FIXADOR EXTERNO LONGITUDINAL LARGURA X ALTURA 38 X38MM, AÇO SAE 1010/20, PARA PERFILADO, CHAPA ESPESSURA 1,90 MM, SUPERFICIE GALVANIZADA A FOGO,  COM PARAFUSO DIAM 3/8"" X 1,1/2"" INCLUSO",2.ET.DM.99 - OUTROS MATERIAIS,0.0,8.08333333333333,9.75,83.0,7.0,16.66,110,,0.0,0,0,0.0,Normal
267,010625,1.05.02.01.00019-2,B:3845451/C:319163,7920.0,FLANELA; 100% ALGODAO; MEDINDO (38X58)CM; PERCENTUAL VARIANDO DE (2X3)CM; NA COR LARANJA; EMBALADO EMBALAGEM APROPRIADA,2.ET.DM.99 - OUTROS MATERIAIS,44.0,3.75,14.083333332,27.0,144.999999984,185.59999997952,0,,0.0,20,0,0.0,Normal
268,090135,1.02.01.00.00101-2,B:6006906/C:602858,9140.0,"FLUIDO ANTI-CORROSIVO, APLICACAO RADIADORES E SISTEMA DE ARREFECIMENTO A AGUA (PROPORCAO PARA DILUICAO 4%), EMBALAGEM TAMBOR DE 200L",2.ET.DM.99 - OUTROS MATERIAIS,0.0,0.0,100.0,0.0,0.0,0.0,1200,,0.0,0,0,0.0,Normal
269,010520,1.02.01.01.00001-7,B:6005314/C:606883,9140.0,"FLUIDO DE CORTE, INTEGRAL, PARA USINAGEM DE ACO, ACO INOX, METAIS AMARELOS E ALUMINIO, COMPOSICAO BASE ESTER, ISENTO DE CLORO, OLEO MINERAL E METAIS PESADOS, ADITIVOS EXTREMA PRESSAO E ANTIOXIDANTE, VISCOSIDADE (40°C) 22CST, ACONDICIONAMENTO GALAO 20L",2.ET.DM.99 - OUTROS MATERIAIS,80.0,6.66666666666667,8.333333333,80.0,59.999999996,3029.999999798,0,Sim,0.0,40,0,0.0,Normal
270,010520,1.02.01.01.00001-7,B:6005314/C:606883,9140.0,"FLUIDO DE CORTE, INTEGRAL, PARA USINAGEM DE ACO, ACO INOX, METAIS AMARELOS E ALUMINIO, COMPOSICAO BASE ESTER, ISENTO DE CLORO, OLEO MINERAL E METAIS PESADOS, ADITIVOS EXTREMA PRESSAO E ANTIOXIDANTE, VISCOSIDADE (40°C) 22CST, ACONDICIONAMENTO GALAO 20L",2.ET.CB.04 - LUBRIFICANTES,80.0,6.66666666666667,8.333333333,80.0,59.999999996,3029.999999798,0,Sim,0.0,40,0,0.0,Normal
271,040186,1.03.00.01.00014-5,2745267,9052.0,"FORMA TRIPARTIDA, PROCESSO SKV, TRILHO PERFIL TR-57, APLICACAO SOLDA ALUMINOTERMICA",2.ET.VP.99 - OUTROS MATERIAIS DE VIA,76.0,20.75,58.666666667,35.0,128.000000004,21500.1600006719,500,Sim,0.0,0,500,0.0,Normal
272,040187,1.03.00.01.00015-2,4838181,9052.0,"FORMA TRIPARTIDA, PROCESSO SKV, TRILHO PERFIL TR-68, APLICACAO SOLDA ALUMINOTERMICA",2.ET.VP.99 - OUTROS MATERIAIS DE VIA,26.0,2.5,6.0,42.0,46.0,8123.6,0,Sim,0.0,0,0,0.0,Normal
273,040187,1.03.00.01.00015-2,4838181,9052.0,"FORMA TRIPARTIDA, PROCESSO SKV, TRILHO PERFIL TR-68, APLICACAO SOLDA ALUMINOTERMICA",2.ET.DM.99 - OUTROS MATERIAIS,26.0,2.5,6.0,42.0,46.0,8123.6,0,Sim,0.0,0,0,0.0,Normal
274,083264,1.03.00.01.00104-2,4838190,9052.0,"FORMA TRIPARTIDA, PROCESSO SKV, TRILHO PERFIL UIC-60, APLICACAO SOLDA ALUMINOTERMICA",2.ET.DM.99 - OUTROS MATERIAIS,33.0,1.41666666666667,4.583333333,31.0,6.999999996,954.65999945448,15,,0.0,0,15,0.0,Normal
275,085813,1.03.00.01.00116-7,4837983,9052.0,"FORMA TRIPARTIDA, UTILIZADA NA SOLDA ALUMINOTERMICA FOLGA LARGA (WIDE GAP), PROCESSO SKV, TRILHO PERFIL TR-57",2.ET.VP.99 - OUTROS MATERIAIS DE VIA,7.0,0.0,3.083333333,0.0,14.999999996,1505.09999959864,15,,0.0,0,15,0.0,Normal
276,033279,1.05.03.00.00105-4,B:81337/C:15857,842.0,"FORMULARIO 2078, OCORRENCIAS DIVERSAS NAS ESTACOES, CONFORME FICHA TECNICA DE FORMULARIO",3.AD.SD.13 - SERVIÇOS GRÁFICOS (CONSIDERA BILHETES MAGNÉTICOS),392.0,0.0,33.333333334,0.0,8.000000008,9.68000000968,0,,0.0,0,0,0.0,Normal
277,033279,1.05.03.00.00105-4,B:81337/C:15857,842.0,"FORMULARIO 2078, OCORRENCIAS DIVERSAS NAS ESTACOES, CONFORME FICHA TECNICA DE FORMULARIO",2.ET.DM.99 - OUTROS MATERIAIS,392.0,0.0,33.333333334,0.0,8.000000008,9.68000000968,0,,0.0,0,0,0.0,Normal
278,007582,1.05.03.00.00024-8,B:42080/C:15857,842.0,"FORMULARIO 3009, ENVELOPE SACO, TAMANHO MEDIO, CONFORME FICHA TECNICA DE FORMULARIO",2.ET.DM.99 - OUTROS MATERIAIS,4784.0,116.5,1000.833333337,12.0,7326.000000044,3296.7000000198,0,,0.0,100,0,0.0,Normal
279,007582,1.05.03.00.00024-8,B:42080/C:15857,842.0,"FORMULARIO 3009, ENVELOPE SACO, TAMANHO MEDIO, CONFORME FICHA TECNICA DE FORMULARIO",3.AD.SD.13 - SERVIÇOS GRÁFICOS (CONSIDERA BILHETES MAGNÉTICOS),4784.0,116.5,1000.833333337,12.0,7326.000000044,3296.7000000198,0,,0.0,100,0,0.0,Normal
280,007583,1.05.03.00.00025-5,B:51667/C:15857,842.0,"FORMULARIO 3010, ENVELOPE SACO, TAMANHO GRANDE, CONFORME FICHA TECNICA DE FORMULARIO",3.AD.SD.13 - SERVIÇOS GRÁFICOS (CONSIDERA BILHETES MAGNÉTICOS),1991.0,31.6666666666667,608.083333337,5.0,5306.000000044,3395.84000002816,0,,0.0,0,0,0.0,Normal
281,007584,1.05.03.00.00026-2,B:42072/C:15857,842.0,"FORMULARIO 3011, ENVELOPE SACO, TAMANHO PEQUENO, CONFORME FICHA TECNICA DE FORMULARIO",2.ET.DM.99 - OUTROS MATERIAIS,2163.0,90.25,608.166666669,15.0,5235.000000028,2931.60000001568,0,,0.0,100,0,0.0,Normal
282,007584,1.05.03.00.00026-2,B:42072/C:15857,842.0,"FORMULARIO 3011, ENVELOPE SACO, TAMANHO PEQUENO, CONFORME FICHA TECNICA DE FORMULARIO",3.AD.SD.13 - SERVIÇOS GRÁFICOS (CONSIDERA BILHETES MAGNÉTICOS),2163.0,90.25,608.166666669,15.0,5235.000000028,2931.60000001568,0,,0.0,100,0,0.0,Normal
283,007585,1.05.03.00.00027-9,B:81337/C:15857,842.0,"FORMULARIO 3015, ENVELOPE CARTA SEM JANELA, CONFORME FICHA TECNICA DE FORMULARIO",2.ET.DM.99 - OUTROS MATERIAIS,155.0,33.5,164.000000003,20.0,1513.000000036,1059.1000000252,300,,0.0,0,0,0.0,Normal
284,007585,1.05.03.00.00027-9,B:81337/C:15857,842.0,"FORMULARIO 3015, ENVELOPE CARTA SEM JANELA, CONFORME FICHA TECNICA DE FORMULARIO",3.AD.SD.13 - SERVIÇOS GRÁFICOS (CONSIDERA BILHETES MAGNÉTICOS),155.0,33.5,164.000000003,20.0,1513.000000036,1059.1000000252,300,,0.0,0,0,0.0,Normal
285,007611,1.05.03.00.00044-6,81337,842.0,"FORMULARIO 3097, MAPA DIARIO DE VEICULO, CONFORME FICHA TECNICA DE FORMULARIO",3.AD.SD.13 - SERVIÇOS GRÁFICOS (CONSIDERA BILHETES MAGNÉTICOS),336.0,0.0,50.0,0.0,264.0,2122.56,0,,0.0,0,0,0.0,Normal
286,007629,1.05.03.00.00057-6,81337,842.0,"FORMULARIO 3166, CAPA PARA EXPEDIENTE, CONFORME FICHA TECNICA DE FORMULARIO",3.AD.SD.13 - SERVIÇOS GRÁFICOS (CONSIDERA BILHETES MAGNÉTICOS),6129.0,2.5,571.250000001,0.0,726.000000012,1161.6000000192,0,,0.0,0,0,0.0,Normal
287,017007,1.05.03.00.00093-4,81337,842.0,"FORMULARIO 5003, RECIBO DE RECOLHIMENTO DE MERCADORIAS - RRM, CONFORME FICHA TECNICA DE FORMULARIO",3.AD.SD.13 - SERVIÇOS GRÁFICOS (CONSIDERA BILHETES MAGNÉTICOS),4072.0,0.916666666666667,357.499999998,0.0,217.999999976,1177.1999998704,0,,0.0,0,0,0.0,Normal
288,079847,1.05.03.00.00143-1,81337,842.0,"FORMULARIO 5048, CREDENCIAL TRABALHADOR DESEMPREGADO, CONFORME FICHA TECNICA DE FORMULARIO",3.AD.SD.13 - SERVIÇOS GRÁFICOS (CONSIDERA BILHETES MAGNÉTICOS),130.0,0.0,20.666666667,0.0,118.000000004,5310.00000018,0,,0.0,0,0,0.0,Normal
289,007687,1.05.03.00.00085-9,81337,842.0,"FORMULARIO 7016, PEDIDO DE MANOBRA, CONFORME FICHA TECNICA DE FORMULARIO",3.AD.SD.13 - SERVIÇOS GRÁFICOS (CONSIDERA BILHETES MAGNÉTICOS),451.0,315.833333333333,394.166666667,80.0,4279.000000004,42.79000000004,0,,0.0,0,0,0.0,Normal
290,091436,1.06.03.06.00351-8,B:5262720/C:456832,5130.0,"FRESA DE TOPO PARA DESBASTE PESADO, COM PERFIL CORRUGADO, HASTE CILINDRICA (PARALELA) EM ACO RAPIDO (HSS), MINIMO 4 CORTES, DUREZA MINIMA 30HRC, DIAMETRO DE CORTE 22MM, COMPRIMENTO CORTE 38MM, DIAMETRO HASTE 20MM, COMPRIMENTO TOTAL 104MM,",2.ET.DM.06 - FERRAMENTAS,0.0,0.833333333333333,0.833333333,100.0,9.999999996,2649.99999894,0,,0.0,0,0,0.0,Normal
291,090107,1.02.02.04.00047-6,B:4690826/C:612571,8010.0,"FUNDO PRIMER UNIVERSAL, APLICACAO EM SUPERFICIES METALICAS, COR CINZA , MONO-COMPONENTE, CURA AO AR, A BASE DE RESINAS NITROCELULOSE E ALQUIDICAS, DILUIVEL EM SOLVENTE (THINNER), RENDIMENTO DE 09 A 13M2,","2.ET.DM.19 - MATERIAIS PARA CONSTRUÇÃO CIVIL ( CIMENTO, AREIA, MADEIRAS, CHAPAS METÁLICAS, ETC...)",8.0,0.0,0.833333333,0.0,1.999999996,53.657499892685,0,,0.0,0,0,0.0,Normal
292,090107,1.02.02.04.00047-6,B:4690826/C:612571,8010.0,"FUNDO PRIMER UNIVERSAL, APLICACAO EM SUPERFICIES METALICAS, COR CINZA , MONO-COMPONENTE, CURA AO AR, A BASE DE RESINAS NITROCELULOSE E ALQUIDICAS, DILUIVEL EM SOLVENTE (THINNER), RENDIMENTO DE 09 A 13M2,",2.ET.DM.99 - OUTROS MATERIAIS,8.0,0.0,0.833333333,0.0,1.999999996,53.657499892685,0,,0.0,0,0,0.0,Normal
293,086009,1.03.00.01.00124-0,0,9052.0,"GARFO PARA CADINHO DESCARTAVEL, APLICACAO SOLDA ALUMINOTERMICA",2.ET.VP.99 - OUTROS MATERIAIS DE VIA,7.0,0.0,0.583333334,0.0,8e-09,1.089904e-05,0,,0.0,0,0,0.0,Normal
294,007947,1.03.01.05.00086-9,B:2659247/C:448383,9051.0,"GARRA PARALELA, APLICACAO CABO ALIMENTADOR DE 500MCM",2.ET.RA.99 - OUTROS MATERIAIS UTILIZADOS NA REDE AÉREA,80.0,10.0,31.75,31.0,301.0,60200.0,0,Sim,200.0,0,0,0.0,Normal
295,033632,1.04.03.01.00052-1,B:2663210/C:366205,9051.0,GARRA PARALELA P/ CABO ALIMENTACAO 185MM2 E FIO TROLLEY 180MM2,2.ET.RA.99 - OUTROS MATERIAIS UTILIZADOS NA REDE AÉREA,136.0,3.33333333333333,15.0,22.0,44.0,21560.0,0,Sim,0.0,0,0,0.0,Normal
296,090621,1.02.06.01.00002-2,B:5475465/C:603589,9052.0,"GARRAFA DE FLUIDO REFRIGERANTE PRESSURIZADO, CAPACIDADE 7.6 L, COM CONJUNTO DE MANGUEIRAS, PARA FURADEIRA DE TRILHOS TRAK-STAR, MODELO RB28",2.ET.VP.01 - TRILHOS,9.0,0.0,1.666666667,0.0,11.000000004,15387.6066722255,0,Não,0.0,0,0,0.0,Normal
297,090621,1.02.06.01.00002-2,B:5475465/C:603589,9052.0,"GARRAFA DE FLUIDO REFRIGERANTE PRESSURIZADO, CAPACIDADE 7.6 L, COM CONJUNTO DE MANGUEIRAS, PARA FURADEIRA DE TRILHOS TRAK-STAR, MODELO RB28",2.ET.VP.99 - OUTROS MATERIAIS DE VIA,9.0,0.0,1.666666667,0.0,11.000000004,15387.6066722255,0,Não,0.0,0,0,0.0,Normal
298,086639,1.02.00.03.00013-2,B:5968402/C:448550,6695.0,"GAS COMUM, NITROGENIO, PUREZA MIN 99,999%, GRAU 5 ECD, TEOR DE HIDROCARBONETOS TOTAIS (THC) MAX 0.5PPM, TEOR MAX O2, CO E CO2 MAX 1PPM, TEOR H2O MAX 2PPM, CONFORME NBR 12176, ACONDICIONAMENTO CILINDRO 1M3",2.ET.CB.99 - OUTROS LUBRIFICANTES E COMBUSTÍVEIS,6.0,0.75,4.000000001,19.0,21.000000012,4200.0000024,0,,25.0,0,0,21.0,Normal
299,086639,1.02.00.03.00013-2,B:5968402/C:448550,6695.0,"GAS COMUM, NITROGENIO, PUREZA MIN 99,999%, GRAU 5 ECD, TEOR DE HIDROCARBONETOS TOTAIS (THC) MAX 0.5PPM, TEOR MAX O2, CO E CO2 MAX 1PPM, TEOR H2O MAX 2PPM, CONFORME NBR 12176, ACONDICIONAMENTO CILINDRO 1M3",2.ET.CB.04 - LUBRIFICANTES,6.0,0.75,4.000000001,19.0,21.000000012,4200.0000024,0,,25.0,0,0,21.0,Normal
300,007962,1.02.00.03.00002-9,B:801704/C:607629,6695.0,"GAS ESPECIAL, ARGONIO E CO2, PARA SOLDA MIG, COMPOSICAO 80% ARGONIO E 20% DIOXIDO DE CARBONO, ASPECTO INERTE, PRESSAO CO2 60,2 KGF/CM2, PRESSAO AR 150BAR, ACONDICIONAMENTO CILINDRO 10M3",2.ET.CB.04 - LUBRIFICANTES,10.0,2.5,14.166666667,18.0,100.000000004,3300.000000132,0,Sim,160.0,0,0,60.0,Normal
301,007962,1.02.00.03.00002-9,B:801704/C:607629,6695.0,"GAS ESPECIAL, ARGONIO E CO2, PARA SOLDA MIG, COMPOSICAO 80% ARGONIO E 20% DIOXIDO DE CARBONO, ASPECTO INERTE, PRESSAO CO2 60,2 KGF/CM2, PRESSAO AR 150BAR, ACONDICIONAMENTO CILINDRO 10M3",2.ET.CB.99 - OUTROS LUBRIFICANTES E COMBUSTÍVEIS,10.0,2.5,14.166666667,18.0,100.000000004,3300.000000132,0,Sim,160.0,0,0,60.0,Normal
302,008093,1.05.03.02.00057-0,4776640,7510.0,"GRAMPEADOR DE MESA, CAPACIDADE 15 FOLHAS (GRAMATURA 75G/M2), GRAMPO 26/6, TAMANHO DA BASE 12CM MIN, BASE DE PLASTICO, ESTRUTURA DE ACO, COR PRETA",2.ET.DM.01 - MATERIAIS DE PAPELARIA E ESCRITÓRIO,136.0,1.41666666666667,39.083333336,4.0,333.000000032,2071.26000019904,0,,0.0,0,0,0.0,Normal
303,005683,1.03.01.05.00050-0,B:5387361/C:346415,9051.0,"GRAMPO CROSBY 1/2""",2.ET.RA.99 - OUTROS MATERIAIS UTILIZADOS NA REDE AÉREA,100.0,0.0,11.666666668,0.0,40.000000016,2000.0000008,0,Sim,100.0,0,0,0.0,Normal
304,089873,1.03.01.05.00422-2,B:5255708/C:325530,6150.0,"GRAMPO DE ANCORAGEM TIPO CUNHA, PARA CABOS COM SECAO DE 70 A 185MM2, DIAMETRO DE 29 A 34MM, CARGA DE TRACAO MINIMA 800DAN. CORPO EM LIGA DE ALUMINIO, CUNHA EM POLIMERO PRETO E ALCA EM ACO INOXIDAVEL. RESISTENTE A INTEMPERIES E RAIOS ULTRAVIOLETAS.",2.ET.RA.99 - OUTROS MATERIAIS UTILIZADOS NA REDE AÉREA,0.0,0.0,0.833333333,0.0,9.999999996,0.0,0,,0.0,0,0,0.0,Normal
305,004620,1.03.02.07.00004-6,B:2697360/C:483234,9052.0,"GRAMPO ELASTICO, C/ DISPOSITIVO ANTI-VANDALO, TRILHOS TR-57 E TR-68",2.ET.VP.04 - GRAMPO ELÁSTICO,0.0,2250.0,7083.333333333,32.0,13499.999999996,67904.9999999799,14000,,57500.0,0,0,57500.0,Normal
306,008132,1.03.01.05.00100-2,B:6479685/C:346415,9051.0,"GRAMPO, P/ CABO COBRE 500 MCM (253 MM2)",2.ET.RA.99 - OUTROS MATERIAIS UTILIZADOS NA REDE AÉREA,3000.0,41.6666666666667,388.333333334,11.0,1660.000000008,58100.00000028,0,Sim,0.0,0,0,0.0,Normal
307,073961,1.01.03.00.00041-6,B:4350545/C:616923,5610.0,"GRAUTE, COMPOSTO DE ARGAMASSA TIXOTROPICA DE ALTA RESISTENCIA MECANICA E ADITIVOS ESPECIAIS, NAO RETRATIL, RESISTENCIA MINIMA A COMPRESSAO EM 24 HORAS DE 20MPA, RESISTENCIA MINIMA A COMPRESSAO EM 28 DIAS DE 45MPA,","2.ET.DM.19 - MATERIAIS PARA CONSTRUÇÃO CIVIL ( CIMENTO, AREIA, MADEIRAS, CHAPAS METÁLICAS, ETC...)",25.0,0.0,4.166666667,0.0,25.000000004,1194.00000019104,0,Sim,0.0,0,0,0.0,Normal
308,008176,1.02.01.02.00003-8,B:2693631/C:601312,9140.0,"GRAXA, BASE ASFALTICA, CONSISTENCIA (NLGI) N/A, ACONDICIONAMENTO TAMBOR 170 KG",2.ET.CB.04 - LUBRIFICANTES,170.0,14.1666666666667,14.166666667,100.0,4e-09,1.47058823528e-07,0,Sim,0.0,0,0,0.0,Normal
309,090165,1.02.01.02.00048-6,B:2690810/C:473648,,GRAXA; BASE SABAO DE LITIO; CONSISTENCIA NLGI 2; ADITIVACAO DE EXTREMA PRESSAO; TAMBOR DE 170 A 180 KG,2.ET.CB.04 - LUBRIFICANTES,540.0,45.0,113.333333334,40.0,820.000000008,28700.00000028,0,,0.0,0,0,0.0,Normal
310,080741,1.02.01.02.00038-7,4790944,9140.0,"GRAXA LUBRIFICANTE INDUSTRIAL PARA EIXOS E MANCAIS, MULTIPLO USO COMPOSTO DE COMPLEXO DE LITIO, APARENCIA FILAMENTOSA PONTO DE GOTA 150°C (ASTM D 556), VISCOSIDADE 40 GRAU C N. A. CST (ASTM D 445), PONTO DE INFLAMACAO > 180°C, COR VERDE, ACONDICIONAMENTO",2.ET.CB.04 - LUBRIFICANTES,20.0,0.0,1.666666667,0.0,4e-09,6.92e-08,0,,0.0,0,0,0.0,Normal
311,080741,1.02.01.02.00038-7,4790944,9140.0,"GRAXA LUBRIFICANTE INDUSTRIAL PARA EIXOS E MANCAIS, MULTIPLO USO COMPOSTO DE COMPLEXO DE LITIO, APARENCIA FILAMENTOSA PONTO DE GOTA 150°C (ASTM D 556), VISCOSIDADE 40 GRAU C N. A. CST (ASTM D 445), PONTO DE INFLAMACAO > 180°C, COR VERDE, ACONDICIONAMENTO",2.ET.DM.99 - OUTROS MATERIAIS,20.0,0.0,1.666666667,0.0,4e-09,6.92e-08,0,,0.0,0,0,0.0,Normal
312,088918,1.02.04.01.00012-1,B:2627884/C:379963,8720.0,"HERBICIDA, NAO AGRICOLA, SISTEMICO, NAO SELETIVO, ACAO POS-EMERGENTE, INGREDIENTE ATIVO GLIFOSATO, NA COMPOSICAO DE SAL DE ISOPROPILAMINA 480 G/L, CONCENTRADO SOLUVEL (SL), REGISTRO NO IBAMA PARA USO NAO AGRICOLA, EMBALAGEM BOMBONA PLASTICA 20L,",2.ET.DM.99 - OUTROS MATERIAIS,18.0,0.0,3.333333333,0.0,1.999999996,1507.999996984,20,,0.0,0,0,0.0,Normal
313,089511,1.02.04.01.00013-4,B:6491251/C:604744,8720.0,"HERBICIDA, NAO AGRICOLA, SISTEMICO, NAO SELETIVO, ACAO PRE-EMERGENTE E POS-EMERGENTE, NA COMPOSICAO DE EQUIVALENTE ACIDO DO IMAZAPIR 250 G/L, CONCENTRADO SOLUVEL (SL), REGISTRO NO IBAMA PARA USO NAO AGRICOLA, EMBALAGEM BOMBONA PLASTICA 20L",2.ET.DM.99 - OUTROS MATERIAIS,18.0,0.0,3.333333333,0.0,1.999999996,10479.99997904,20,,0.0,0,0,0.0,Normal
314,008414,1.02.04.01.00003-8,B:5182506/C:615990,7940.0,"INSETICIDA DOMESTICO EM AEROSOL EFICAZ CONTRA MOSCAS, MOSQUITOS, MOSQUITO DA DENGUE, PERNILONGOS, BARATAS E FORMIGAS, COMPOSTO DE PRALETRINA 0,02% A 0,05% CIPERMETRINA 0,05% A 0,15%, IMIPROTRINA 0,03% A 0,08%,",2.ET.DM.99 - OUTROS MATERIAIS,591.0,31.5833333333333,89.250000007,35.0,480.000000084,8640.000001512,0,,0.0,0,0,0.0,Normal
315,091655,1.03.09.07.00782-3,B:5388457/C:455391,9053.0,"INTERRUPTOR DE CORTE MULTIPLO, MAQUINA DE CHAVE MD2000",2.ET.ST.99 - OUTROS MATERIAIS UTILIZADOS NA SINALIZAÇÃO,0.0,0.0,0.666666666,0.0,7.999999992,0.0,0,,0.0,0,0,0.0,Normal
316,090665,1.04.02.00.01135-5,B:6487548/C:487736,5930.0,"INTERRUPTOR DIFERENCIAL RESIDUAL, TETRAPOLAR (3P+N), CORRENTE NOMINAL 25A, CORRENTE RESIDUAL (SENSIBILIDADE) 30MA, PROTECAO INSTANTANEA A FUGA TERRA, CORRENTE DE CURTO-CIRCUITO NOMINAL 10KA, TENSAO OPERACAO MAXIMA 400V, FREQUENCIA 60HZ,",2.ET.DM.99 - OUTROS MATERIAIS,1.0,0.0,1.333333333,0.0,14.999999996,5939.999998416,0,,0.0,0,0,0.0,Normal
317,090681,1.04.02.00.01136-6,B:5593891/C:410178,5930.0,"INTERRUPTOR DIFERENCIAL RESIDUAL, 4 POLOS, CORRENTE PERMANENTE 80A, CORRENTE RESIDUAL 30 MILIAMPERES, TENSAO DE OPERACAO 400VCA, TENSAO DE ISOLAMENTO 440VCA, CLASSE AC, FIXACAO POR TRILHO DIN 35, GRAU DE PROTECAO IP20, CONFORME NORMA NBR NM 61008",2.ET.DM.99 - OUTROS MATERIAIS,0.0,0.0,1.166666666,0.0,13.999999992,0.0,0,,0.0,0,0,0.0,Normal
318,079285,1.04.01.05.00088-9,B:6388124/C:325490,9051.0,"ISOLADOR DE PINO, POLIMERICO, TIPO MULTICORPO, CLASSE 35KV, MATERIAL POLIETILENO DE ALTA DENSIDADE, DIAM ROSCA 35MM, APLICACAO REDE COMPACTA 34,5KV",2.ET.DM.99 - OUTROS MATERIAIS,10.0,2.66666666666667,2.916666667,91.0,25.000000004,2287.500000366,0,Sim,0.0,0,0,0.0,Normal
319,090508,1.04.01.06.00116-8,B:5111900/C:446073,9051.0,ISOLADOR DE PORCELANA P/ SUSPENSORIO,2.ET.DM.99 - OUTROS MATERIAIS,26.0,0.0,2.333333334,0.0,2.000000008,449.98000179992,0,,0.0,0,0,0.0,Normal
320,008518,1.04.01.06.00026-9,B:6343910/C:212608,9051.0,"ISOLADOR DE SUSPENSAO, TIPO CONCHA-BOLA, DIAM EXT DO DISCO 7.1/2"", CONFORME ET AK3390-9",2.ET.DM.99 - OUTROS MATERIAIS,486.0,8.33333333333333,63.333333334,13.0,274.000000008,56992.000001664,0,Sim,0.0,0,0,0.0,Normal
321,008518,1.04.01.06.00026-9,B:6343910/C:212608,9051.0,"ISOLADOR DE SUSPENSAO, TIPO CONCHA-BOLA, DIAM EXT DO DISCO 7.1/2"", CONFORME ET AK3390-9",2.ET.RA.99 - OUTROS MATERIAIS UTILIZADOS NA REDE AÉREA,486.0,8.33333333333333,63.333333334,13.0,274.000000008,56992.000001664,0,Sim,0.0,0,0,0.0,Normal
322,089707,1.06.04.05.00191-7,B:6211267/C:607336,3990.0,"JOGO DE 4 CABOS DE VELA, PARA EMPILHADEIRA HANGCHA CPQD25-XRW22F, REF. 22440-FU410",-,2.0,0.0,0.166666667,0.0,4e-09,3.3912e-07,0,,2.0,0,0,0.0,Normal
323,069683,1.04.01.00.00146-0,4618378,6270.0,"JUNCAO RAPIDA TIPO X, PERFURADA, MATERIAL ACO SAE 1020, ACABAMENTO GALVANIZADO A FOGO, CONTEM 8 FUROS OBILONGOS DE 10 X 20 MM, ESPESSSURA DA CHAPA 1,9 MM (M.S.G. 14), COMPRIMENTO 152 MM, APLICACAO EM PERFILADO 76 X 38 MM",2.ET.DM.99 - OUTROS MATERIAIS,20.0,2.5,2.5,100.0,10.0,180.0,0,,0.0,0,0,0.0,Normal
324,085497,1.03.00.03.01045-1,B:5730295/C:476031,9052.0,"JUNTA DO COLETOR DE ESCAPE, PECA DE REPOSICAO PARA VEICULO DE  MANUTENCAO DE VIA/ REDE AEREA, APLICADA NO MOTOR CICLO DIESEL (06 CILINDROS), MARCA SCANIA, MODELO DC9 51, A 06 E, NUMERO 6035465",2.ET.MR.32 - DEMAIS VEÍCULOS FERROVIÁRIOS E RODOFERROVIÁRIO (COMPONENTES E ACESSÓRIOS),5.0,0.5,0.5,100.0,1.0,40.5,0,Não,0.0,0,0,0.0,Normal
325,079111,1.03.02.07.00081-8,B:5593441/C:614614,9052.0,"JUNTA ISOLANTE COLADA (JIC), CORTE DO TRILHO 135/90 GR, PERFIL TR-57, COMP 3MX3M, CONFORME ESPECIFICACAO TECNICA CPTM ET AA1099-7",2.ET.VP.99 - OUTROS MATERIAIS DE VIA,0.0,0.0,9.166666666,0.0,99.999999992,743799.999940496,10,,0.0,0,0,0.0,Normal
326,079110,1.03.02.07.00080-5,B:5593417/C:614614,9052.0,"JUNTA ISOLANTE COLADA (JIC), CORTE DO TRILHO 45/90 GR, PERFIL TR-57, COMP 3MX3M, CONFORME ESPECIFICACAO TECNICA CPTM ET AA1099-7",2.ET.VP.99 - OUTROS MATERIAIS DE VIA,0.0,0.0,9.166666666,0.0,99.999999992,743799.999940496,10,,0.0,0,0,0.0,Normal
327,076908,1.04.02.01.01105-9,0,9051.0,"KIT DE CONTATO AUXILIAR DE OURO, PARA DISJUNTOR DE ALTA VELOCIDADE DC, SECHERON, MODELO UR 40-64S",2.ET.DM.99 - OUTROS MATERIAIS,0.0,0.0,0.5,0.0,6.0,0.0,0,Sim,0.0,0,0,0.0,Normal
328,076909,1.04.02.01.01106-2,0,9051.0,"KIT DE CONTATO AUXILIAR DE PRATA, PARA DISJUNTOR DE ALTA VELOCIDADE DC, SECHERON, MODELO UR40-64S",2.ET.DM.99 - OUTROS MATERIAIS,3.0,0.0,0.666666667,0.0,5.000000004,2550.15000204012,0,Sim,0.0,0,0,0.0,Normal
329,081136,1.04.02.01.01140-0,0,9051.0,"KIT DE MUDANCA DO GARFO E LAMINA, PARA DISJUNTOR DE ALTA VELOCIDADE 3KVCC, SECHERON, MODELO UR36-40",2.ET.DM.99 - OUTROS MATERIAIS,8.0,0.0,1.499999999,0.0,9.999999988,158354.399809975,0,,0.0,0,0,0.0,Normal
330,081136,1.04.02.01.01140-0,0,9051.0,"KIT DE MUDANCA DO GARFO E LAMINA, PARA DISJUNTOR DE ALTA VELOCIDADE 3KVCC, SECHERON, MODELO UR36-40",2.ET.DM.20 - MATERIAIS ESPECÍFICOS PARA SUBESTAÇÃO NÃO DETALHADO ANTERIORMENTE,8.0,0.0,1.499999999,0.0,9.999999988,158354.399809975,0,,0.0,0,0,0.0,Normal
331,089683,1.06.04.05.00188-9,B:6211321/C:237111,3990.0,"KIT REPARO CARBURADOR - JUNTAS, PARA EMPILHADEIRA HANGCHA CPQD25-XRW22F, REF. 16455-K9200",2.ET.DM.21 - PEÇAS DE REPOSIÇÃO PARA MÁQUINA E EQUIPAMENTOS,2.0,0.0,0.166666667,0.0,4e-09,5.6068e-07,0,,2.0,0,0,0.0,Normal
332,089720,1.06.04.05.00192-0,B:5697662/C:354302,3790.0,"KIT REPARO CARBURADOR - PARAF. E ARR. A, PARA EMPILHADEIRA HANGCHA CPQD25-XRW22F, REF. 16465-FF100",2.ET.DM.21 - PEÇAS DE REPOSIÇÃO PARA MÁQUINA E EQUIPAMENTOS,2.0,0.0,0.166666667,0.0,4e-09,9.362e-07,0,,2.0,0,0,0.0,Normal
333,089684,1.06.04.05.00189-2,B:6211321/C:237111,3990.0,"KIT REPARO CARBURADOR - PARAF. E ARR. B, PARA EMPILHADEIRA HANGCHA CPQD25-XRW22F, REF. 16475-FU010",2.ET.DM.21 - PEÇAS DE REPOSIÇÃO PARA MÁQUINA E EQUIPAMENTOS,2.0,0.0,0.166666667,0.0,4e-09,8.8896e-07,0,,2.0,0,0,0.0,Normal
334,018855,1.05.02.02.00006-9,B:5587492/C:380578,8135.0,"LACRE DE SEGURANCA, POLIPROPILENO, DENTADA, COR AZUL OU VERMELHA, IDENTIFICACAO NUMERICA EM RELEVO OU HOT STAMP, ESP 3,5 MM, LARG 6,5 MM, COMPRIMENTO TOTAL 330 MM, NUMERACAO DE 7 DIGITOS SEQUENCIAL",2.ET.DM.99 - OUTROS MATERIAIS,15000.0,0.0,2825.333333336,0.0,18904.000000032,3873.42960000656,0,,0.0,0,0,0.0,Normal
335,091483,1.03.00.02.00312-7,B:6501770/C:311040,5190.0,"LAMINA DE SERRA, BIMETALICA (DENTES EM ACO RAPIDO M42), TIPO FITA, LARGURA 27MM, ESPESSURA 0,90MM, SOLDADA NO COMPRIMENTO DE 3880MM, 4-6 DENTES/ POLEGADA, DENTES RETIFICADOS COM ALTURA, PASSO E TRAVA VARIAVEIS, ANGULO DE ATAQUE POSITIVO",2.ET.DM.21 - PEÇAS DE REPOSIÇÃO PARA MÁQUINA E EQUIPAMENTOS,0.0,0.0,0.5,0.0,6.0,0.0,0,Não,0.0,0,0,0.0,Normal
336,091374,1.03.00.02.00282-2,B:1563785/C:603133,5190.0,"LAMINA DE SERRA MANUAL EM ACO RAPIDO; COM 32 DENTES; MEDINDO (C X L X E) (300 X 13 X 0,60) MM",2.ET.DM.06 - FERRAMENTAS,44.0,0.0,6.083333333,0.0,28.999999996,326.381818294982,0,Sim,0.0,0,0,0.0,Normal
337,009096,1.05.03.02.00060-0,B:296996/C:321724,7505.0,"LAMINA P/ ESTILETE, ESTREITA",2.ET.DM.01 - MATERIAIS DE PAPELARIA E ESCRITÓRIO,70.0,1.16666666666667,11.583333332,10.0,68.999999984,23.252999994608,0,,0.0,0,0,0.0,Normal
338,071163,1.04.08.00.00191-2,5057795,2770.0,"LAMPADA COM BASE DE VIDRO, DIAMETRO 5MM, COMPRIMENTO 20MM, COR BRANCA, TENSAO 12V, POTENCIA 1,2W, BASE W2X4.6D, FLUXO LUMINOSO 7,5 +/-20%, VIDA UTIL 1500 HORAS, APLICACAO PAINEL (LINHA AUTOMOTIVA)",2.ET.DM.05 - MATERIAIS DE ILUMINAÇÃO,0.0,0.0,0.75,0.0,9.0,21.6,0,Sim,0.0,0,0,0.0,Normal
339,071163,1.04.08.00.00191-2,5057795,2770.0,"LAMPADA COM BASE DE VIDRO, DIAMETRO 5MM, COMPRIMENTO 20MM, COR BRANCA, TENSAO 12V, POTENCIA 1,2W, BASE W2X4.6D, FLUXO LUMINOSO 7,5 +/-20%, VIDA UTIL 1500 HORAS, APLICACAO PAINEL (LINHA AUTOMOTIVA)",2.ET.DM.99 - OUTROS MATERIAIS,0.0,0.0,0.75,0.0,9.0,21.6,0,Sim,0.0,0,0,0.0,Normal
340,071161,1.04.08.00.00189-7,B:6187625/C:617211,2770.0,"LAMPADA COM BASE PLASTICA, BULBO TUBULAR T5, COR CINZA, TENSAO 24V, POTENCIA NOMINAL 1W, BASE B8,5D, APLICACAO PAINEL (LINHA AUTOMOTIVA)",2.ET.DM.05 - MATERIAIS DE ILUMINAÇÃO,0.0,0.0,2.5,0.0,30.0,357.0,0,,0.0,0,0,0.0,Normal
341,071161,1.04.08.00.00189-7,B:6187625/C:617211,2770.0,"LAMPADA COM BASE PLASTICA, BULBO TUBULAR T5, COR CINZA, TENSAO 24V, POTENCIA NOMINAL 1W, BASE B8,5D, APLICACAO PAINEL (LINHA AUTOMOTIVA)",2.ET.DM.99 - OUTROS MATERIAIS,0.0,0.0,2.5,0.0,30.0,357.0,0,,0.0,0,0,0.0,Normal
342,078581,1.04.08.02.00038-6,B:5208882/C:446090,6240.0,"LAMPADA FLUORESCENTE COMPACTA INTEGRADA, BULBO ESPIRAL, POTENCIA 42 A 46W, TENSAO NOMINAL 220/240V, BASE E27, TEMPERATURA DE COR 6000 A 6500K, FLUXO LUMINOSO MIN 2700LM, IRC MIN 70, FATOR DE POTENCIA MINIMO 0,9; VIDA UTIL MIN 6000H",2.ET.DM.05 - MATERIAIS DE ILUMINAÇÃO,0.0,0.0,2.5,0.0,30.0,1377.0,0,Sim,0.0,0,0,0.0,Normal
343,066118,1.04.08.02.00021-9,2939193,6240.0,"LAMPADA FLUORESCENTE, TIPO COMPACTA, NAO INTEGRADA COM REATOR, POTENCIA 26W, TEMPERATURA DE COR 4000K, FLUXO LUMINOSO 1800LM APROX, IRC 82 MIN, BULBO CLARO FORMADO POR 4 TUBOS PARALELOS, BASE G24Q-3, VIDA UTIL 10000H MIN",2.ET.DM.05 - MATERIAIS DE ILUMINAÇÃO,0.0,0.0,2.5,0.0,30.0,450.0,0,,0.0,0,0,0.0,Normal
344,090873,1.04.08.00.00199-1,B:2518473/C:470076,2770.0,"LAMPADA, HALOGENA, TENSAO 24V, POTENCIA 70W, BULBO TUBULAR, ACABAMENTO CLARO, BASE PK22S, CATEGORIA ECE H3, APLICACAO FAROL AUTOMOTIVO",2.ET.DM.99 - OUTROS MATERIAIS,0.0,0.0,2.5,0.0,30.0,0.0,0,Sim,0.0,0,0,0.0,Normal
345,090873,1.04.08.00.00199-1,B:2518473/C:470076,2770.0,"LAMPADA, HALOGENA, TENSAO 24V, POTENCIA 70W, BULBO TUBULAR, ACABAMENTO CLARO, BASE PK22S, CATEGORIA ECE H3, APLICACAO FAROL AUTOMOTIVO",2.ET.DM.05 - MATERIAIS DE ILUMINAÇÃO,0.0,0.0,2.5,0.0,30.0,0.0,0,Sim,0.0,0,0,0.0,Normal
346,090874,1.04.08.00.00200-1,B:2220482/C:298266,2770.0,"LAMPADA, HALOGENA, TENSAO 24V, POTENCIA 75/70W (FILAMENTO DUPLO), BULBO TUBULAR, ACABAMENTO CLARO, BASE P43T, CATEGORIA ECE H4, APLICACAO FAROL AUTOMOTIVO",2.ET.DM.05 - MATERIAIS DE ILUMINAÇÃO,35.0,0.0,4.166666667,0.0,15.000000004,375.475714450127,0,Sim,0.0,0,0,0.0,Normal
347,090874,1.04.08.00.00200-1,B:2220482/C:298266,2770.0,"LAMPADA, HALOGENA, TENSAO 24V, POTENCIA 75/70W (FILAMENTO DUPLO), BULBO TUBULAR, ACABAMENTO CLARO, BASE P43T, CATEGORIA ECE H4, APLICACAO FAROL AUTOMOTIVO",2.ET.DM.99 - OUTROS MATERIAIS,35.0,0.0,4.166666667,0.0,15.000000004,375.475714450127,0,Sim,0.0,0,0,0.0,Normal
348,009235,1.04.08.00.00132-8,2683806,2770.0,"LAMPADA INCANDESCENTE, TIPO TUBULAR, POTENCIA 2W, TENSAO 24V, BASE W21 X 9,5D, TAM BULBO T3, ACABAMENTO BULBO CLARO, DIAM 10,3MM, COMP 26,8MM, VIDA UTIL MIN 1000 H",2.ET.DM.05 - MATERIAIS DE ILUMINAÇÃO,0.0,0.0,0.333333333,0.0,3.999999996,3.75999999624,0,,0.0,0,0,0.0,Normal
349,009202,1.04.08.00.00107-6,913820,2770.0,"LAMPADA, INCANDESCENTE, 5W, 12V, BULBO BOLA, ACABAMENTO CLARO, BASE BA15S/19, DIAM 18MM, COMP 36MM",2.ET.DM.05 - MATERIAIS DE ILUMINAÇÃO,0.0,0.0,0.333333333,0.0,3.999999996,3.1999999968,0,,0.0,0,0,0.0,Normal
350,009242,1.04.08.00.00135-9,B:6188389/C:614195,5936.0,"LAMPADA, INCANDESCENTE, 5W, 12V, BULBO TUBULAR, ACABAMENTO CLARO, BASE BA15S/19, DIAM 18MM, COMP 35MM",2.ET.DM.99 - OUTROS MATERIAIS,0.0,0.0,2.5,0.0,30.0,330.0,0,,0.0,0,0,0.0,Normal
351,009242,1.04.08.00.00135-9,B:6188389/C:614195,5936.0,"LAMPADA, INCANDESCENTE, 5W, 12V, BULBO TUBULAR, ACABAMENTO CLARO, BASE BA15S/19, DIAM 18MM, COMP 35MM",2.ET.DM.05 - MATERIAIS DE ILUMINAÇÃO,0.0,0.0,2.5,0.0,30.0,330.0,0,,0.0,0,0,0.0,Normal
352,039015,1.04.08.00.00155-7,4972724,2770.0,"LAMPADA, INCANDESCENTE, 5W, 24V, BULBO TUBULAR, ACABAMENTO CLARO, BASE SV8.5, DIAM 11MM, COMP 35MM, VIDA MEDIA 300H",2.ET.DM.05 - MATERIAIS DE ILUMINAÇÃO,0.0,0.0,2.5,0.0,30.0,180.0,0,,0.0,0,0,0.0,Normal
353,039015,1.04.08.00.00155-7,4972724,2770.0,"LAMPADA, INCANDESCENTE, 5W, 24V, BULBO TUBULAR, ACABAMENTO CLARO, BASE SV8.5, DIAM 11MM, COMP 35MM, VIDA MEDIA 300H",2.ET.DM.99 - OUTROS MATERIAIS,0.0,0.0,2.5,0.0,30.0,180.0,0,,0.0,0,0,0.0,Normal
354,089599,1.04.08.09.39-8,B:6503934/C:600028,6240.0,"LAMPADA LED, BULBO TIPO T, POTENCIA MAXIMA 80 WATTS, BIVOLT, 60HZ; FLUXO LUMINOSO MINIMO 9.000 LUMENS; TEMPERATURA DE COR MINIMA 6300K; IRC MINIMO 80; FATOR DE POTENCIA MINIMO 0,9; VIDA UTIL MINIMA DE 15.000 HORAS;",2.ET.DM.05 - MATERIAIS DE ILUMINAÇÃO,50.0,0.0,4.166666667,0.0,4e-09,6.2792e-07,0,,0.0,0,0,0.0,Normal
355,079135,1.04.08.09.02-0,B:4869001/C:439285,6240.0,"LAMPADA LED, CORPO EM PLASTICO, BULBO NO FORMATO A60, MEDINDO NO MAXIMO (65X125)MM, BASE E-27, POTENCIA DE 12 A 14W, COM FLUXO LUMINOSO MINIMO DE 1100 A 1600 LUMENS, BIVOLT (100-240V), FREQUENCIA DE 50-60HZ, VIDA UTIL MINIMA DE 25000 HORAS, TEMPERATURA DA",2.ET.DM.99 - OUTROS MATERIAIS,204.0,73.0833333333333,133.833333332,55.0,601.999999984,1661.51999995584,800,Sim,0.0,0,0,0.0,Normal
356,079135,1.04.08.09.02-0,B:4869001/C:439285,6240.0,"LAMPADA LED, CORPO EM PLASTICO, BULBO NO FORMATO A60, MEDINDO NO MAXIMO (65X125)MM, BASE E-27, POTENCIA DE 12 A 14W, COM FLUXO LUMINOSO MINIMO DE 1100 A 1600 LUMENS, BIVOLT (100-240V), FREQUENCIA DE 50-60HZ, VIDA UTIL MINIMA DE 25000 HORAS, TEMPERATURA DA",2.ET.DM.05 - MATERIAIS DE ILUMINAÇÃO,204.0,73.0833333333333,133.833333332,55.0,601.999999984,1661.51999995584,800,Sim,0.0,0,0,0.0,Normal
357,079134,1.04.08.09.01-7,B:6294103/C:446958,6240.0,"LAMPADA LED, POTENCIA NOMINAL 6W, TENSAO 100-240V, BULBO A55 OU A60, BASE E27, TEMPERATURA DE COR 6500K, FLUXO LUMINOSO MIN 560LM, IRC MIN 80, FATOR DE POTENCIA MIN 0,7, VIDA UTIL MIN 25000H, CORPO EM TERMOPLASTICO E METAL, DIMENSOES MAXIMAS 60X112MM",2.ET.DM.05 - MATERIAIS DE ILUMINAÇÃO,686.0,47.1666666666667,65.666666667,72.0,102.000000004,346.8000000136,0,Sim,0.0,0,0,0.0,Normal
358,071166,1.04.08.03.00018-5,3178285,5936.0,"LAMPADA PARA SINALIZACAO, BULBO TUBULAR T4W, DIAMETRO 9MM, COMPRIMENTO 27,4MM, COR BRANCA, TENSAO 12V, POTENCIA 4W, BASE BA9S (69), FLUXO LUMINOSO 35 +/-20%LM, VIDA UTIL 1500 HORAS, APLICACAO PAINEL (LINHA AUTOMOTIVA)",2.ET.DM.05 - MATERIAIS DE ILUMINAÇÃO,0.0,0.0,0.25,0.0,3.0,7.5,0,,0.0,0,0,0.0,Normal
359,071164,1.04.08.03.00017-2,6326471,5936.0,"LAMPADA PARA SINALIZACAO, DIAMETRO 19MM, COMPRIMENTO 37,5MM, COR BRANCA, TENSAO 12V, POTENCIA 10W, BASE BA15S, FLUXO LUMINOSO 125 +/-20%LM, VIDA UTIL 1200 HORAS, APLICACAO LANTERNA (LINHA AUTOMOTIVA)",2.ET.DM.05 - MATERIAIS DE ILUMINAÇÃO,0.0,0.0,0.5,0.0,6.0,60.0,0,,0.0,0,0,0.0,Normal
360,066528,1.03.04.01.00025-1,B:6451861/C:239975,4550.0,"LAVATORIO DE LOUCA NA COR BRANCA; TIPO PARA FIXACAO NA PAREDE; SEM A COLUNA; NO FORMATO OVALADO, NAS DIMENSOES 400 X 290 MM, COM 2 FUROS APONTADOS PARA INSTALACAO DE UMA TORNEIRA",2.ET.DM.99 - OUTROS MATERIAIS,2.0,0.416666666666667,0.666666667,62.0,2.000000004,151.6000003032,4,Sim,0.0,0,0,0.0,Normal
361,085820,1.03.00.01.00123-7,0,9052.0,"LIMITADOR ESPECIFICO P/ AJUSTE DA JUNTA ENTRE SEGMENTOS DE TRILHO, UTILIZADO NA SOLDA ALUMINOTERMICA FOLGA LARGA (WIDE GAP), PROCESSO SKV",2.ET.VP.99 - OUTROS MATERIAIS DE VIA,7.0,0.0,0.75,0.0,2.0,1775.36,0,,0.0,0,0,0.0,Normal
362,009495,1.03.00.02.00081-4,B:4232542/C:445916,5350.0,"LIXA DAGUA, DE OXIDO DE ALUMINIO, PARA FERRO E METAIS EM GERAL, GRAO 150, EM FOLHA MEDINDO 275 X 225 MM, PARA PREPARACAO DE SUPERFICIE",2.ET.DM.99 - OUTROS MATERIAIS,220.0,17.5,31.666666667,55.0,160.000000004,80.960000002024,0,Sim,0.0,0,0,0.0,Normal
363,009489,1.03.00.02.00075-3,B:4928270/C:302149,5350.0,"LIXA EM FOLHA, DIMENSAO 225 MM X 275 MM, GRANULOMETRIA 1500, COSTADO PAPEL IMPERMEAVEL, MINERAL CARBETO DE SILICIO, APLICACAO LIXAMENTO C/ AGUA EM PINTURAS E METAIS",2.ET.DM.99 - OUTROS MATERIAIS,103.0,8.33333333333333,11.416666666,73.0,33.999999992,82.95999998048,0,,0.0,0,0,0.0,Normal
364,009496,1.03.00.02.00082-1,5472512,5350.0,"LIXA EM FOLHA, DIMENSAO 225 MM X 275 MM, GRANULOMETRIA 180, COSTADO PAPEL IMPERMEAVEL, MINERAL OXIDO DE ALUMINIO, APLICACAO LIXAMENTO C/ AGUA EM PINTURAS E METAIS",2.ET.DM.99 - OUTROS MATERIAIS,80.0,8.33333333333333,12.166666666,68.0,65.999999992,62.6999999924,0,,0.0,0,0,0.0,Normal
365,009515,1.03.00.02.00100-2,B:5469848/C:251613,5350.0,"LIXA EM FOLHA, DIMENSAO 225 MM X 275 MM, GRANULOMETRIA 240, COSTADO PANO, MINERAL OXIDO DE ALUMINIO, APLICACAO LIXAMENTO DE METAIS",2.ET.DM.99 - OUTROS MATERIAIS,63.0,0.0,5.416666667,0.0,2.000000004,3.8000000076,0,,0.0,0,0,0.0,Normal
366,009500,1.03.00.02.00086-9,5472555,5350.0,"LIXA EM FOLHA, DIMENSAO 225 MM X 275 MM, GRANULOMETRIA 280, COSTADO PAPEL IMPERMEAVEL, MINERAL OXIDO DE ALUMINIO, APLICACAO LIXAMENTO C/ AGUA EM PINTURAS E METAIS",2.ET.DM.99 - OUTROS MATERIAIS,107.0,8.33333333333333,11.166666666,75.0,26.999999992,25.6499999924,0,,0.0,0,0,0.0,Normal
367,009502,1.03.00.02.00088-3,5473233,5350.0,"LIXA EM FOLHA, DIMENSAO 225 MM X 275 MM, GRANULOMETRIA 320, COSTADO PAPEL IMPERMEAVEL, MINERAL OXIDO DE ALUMINIO, APLICACAO LIXAMENTO C/ AGUA EM PINTURAS E METAIS",2.ET.DM.99 - OUTROS MATERIAIS,77.0,16.6666666666667,16.666666666,100.0,122.999999992,92.249999994,0,Sim,0.0,0,0,0.0,Normal
368,009503,1.03.00.02.00089-0,B:6471897/C:628529,5350.0,"LIXA EM FOLHA, DIMENSAO 225 MM X 275 MM, GRANULOMETRIA 400, COSTADO PAPEL IMPERMEAVEL, MINERAL OXIDO DE ALUMINIO, APLICACAO LIXAMENTO C/ AGUA EM PINTURAS E METAIS",2.ET.DM.99 - OUTROS MATERIAIS,13.0,5.0,19.916666666,25.0,115.999999992,93.95999999352,110,,0.0,0,0,0.0,Normal
369,009505,1.03.00.02.00091-3,5473250,5350.0,"LIXA EM FOLHA, DIMENSAO 225 MM X 275 MM, GRANULOMETRIA 500, COSTADO PAPEL IMPERMEAVEL, MINERAL OXIDO DE ALUMINIO, APLICACAO LIXAMENTO C/ AGUA EM PINTURAS E METAIS",2.ET.DM.99 - OUTROS MATERIAIS,184.0,10.8333333333333,18.75,58.0,41.0,62.32,0,,0.0,0,0,0.0,Normal
370,009518,1.03.00.02.00103-3,B:4683129/C:297215,5350.0,"LIXA EM FOLHA, DIMENSAO 225 MM X 275 MM, GRANULOMETRIA 80, COSTADO PANO, MINERAL OXIDO DE ALUMINIO, APLICACAO LIXAMENTO DE METAIS",2.ET.DM.99 - OUTROS MATERIAIS,150.0,13.6666666666667,18.583333333,74.0,72.999999996,116.7999999936,0,Sim,0.0,0,0,0.0,Normal
371,009486,1.03.00.02.00073-9,B:4428293/C:628528,5350.0,"LIXA EM FOLHA, DIMENSAO 225 MM X 275 MM, GRANULOMETRIA 80, COSTADO PAPEL, MINERAL OXIDO DE ALUMINIO, APLICACAO LIXAMENTO DE MADEIRA",2.ET.DM.99 - OUTROS MATERIAIS,1.0,20.75,22.500000001,92.0,69.000000012,48.3000000084,200,Sim,0.0,0,0,0.0,Normal
372,091816,1.03.05.12.00004-1,B:6274994/C:618974,3990.0,"LONA DE FREIO, PARA EMPILHADEIRA HANGCHA CPQD25-XRW22F, REF. FHXX23653-73021",2.ET.DM.21 - PEÇAS DE REPOSIÇÃO PARA MÁQUINA E EQUIPAMENTOS,2.0,0.0,0.166666667,0.0,4e-09,7.5532e-07,0,,0.0,0,0,0.0,Normal
373,090096,1.05.02.02.00066-6,B:5857244/C:270853,8335.0,"LONA DE PVC,TECIDOS DE FIOS POLIESTER,TIPO 1100 DTEX,REVESTIMENTO DE PVC EM AMBAS AS FACES, COMPR. 4M, LARG. 4M,GRAMATURA 680G/M2,RESISTENCIA A RASGO 17 X 17 KGF, RESISTENCIA A TRACAO 100 X 75 KGF/CM,COR VERDE,AVESSO PRETO,BAINHA COSTURADA,DISTANCIA ENTRE",2.ET.MR.32 - DEMAIS VEÍCULOS FERROVIÁRIOS E RODOFERROVIÁRIO (COMPONENTES E ACESSÓRIOS),6.0,0.666666666666667,2.916666666,23.0,1.999999992,719.99999712,27,,0.0,0,27,0.0,Normal
374,009557,1.04.08.07.00012-2,B:3645916/C:368685,6210.0,"LUMINARIA ABERTA, CORPO EM ACO CARBONO, COR BRANCA, SOBREPOR TIPO CALHA, P/ 2 LAMPADAS FLUORESCENTES DE 40 W, ACABAMENTO PINTURA ELETROSTATICA A PO, PORTA LAMPADA G13, ANTIVIBRATORIO, DIMENSOES: (50X135X1250)MM (ALT. X LARG. X COMP.)",2.ET.DM.99 - OUTROS MATERIAIS,0.0,6.66666666666667,14.25,47.0,61.0,4270.0,0,,110.0,0,0,110.0,Normal
375,009557,1.04.08.07.00012-2,B:3645916/C:368685,6210.0,"LUMINARIA ABERTA, CORPO EM ACO CARBONO, COR BRANCA, SOBREPOR TIPO CALHA, P/ 2 LAMPADAS FLUORESCENTES DE 40 W, ACABAMENTO PINTURA ELETROSTATICA A PO, PORTA LAMPADA G13, ANTIVIBRATORIO, DIMENSOES: (50X135X1250)MM (ALT. X LARG. X COMP.)",2.ET.DM.05 - MATERIAIS DE ILUMINAÇÃO,0.0,6.66666666666667,14.25,47.0,61.0,4270.0,0,,110.0,0,0,110.0,Normal
376,087354,1.04.08.09.32-7,B:6496180/C:616918,6210.0,"LUMINARIA PUBLICA LED, POTENCIA MAX 220W, TEMPERATURA DE COR ENTRE 4000 A 6500K, IRC MAIOR 70, FATOR POTENCIA MIN 0.92, TENSAO DE ALIMENTACAO BIVOLT, FLUXO LUMINOSO DA LUMINARIA MIN  25000 LUMENS, VIDA UTIL MIN 50.000 HORAS",2.ET.DM.05 - MATERIAIS DE ILUMINAÇÃO,220.0,10.0,53.333333333,19.0,419.999999996,146462.399998605,0,,0.0,0,0,0.0,Normal
377,070549,1.03.03.01.00106-5,5042321,4710.0,"LUVA DE CORRER, PVC RIGIDO, BRANCA, DIAMETRO 50MM, CONEXAO SOLDAVEL, COM ANEIS DE VEDACAO, CONFORME NORMA ABNT NBR 5688",2.ET.MR.32 - DEMAIS VEÍCULOS FERROVIÁRIOS E RODOFERROVIÁRIO (COMPONENTES E ACESSÓRIOS),13.0,0.833333333333333,1.25,67.0,2.0,16.0,0,Sim,0.0,0,0,0.0,Normal
378,009603,1.04.01.02.00157-2,B:6247008/C:403102,6190.0,"LUVA PARA CONDUTOR, A COMPRESSAO, PARA CABO DE SECAO 70MM2, EM COBRE ELETROLITICO ESTANHADO, BOCA EXPANDIDA, COMPRIMENTO MINIMO 50MM",2.ET.DM.99 - OUTROS MATERIAIS,52.0,1.33333333333333,9.083333333,15.0,56.999999996,404.6999999716,0,Sim,0.0,0,0,0.0,Normal
379,079991,1.04.01.02.00459-2,B:5876265/C:403099,9053.0,"LUVA PARA CONDUTOR DE ALUMINIO, A COMPRESSAO, PARA CABO DE SECAO 120MM2, FABRICADO EM ALUMINIO, COM COMPOSTO ANTIOXIDO.",2.ET.DM.04 - MATERIAIS ELÉTRICOS E ELETRÔNICOS,25.0,1.0,2.333333333,43.0,2.999999996,122.0999998372,0,,0.0,0,0,0.0,Normal
380,079991,1.04.01.02.00459-2,B:5876265/C:403099,9053.0,"LUVA PARA CONDUTOR DE ALUMINIO, A COMPRESSAO, PARA CABO DE SECAO 120MM2, FABRICADO EM ALUMINIO, COM COMPOSTO ANTIOXIDO.",2.ET.DM.99 - OUTROS MATERIAIS,25.0,1.0,2.333333333,43.0,2.999999996,122.0999998372,0,,0.0,0,0,0.0,Normal
381,089874,1.04.01.02.00553-1,B:5876265/C:403099,9053.0,"LUVA PARA CONDUTOR DE ALUMINIO, A COMPRESSAO, PARA CABO DE SECAO 185MM2, COMPRIMENTO MINIMO 250MM, FABRICADO EM ALUMINIO, COM COMPOSTO ANTIOXIDO.",2.ET.DM.99 - OUTROS MATERIAIS,3.0,0.833333333333333,0.833333333,100.0,6.999999996,230.999999868,0,,0.0,0,0,0.0,Normal
382,089541,1.05.01.00.00092-8,B:6494811/C:616643,8421.0,"MACACAO EM TYVEK, COM CAPUZ, 100% POLIETILENO DE ALTA DENSIDADE, TAM XXXG, COR BRANCA, FECHAMENTO FRONTAL COM ZIPER ATE ALTURA DO QUEIXO, COM ELASTICO NOS PUNHOS, TORNOZELOS E TAMBEM NAS COSTAS, CAPUZ DEVE POSSUIR ELASTICO, REFORCO NO CAVALO,",2.ET.DM.08 - EQUIPAMENTO DE PROTEÇÃO E SEGURANÇA,9.0,0.0,0.75,0.0,0.0,0.0,0,,0.0,0,0,0.0,Normal
383,082750,1.04.09.03.00415-3,B:5230624/C:466377,9053.0,"MANCAL MOLA GAS, PARA MECANISMO DO TRIPE, PECA DE REPOSICAO PARA BLOQUEIO, MARCA TTRANS, MODELOS LINHA 5 E LK8",2.ET.ES.02 - BLOQUEIOS (PEÇAS E ACESSÓRIOS),50.0,0.0,6.5,0.0,28.0,1459.36,0,,0.0,0,0,0.0,Normal
384,090184,1.03.03.02.00276-9,4817958,4720.0,"MANGUEIRA INDUSTRIAL, DIAMETRO INTERNO DE 1 1/4"" (32,0MM) COM TUBO INTERNO EM BORRACHA SINTETICA SEM COSTURA, REFORCO DE 01 TRAMA DE ACO DE ALTA RESISTENCIA, COBERTURA DE BORRACHA SINTETICA PRETA, RESISTENTE A OLEO, ABRASAO E INTEMPERIE,",2.ET.MR.32 - DEMAIS VEÍCULOS FERROVIÁRIOS E RODOFERROVIÁRIO (COMPONENTES E ACESSÓRIOS),90.0,0.0,8.333333334,0.0,10.000000008,1099.0000008792,0,,0.0,0,0,0.0,Normal
385,018923,1.03.09.07.00103-9,B:6165567/C:478566,9053.0,"MANIVELA, P/ OPERACAO MANUAL DA MAQUINA DE CHAVE GRS",2.ET.VP.08 - JACARÉ,0.0,1.08333333333333,2.5,43.0,0.0,0.0,30,,0.0,0,0,0.0,Normal
386,091533,1.02.02.04.00058-6,B:5269458/C:605488,9056.0,"MARCADOR INDUSTRIAL, COR BRANCA, PONTA DE 3 MM ESFEROGRAFICA, BISNAGA PLASTICA FLEXIVEL DE 60 ML, TINTA PERMANENTE DE SECAGEM RAPIDA RESISTENTE A AGUA, OLEO, FRICCAO E IMPACTOS, APLICACAO MARCACAO DE METAIS",2.ET.DM.99 - OUTROS MATERIAIS,0.0,1.41666666666667,22.166666667,6.0,66.000000004,703.465714422634,200,,0.0,0,0,0.0,Normal
387,084472,1.02.02.04.00033-5,B:4191706/C:275188,8010.0,"MASSA CORRIDA, TIPO LISA, COR BRANCA, COMPOSICAO RESINA A BASE DE DISPERSAO AQUOSA, CARGAS MINERAIS INERTES E ADITIVOS, PARA UTILIZACAO EM SUPERFICIES INTERNAS, TIPO 4.7.2,  VALIDADE MIN 24 MESES, CONFORME NBR 11702 , ACONDICIONAMENTO LATA 25KG",2.ET.DM.99 - OUTROS MATERIAIS,12.0,0.5,1.166666666,43.0,1.999999992,115.999999536,0,,0.0,0,0,0.0,Normal
388,091653,1.03.09.07.00780-7,B:5772494/C:609883,9053.0,MECANISMO DE CORTE DE ALIMENTACAO ELETRICA DA MAQUINA DE CHAVE MD2000,2.ET.ST.99 - OUTROS MATERIAIS UTILIZADOS NA SINALIZAÇÃO,0.0,0.0,0.666666666,0.0,7.999999992,0.0,0,,0.0,0,0,0.0,Normal
389,076911,1.04.02.01.01108-8,0,9051.0,"MECANISMO DE DISPARO INDIRETO TIPO BI 24, PARA DISJUNTOR DE ALTA VELOCIDADE DC, SECHERON, MODELO UR40-64S",2.ET.DM.99 - OUTROS MATERIAIS,1.0,0.0,0.583333333,0.0,5.999999996,130813.859912791,0,Sim,0.0,0,0,0.0,Normal
390,003895,1.03.00.01.00029-9,B:3337448/C:479216,9053.0,"METAL DE SOLDA, EM PO, TIPO EXOTERMICA, BASEADO EM LIGA DE COBRE, USO FERROVIARIO, APLICACAO EM CONEXOES ELETRICAS POR CABO MISTO (ACO + COBRE) DE 13,8 MM AO TRILHO, ACONDICIONADA EM EMBALAGEM ALUMINIZADA/METALICA, HERMETICAMENTE FECHADA,",2.ET.VP.99 - OUTROS MATERIAIS DE VIA,1125.0,54.1666666666667,203.75,27.0,1320.0,11220.0,0,Sim,0.0,0,0,0.0,Normal
391,091864,1.04.05.08.00160-1,B:6481671/C:604201,9053.0,MICRO CHAVE S850 06A8B SCHALTBAU PARA MÁQUINA DE CHAVE UNISTAR HR.-CONTEC,2.ET.DM.04 - MATERIAIS ELÉTRICOS E ELETRÔNICOS,0.0,0.0,0.5,0.0,6.0,0.0,0,,0.0,0,0,0.0,Normal
392,090850,1.03.07.00.00037-7,B:6336698/C:479196,5990.0,"MICROVENTILADOR, CARCACA EM ALUMINIO, TENSAO 110/220VAC, POTENCIA 72W/53W, ROTACAO 3510/3490RPM, VAZAO 165L/S, ALTURA 185MM, LARGURA 185MM, PROFUNDIDADE 102MM",2.ET.DM.04 - MATERIAIS ELÉTRICOS E ELETRÔNICOS,2.0,0.333333333333333,2.083333334,16.0,23.000000008,11378.2725039577,0,,0.0,0,0,0.0,Normal
393,068643,1.05.04.01.00019-0,1741675,8695.0,"MIDIA DE GRAVAÇÃO, DVD RAM, REGRAVAVELCAPACIDADE 4.7 GB 120 MINUTOS VELOCIDADE 3X",2.ET.DM.02 - SUPRIMENTO DE INFORMÁTICA,18.0,0.833333333333333,6.916666668,12.0,65.000000016,390.000000096,0,,0.0,0,0,0.0,Normal
394,019077,1.05.04.01.00005-3,1847716,8695.0,"MIDIA P/ GRAVACAO (CD-R), CAPACIDADE MIN 700 MB, ACONDICIONAMENTO ESTOJO DE PROTECAO EM ACRILICO",2.ET.DM.02 - SUPRIMENTO DE INFORMÁTICA,470.0,2.5,42.916666667,6.0,45.000000004,65.2500000058,0,,0.0,0,0,0.0,Normal
395,091136,1.04.02.00.01140-3,B:5648769/C:482693,5925.0,"MINIDISJUNTOR, BIPOLAR, CORRENTE NOMINAL 25A, CURVA DE DISPARO C, CAPACIDADE DE INTERRUPCAO MINIMA (10KA (127/220VCA), 6KA (220/380VCA)), CONFORME NBR NM 60898-1, COM ENCAIXE PARA TRILHO DIN 35MM, COM CERTIFICACAO COMPULSORIA DO INMETRO",2.ET.DM.04 - MATERIAIS ELÉTRICOS E ELETRÔNICOS,3.0,1.0,1.0,100.0,9.0,1561.5,0,,0.0,0,0,0.0,Normal
396,090620,1.04.02.00.01126-7,B:5649129/C:424725,5925.0,"MINIDISJUNTOR, BIPOLAR, CORRENTE NOMINAL 32A, CURVA DE DISPARO B, CAPACIDADE DE INTERRUPCAO 10KA (230VCA) CONFORME NBR NM 60898, 15KA (230VCA) CONFORME NBR IEC 60947-2, COM ENCAIXE PARA TRILHO DIN 35MM",2.ET.DM.04 - MATERIAIS ELÉTRICOS E ELETRÔNICOS,0.0,0.0,0.833333333,0.0,9.999999996,0.0,0,,0.0,0,0,0.0,Normal
397,090620,1.04.02.00.01126-7,B:5649129/C:424725,5925.0,"MINIDISJUNTOR, BIPOLAR, CORRENTE NOMINAL 32A, CURVA DE DISPARO B, CAPACIDADE DE INTERRUPCAO 10KA (230VCA) CONFORME NBR NM 60898, 15KA (230VCA) CONFORME NBR IEC 60947-2, COM ENCAIXE PARA TRILHO DIN 35MM",2.ET.DM.99 - OUTROS MATERIAIS,0.0,0.0,0.833333333,0.0,9.999999996,0.0,0,,0.0,0,0,0.0,Normal
398,090629,1.04.02.00.01127-7,B:5648807/C:484194,5925.0,"MINIDISJUNTOR, MONOPOLAR, CORRENTE NOMINAL 10A, CURVA DE DISPARO C, CAPACIDADE DE INTERRUPCAO MINIMA 10KA (220/240VCA), CONFORME NBR NM 60898-1, COM ENCAIXE PARA TRILHO DIN 35MM, COM CERTIFICACAO COMPULSORIA DO INMETRO",2.ET.DM.04 - MATERIAIS ELÉTRICOS E ELETRÔNICOS,5.0,0.0,1.666666667,0.0,15.000000004,445.5000001188,0,Sim,0.0,0,0,0.0,Normal
399,006107,1.04.02.00.00054-9,4247388,5925.0,"MINIDISJUNTOR, MONOPOLAR, CORRENTE NOMINAL 40A, CURVA DE DISPARO C, CAPACIDADE DE INTERRUPCAO MINIMA 10KA (220/240VCA), CONFORME NBR NM 60898-1, COM ENCAIXE PARA TRILHO DIN 35MM, COM CERTIFICACAO COMPULSORIA DO INMETRO",2.ET.DM.04 - MATERIAIS ELÉTRICOS E ELETRÔNICOS,4.0,1.66666666666667,0.833333333,200.0,5.999999996,797.999999468,0,,0.0,0,0,0.0,Normal
400,026477,1.04.02.00.00018-1,5629527,5925.0,"MINIDISJUNTOR, TRIPOLAR, CORRENTE NOMINAL 40A, CURVA DE DISPARO B, CAPACIDADE DE INTERRUPCAO 5KA (127/220VCA), 3KA (220/380VCA), CONFORME NBR NM 60898-1, COM ENCAIXE PARA TRILHO DIN 35MM, COM CERTIFICACAO COMPULSORIA DO INMETRO",2.ET.DM.99 - OUTROS MATERIAIS,20.0,0.166666666666667,2.25,7.0,7.0,343.0,0,,0.0,0,0,0.0,Normal
401,026477,1.04.02.00.00018-1,5629527,5925.0,"MINIDISJUNTOR, TRIPOLAR, CORRENTE NOMINAL 40A, CURVA DE DISPARO B, CAPACIDADE DE INTERRUPCAO 5KA (127/220VCA), 3KA (220/380VCA), CONFORME NBR NM 60898-1, COM ENCAIXE PARA TRILHO DIN 35MM, COM CERTIFICACAO COMPULSORIA DO INMETRO",2.ET.DM.04 - MATERIAIS ELÉTRICOS E ELETRÔNICOS,20.0,0.166666666666667,2.25,7.0,7.0,343.0,0,,0.0,0,0,0.0,Normal
402,091815,1.03.05.12.00003-1,B:6466745/C:247332,3990.0,"MIOLO DA CHAVE DE PARTIDA, PARA EMPILHADEIRA HANGCHA CPQD25-XRW22F, REF. R450-740200-000",2.ET.DM.21 - PEÇAS DE REPOSIÇÃO PARA MÁQUINA E EQUIPAMENTOS,2.0,0.0,0.166666667,0.0,4e-09,5.7408e-07,0,,0.0,0,0,0.0,Normal
403,070902,1.04.06.02.00360-2,B:5855136/C:354403,5961.0,"MODULO IGBT 300GB12T4, TENSAO NOMINAL 1200V (VCES A TEMP. 25 °C), CORRENTE NOMINAL 300A, FREQUENCIA DE CHAVEAMENTO ATE 20 KHZ",2.ET.DM.04 - MATERIAIS ELÉTRICOS E ELETRÔNICOS,0.0,1.58333333333333,1.666666667,95.0,20.000000004,7600.00000152,0,,0.0,0,0,0.0,Normal
404,082119,1.04.09.11.22-4,B:6265693/C:637233,9053.0,"MODULO SM_DI32 - DIGITAL INPUTS, MODULO DE ENTRADAS DIGITAIS, COM 32 ENTRADAS DIGITAIS, TEMPERATURA DE OPERACAO -40GR C A 70GR C, LIMITE DE UMIDADE 95%, GRAU DE PROTECAO IP20 (MODULO), IP54 (GABINETE)",2.ET.ST.99 - OUTROS MATERIAIS UTILIZADOS NA SINALIZAÇÃO,0.0,0.833333333333333,0.25,333.0,0.0,0.0,3,,0.0,0,3,0.0,Normal
405,076913,1.04.02.01.01109-1,0,9051.0,"MOLA AC, PARA DISJUNTOR DE ALTA VELOCIDADE DC, SECHERON, MODELO UR40-64S",2.ET.DM.99 - OUTROS MATERIAIS,2.0,0.0,0.750000001,0.0,7.000000012,1776.67000304572,0,Sim,0.0,0,0,0.0,Normal
406,076914,1.04.02.01.01110-3,0,9051.0,"MOLA DE COMPRESSAO, PARA DISJUNTOR DE ALTA VELOCIDADE DC, SECHERON, MODELO UR40-64S",2.ET.DM.99 - OUTROS MATERIAIS,2.0,0.0,0.750000001,0.0,7.000000012,1130.29000193764,0,Sim,0.0,0,0,0.0,Normal
407,076915,1.04.02.01.01111-6,0,9051.0,"MOLA PLANA LAMINADA 32 X 0.4 X 145-SP ST, PARA DISJUNTOR DE ALTA VELOCIDADE DC, SECHERON, MODELO UR40-64S",2.ET.DM.99 - OUTROS MATERIAIS,2.0,0.0,0.750000001,0.0,7.000000012,3913.98000670968,0,Sim,0.0,0,0,0.0,Normal
408,091652,1.03.09.07.00779-5,B:5399459/C:319942,9053.0,MOTOR DA MAQUINA DE CHAVE MD2000,2.ET.ST.99 - OUTROS MATERIAIS UTILIZADOS NA SINALIZAÇÃO,0.0,0.0,0.333333334,0.0,4.000000008,0.0,0,,0.0,0,0,0.0,Normal
409,066198,1.05.04.02.00011-7,5093597,8690.0,"MOUSE, CONFECCIONADO EM PLASTICO, SENSOR OPTICO, COM FIO, AMBIDESTRO, COM 3 BOTOES (1 BOTAO DE ROLAGEM), COM BOTAO DE ROLAGEM SCROLL, COMPATIVEL COM WINDOWS XP, VISTA, 7, 8, 10, COM CONECTOR USB, RESOLUCAO DE 1200 DPI, CABO DE APROXIMADAMENTE 120 CM,",2.ET.DM.99 - OUTROS MATERIAIS,185.0,20.8333333333333,25.0,83.0,115.0,1092.5,0,,0.0,0,0,0.0,Normal
410,066198,1.05.04.02.00011-7,5093597,8690.0,"MOUSE, CONFECCIONADO EM PLASTICO, SENSOR OPTICO, COM FIO, AMBIDESTRO, COM 3 BOTOES (1 BOTAO DE ROLAGEM), COM BOTAO DE ROLAGEM SCROLL, COMPATIVEL COM WINDOWS XP, VISTA, 7, 8, 10, COM CONECTOR USB, RESOLUCAO DE 1200 DPI, CABO DE APROXIMADAMENTE 120 CM,",2.ET.DM.03 - PEÇAS E ACESSÓRIOS E COMPONENTES DE INFORMÁTICA,185.0,20.8333333333333,25.0,83.0,115.0,1092.5,0,,0.0,0,0,0.0,Normal
411,076916,1.04.02.01.01112-9,0,9051.0,"NUCLEO DE FECHO PARA DISJUNTOR DE ALTA VELOCIDADE DC, SECHERON, MODELO UR40-64S",2.ET.DM.99 - OUTROS MATERIAIS,1.0,0.0,0.583333333,0.0,5.999999996,18819.2399874538,0,Sim,0.0,0,0,0.0,Normal
412,010564,1.02.01.00.00021-8,B:5275067/C:251545,9140.0,"OLEO (FLUIDO) HIDRAULICO, MINERAL, INDICE DE VISCOSIDADE 184, DENSIDADE A 20/4°C: 0,8643 G/CM³; COR VISUAL: VERMELHO; VISCOSIDADE CINEMÁTICA A 40°C: 35CST; VISCOSIDADE CINEMÁTICA A 100°C: 7,3CST; PONTO DE FLUIDEZ: -45°C; PONTO DE FULGOR: 190°C; PARA",2.ET.CB.04 - LUBRIFICANTES,1000.0,66.6666666666667,116.666666667,57.0,400.000000004,6800.000000068,0,,0.0,0,0,0.0,Normal
413,078142,1.02.01.00.00065-1,B:3028429/C:616673,9140.0,"OLEO LUBRIFICANTE AUTOMOTIVO, PARA MOTOR A GASOLINA, 4 TEMPOS, SAE 5W30, CLASSIFICACAO API-SL, MULTIVISCOSO, SINTETICO. ACONDICIONAMENTO FRASCO DE 1L",2.ET.CB.04 - LUBRIFICANTES,36.0,3.33333333333333,3.083333333,108.0,0.999999996,28.999999884,0,,0.0,0,0,0.0,Normal
414,087551,1.02.01.00.00085-9,B:1715771/C:461566,9140.0,"OLEO LUBRIFICANTE AUTOMOTIVO, SEMISSINTETICO, API-SI OU SUPERIOR,  SAE 15W40",2.ET.CB.04 - LUBRIFICANTES,24.0,0.0,2.0,0.0,0.0,0.0,0,,0.0,0,0,0.0,Normal
415,078640,1.02.01.00.00066-4,6259057,9140.0,"OLEO LUBRIFICANTE HIDRAULICO, GRAU DE VISCOSIDADE ISO VG 15, DENSIDADE (15°C, ASTM D4052) 0,837 KG/L, PONTO DE FULGOR (ASTM D92) 182°C, PONTO DE FLUIDEZ (ASTM D97) -54°C, VISCOSIDADE (ASTM D445) 15,8 CST (40°C), 4,07 CST (100°C), INDICE DE VISCOSIDADE 168",2.ET.CB.04 - LUBRIFICANTES,3.0,0.0,0.25,0.0,0.0,0.0,0,Sim,0.0,0,0,0.0,Normal
416,089512,1.02.01.00.00093-2,B:6491146/C:461656,9140.0,"OLEO LUBRIFICANTE HIDRAULICO, SINTETICO, CLASSIFICACAO GRAU ISO 460, DENSIDADE A 60 GR CELSIUS 0,87 G/CC, VISCOSIDADE CINEMATICA A 40 GR CELSIUS 460 CST, VISCOSIDADE CINEMATICA A 100 GR CELSIUS 50,7 CST, PONTO DE FLUIDEZ -39 GR CELSIUS,",2.ET.CB.04 - LUBRIFICANTES,189.0,0.0,15.75,0.0,0.0,0.0,0,,0.0,0,0,0.0,Normal
417,010560,1.02.01.00.00019-5,B:5007534/C:485833,9140.0,"OLEO LUBRIFICANTE, MINERAL, BASE PARAFINICA, GRAU ISO VG 68, DENSIDADE APROXIMADA A 20/4° 0,8828, PONTO DE FULGOR 238 °C, PONTO DE FLUIDEZ -15 °C, VISCOSIDADE 40°C 61,2 A 74,8, VISCOSIDADE 100°C 7,96 A 9,09, INDICE DE VISCOSIDADE 98,",2.ET.CB.04 - LUBRIFICANTES,600.0,0.0,50.0,0.0,0.0,0.0,0,,0.0,0,0,0.0,Normal
418,010560,1.02.01.00.00019-5,B:5007534/C:485833,9140.0,"OLEO LUBRIFICANTE, MINERAL, BASE PARAFINICA, GRAU ISO VG 68, DENSIDADE APROXIMADA A 20/4° 0,8828, PONTO DE FULGOR 238 °C, PONTO DE FLUIDEZ -15 °C, VISCOSIDADE 40°C 61,2 A 74,8, VISCOSIDADE 100°C 7,96 A 9,09, INDICE DE VISCOSIDADE 98,",2.ET.DM.99 - OUTROS MATERIAIS,600.0,0.0,50.0,0.0,0.0,0.0,0,,0.0,0,0,0.0,Normal
419,010556,1.02.01.00.00016-4,6171249,9140.0,"OLEO LUBRIFICANTE, MINERAL, CLASSIFICACAO ISO VG 100, TAMBOR 200L",2.ET.DM.99 - OUTROS MATERIAIS,200.0,16.6666666666667,16.666666667,100.0,4e-09,1.322e-07,0,,0.0,0,0,0.0,Normal
420,010556,1.02.01.00.00016-4,6171249,9140.0,"OLEO LUBRIFICANTE, MINERAL, CLASSIFICACAO ISO VG 100, TAMBOR 200L",2.ET.CB.04 - LUBRIFICANTES,200.0,16.6666666666667,16.666666667,100.0,4e-09,1.322e-07,0,,0.0,0,0,0.0,Normal
421,087616,1.02.01.00.00086-2,B:6246869/C:632154,9140.0,"OLEO LUBRIFICANTE, MINERAL, CLASSIFICACAO ISO 100, DENSIDADE A 15°C: 0,879, PONTO DE FULGOR 264°C, VISCOSIDADE A 40°C 104,6 CST, VISCOSIDADE A 100°C 11,6 CST - ACONDICIONADO EM BALDE DE 20L",2.ET.MR.32 - DEMAIS VEÍCULOS FERROVIÁRIOS E RODOFERROVIÁRIO (COMPONENTES E ACESSÓRIOS),20.0,1.66666666666667,8.333333333,20.0,19.999999996,1105.9999997788,60,,0.0,0,0,0.0,Normal
422,087616,1.02.01.00.00086-2,B:6246869/C:632154,9140.0,"OLEO LUBRIFICANTE, MINERAL, CLASSIFICACAO ISO 100, DENSIDADE A 15°C: 0,879, PONTO DE FULGOR 264°C, VISCOSIDADE A 40°C 104,6 CST, VISCOSIDADE A 100°C 11,6 CST - ACONDICIONADO EM BALDE DE 20L",2.ET.CB.04 - LUBRIFICANTES,20.0,1.66666666666667,8.333333333,20.0,19.999999996,1105.9999997788,60,,0.0,0,0,0.0,Normal
423,010559,1.02.01.00.00018-8,B:5223784/C:481558,9140.0,"OLEO LUBRIFICANTE, MINERAL, CLASSIFICACAO SAE 40, VISCOSIDADE 150 A 155 CST (40°C) E 14,5 A 15,5CST (100°C), INDICE DE VISCOSIDADE 98 A 105, PONTO DE FLUIDEZ -3°C A -20°C, DENSIDADE 0,88 A 0,90KG/L (20/4°C), PONTO DE FULGOR 255 A 262°C,",2.ET.CB.04 - LUBRIFICANTES,6000.0,866.666666666667,1916.666666666,45.0,16999.999999992,441999.999999792,0,Sim,0.0,0,0,0.0,Normal
424,010574,1.02.01.00.00026-3,B:6001181/C:616165,9140.0,"OLEO LUBRIFICANTE, MINERAL, PURO, CLASSIFICACAO ISO VG 10, COR AMARELADO DENSIDADE (20°C): 0,9 G/CM3, PONTO DE FULGOR 160°C, VISCOSIDADE (40°C) 20,38CST, VISCOSIDADE (100°C) 3,59CST, ACONDICIONAMENTO FRASCO 100ML",2.ET.CB.04 - LUBRIFICANTES,5.0,0.0833333333333333,0.583333333,14.0,1.999999996,23.3999999532,0,Sim,0.0,0,0,0.0,Normal
425,010542,1.02.01.00.00010-2,B:2637863/C:612058,9140.0,"OLEO LUBRIFICANTE, NIVEL DE DESEMPENHO API-GL-5, GRAU SAE 90, PARA ENGRENAGENS HIPOIDES DE TRANSMISSOES AUTOMOTIVAS E DIFERENCIAIS, MONOVISCOSO, ANTICORROSAO, ANTIDESGASTE, ANTIESPUMA, ANTIFERRUGEM, ANTIOXIDANTE, DENSIDADE 0,9016, INDICE DE VISCOSIDADE",2.ET.CB.04 - LUBRIFICANTES,600.0,50.0,50.0,100.0,0.0,0.0,0,Sim,0.0,0,0,0.0,Normal
426,087531,1.02.01.00.00084-6,6244270,9140.0,"OLEO LUBRIFICANTE, SINTETICO, CLASSIFICACAO SAE 15W-40, VISCOSIDADE ASTM D445 120,5CST 40°C 15,5CST 100°C INDICE DE VISCOSIDADE ASTM D2270 135, ACONDICIONAMENTO TAMBOR 200 LITROS",2.ET.MR.30 - LOCOMOTIVAS,1000.0,50.0,100.0,50.0,200.0,8549.0,0,,0.0,0,0,0.0,Normal
427,087531,1.02.01.00.00084-6,6244270,9140.0,"OLEO LUBRIFICANTE, SINTETICO, CLASSIFICACAO SAE 15W-40, VISCOSIDADE ASTM D445 120,5CST 40°C 15,5CST 100°C INDICE DE VISCOSIDADE ASTM D2270 135, ACONDICIONAMENTO TAMBOR 200 LITROS",2.ET.MR.32 - DEMAIS VEÍCULOS FERROVIÁRIOS E RODOFERROVIÁRIO (COMPONENTES E ACESSÓRIOS),1000.0,50.0,100.0,50.0,200.0,8549.0,0,,0.0,0,0,0.0,Normal
428,087531,1.02.01.00.00084-6,6244270,9140.0,"OLEO LUBRIFICANTE, SINTETICO, CLASSIFICACAO SAE 15W-40, VISCOSIDADE ASTM D445 120,5CST 40°C 15,5CST 100°C INDICE DE VISCOSIDADE ASTM D2270 135, ACONDICIONAMENTO TAMBOR 200 LITROS",2.ET.CB.04 - LUBRIFICANTES,1000.0,50.0,100.0,50.0,200.0,8549.0,0,,0.0,0,0,0.0,Normal
429,089987,1.03.12.01.00003-7,B:6092578/C:369894,5670.0,"PAINEL PARA DIVISORIA; FABRICADO EM CHAPA DURA DE FIBRAS DE EUCALIPTO PRENSADA; MIOLO MSO, TIPO COLMEIA; MEDINDO 1202 MM DE LARGURA X 2110 MM DE ALTURA; COM ESPESSURA DE 35 MM; NA COR AREIA JUNDIAI; ACABAMENTO COM PINTURA A BASE DE AGUA","2.ET.DM.19 - MATERIAIS PARA CONSTRUÇÃO CIVIL ( CIMENTO, AREIA, MADEIRAS, CHAPAS METÁLICAS, ETC...)",0.0,14.1666666666667,16.666666667,85.0,200.000000004,27000.00000054,0,,0.0,0,0,0.0,Normal
430,084497,1.05.02.01.00055-7,5562449,7920.0,"PANO MULTIUSO, COMPOSICAO MIN 50% CELULOSE (OU VISCOSE) E MAX 50% POLIPROPILENO (OU POLIESTER), LARGURA MINIMA 30CM, PICOTE A CADA 50CM, COR AZUL, ACONDICIONAMENTO ROLOS DE 25M",2.ET.DM.09 - MATERIAIS DE LIMPEZA,1868.0,49.1666666666667,199.416666668,25.0,1026.000000016,9080.1000001416,0,,0.0,501,0,0.0,Normal
431,076917,1.04.02.01.01113-2,0,9051.0,"PARA-CENTELHAS, PARA DISJUNTOR DE ALTA VELOCIDADE DC, SECHERON, MODELO UR40-64S",2.ET.DM.99 - OUTROS MATERIAIS,33.0,0.0,5.25,0.0,30.0,16109.7,0,Sim,0.0,0,0,0.0,Normal
432,066773,1.03.02.01.00099-2,B:5291615/C:364595,9053.0,"PARAFUSO, CABECA QUADRADA, ACO CARBONO, BSW 5/8 POL X 3.1/2 POL, ROSCA PARCIAL 2.1/4 POL, FOSFATIZADO, 1 PORCA SEXTAVADA, 1 PORCA QUADRADA, 2 ARRUELAS DE PRESSAO, 1 ARRUELA LISA",2.ET.DM.99 - OUTROS MATERIAIS,70.0,7.08333333333333,13.0,54.0,26.0,975.0,60,,0.0,0,60,0.0,Normal
433,010769,1.03.02.00.00070-2,B:6417183/C:472350,5310.0,"PARAFUSO, CABECA SEXTAVADO, ACO INOX ABNT 304, M10X35MM",2.ET.DM.99 - OUTROS MATERIAIS,3680.0,0.0,407.666666666,0.0,1211.999999992,1721.03999998864,0,Sim,0.0,0,0,0.0,Normal
434,011022,1.03.02.00.00254-6,B:5459826/C:320204,9056.0,"PARAFUSO DE JUNTA, CABECA SEMI-ESFERICA, ABAULADA, PESCOCO OVAL, DIAM 25,4MM, COMP 138,11MM, COM PORCA QUADRADA DE 38,1MM DE LADO E ESP 28,58MM",2.ET.DM.99 - OUTROS MATERIAIS,300.0,0.0,37.5,0.0,150.0,9750.0,0,Sim,0.0,0,0,0.0,Normal
435,076918,1.04.02.01.01114-5,0,9051.0,"PARAFUSO HEX M5X12-SS A4-DIN933, PARA DISJUNTOR DE ALTA VELOCIDADE DC, SECHERON, MODELO UR40-64S",2.ET.DM.99 - OUTROS MATERIAIS,6.0,0.0,1.5,0.0,12.0,41.28,0,Sim,0.0,0,0,0.0,Normal
436,091770,1.03.02.00.01082-2,B:2402220/C:368937,5310.0,PARAFUSO PARA TELHAS; EM ACO CARBONO SAE 1010/1020; GALVANIZADO A FOGO; ROSCA SOBERBA; CABECA QUADRADA; DIAMETRO DE 8MM; COMPRIMENTO 110MM; FORNECIDO COM CONJUNTO DE VEDACAO (ARRUELA ELASTICA DE VEDACAO E ARRUELA DE ACO CARBONO GALVANIZADA);,2.ET.DM.99 - OUTROS MATERIAIS,350.0,0.0,37.5,0.0,100.0,97.0,0,Sim,0.0,0,0,0.0,Normal
437,076919,1.04.02.01.01115-8,0,9051.0,"PARAFUSO SEXT, INTERNO M5X20-ST12.9-DIN912-BN1419 DACRO, PARA DISJUNTOR DE ALTA VELOCIDADE DC, SECHERON, MODELO UR40-64S",2.ET.DM.99 - OUTROS MATERIAIS,6.0,0.0,1.5,0.0,12.0,113.88,0,Sim,0.0,0,0,0.0,Normal
438,011127,1.03.02.00.00327-7,5450225,5310.0,"PARAFUSO SEXTAVADO, EM ACO BAIXO CARBONO, ACABAMENTO BICROMATIZADO/ZINCADO, ROSCA UNC, DIAMETRO NOMINAL 5/16"", 18 FPP, COMPRIMENTO 1 1/2"", ROSCA INTEIRA, CONFORME NORMA ASME B 18.2.1",2.ET.DM.99 - OUTROS MATERIAIS,200.0,8.33333333333333,25.0,33.0,100.0,40.0,0,,0.0,0,0,0.0,Normal
439,071030,1.05.03.02.00531-8,B:3148866/C:616803,7505.0,"PASTA CATALOGO PARA 100 ENVELOPES PLASTICOS MEDIDAS 330MM X 240MM, ESPESSURA 0,10MM, REVESTIMENTO EM COURO SINTETICO, COR PRETA, COSTURA DUPLA, COM VISOR DE IDENTIFICACAO, PARAFUSOS E CANTONEIRAS METALICAS",2.ET.DM.01 - MATERIAIS DE PAPELARIA E ESCRITÓRIO,21.0,0.333333333333333,26.416666664,1.0,305.999999968,10814.0399988691,0,Sim,0.0,10,0,0.0,Normal
440,070093,1.05.03.03-0,2362155,7505.0,"PASTA DE CARTOLINA, COR CINZA, C/ FERRAGEM TIPO MOLA, DIM 350 X 250 MM, GRAMATURA 480 G/M2",2.ET.DM.01 - MATERIAIS DE PAPELARIA E ESCRITÓRIO,572.0,0.0,160.916666666,0.0,1358.999999992,4708.93499997228,0,,0.0,0,0,0.0,Normal
441,067803,1.03.00.01.00089-1,4739108,9052.0,"PASTA DE VEDACAO, APLICACAO SOLDAGEM ALUMINOTERMICA, EMBALAGEM 2,0KG A VACUO",2.ET.VP.99 - OUTROS MATERIAIS DE VIA,244.0,39.0833333333333,88.083333332,44.0,112.999999984,6557.38999907152,700,Sim,0.0,0,700,0.0,Normal
442,067803,1.03.00.01.00089-1,4739108,9052.0,"PASTA DE VEDACAO, APLICACAO SOLDAGEM ALUMINOTERMICA, EMBALAGEM 2,0KG A VACUO",2.ET.DM.99 - OUTROS MATERIAIS,244.0,39.0833333333333,88.083333332,44.0,112.999999984,6557.38999907152,700,Sim,0.0,0,700,0.0,Normal
443,011641,1.05.03.02.00069-3,2629410,7505.0,"PASTA EM L, DE POLIPROPILENO (PP), COM ESPESSURA MINIMA DE 0,15 MICRAS, TAMANHO OFICIO (225X335)MM, COR CRISTAL",2.ET.DM.01 - MATERIAIS DE PAPELARIA E ESCRITÓRIO,1036.0,60.5,303.66666666,20.0,2607.99999992,1095.3599999664,0,,0.0,0,0,0.0,Normal
444,071940,1.05.03.02.00539-2,B:3278018/C:370167,7505.0,"PASTA EM L, DE POLIPROPILENO (PP), COM ESPESSURA MINIMA DE 0,20 MICRAS, TAMANHO A4 (210 X 297) MM, COR CRISTAL",2.ET.DM.01 - MATERIAIS DE PAPELARIA E ESCRITÓRIO,1291.0,19.6666666666667,151.666666666,13.0,548.999999992,329.3999999952,0,,0.0,20,0,0.0,Normal
445,081235,1.05.03.02.00577-2,3973506,7505.0,"PASTA SIMPLES, DE CARTAO TRIPLEX, PLASTIFICADA, GRAMATURA 300G/M2, TAMANHO OFICIO (345 X 240MM), NA COR VERMELHA, COM GRAMPO E TRILHO DE PLASTICO",2.ET.DM.01 - MATERIAIS DE PAPELARIA E ESCRITÓRIO,643.0,5.0,71.833333333,7.0,218.999999996,420.47999999232,0,,0.0,0,0,0.0,Normal
446,086079,1.03.09.00.00218-4,6372554,9050.0,"PASTILHA DE FREIO, PECA DE REPOSICAO PARA TRUQUE, UTILIZADA NOS TRENS SERIE 2500",2.ET.MR.32 - DEMAIS VEÍCULOS FERROVIÁRIOS E RODOFERROVIÁRIO (COMPONENTES E ACESSÓRIOS),654.0,25.0,85.333333333,29.0,369.999999996,197283.999997867,0,,0.0,0,0,0.0,Normal
447,011732,1.01.03.00.00028-8,B:2684632/C:216959,9052.0,"PEDRA BRITADA NR 3, P/ LASTRO PADRAO DE VIAS FERREAS",2.ET.VP.03 - PEDRA BRITADA,600.0,652.490839273667,1608.333333333,41.0,11959.962580423,1473467.38990811,0,,21000.0,200,0,6940.037419573,Normal
448,018027,1.05.03.02.00084-6,B:118710/C:202054,7505.0,"PERCEVEJO, METAL LATONADO, ACONDICIONAMENTO CAIXA 100 UN",2.ET.DM.01 - MATERIAIS DE PAPELARIA E ESCRITÓRIO,27.0,0.0,11.33333333,0.0,108.99999996,463.24999983,0,,0.0,0,0,0.0,Normal
449,068568,1.04.01.00.00140-8,B:6461280/C:480733,6270.0,"PERFILADO PERFURADO, CHAPA MSG 14 (ESPESSURA 1,9MM), GALVANIZADO A FOGO, MEDIDAS 38MM X 19MM, COMPR 3000MM, COM FUROS 10MM X 13MM, ESPACADOS A 38MM, SEM TAMPA, CONFORME NBR IEC 61084-1",2.ET.DM.99 - OUTROS MATERIAIS,0.0,1.5,4.166666667,36.0,25.000000004,2523.25000040372,25,,0.0,0,0,0.0,Normal
450,071042,1.04.05.04.00089-1,B:5555817/C:317533,6140.0,"PILHA RECARREGAVEL, NIQUEL METAL HIDRETO (NI-MH), TAMANHO AA, TENSAO NOMINAL 1,2VCC, CAPACIDADE NOMINAL MINIMA 2500MAH, PELO MENOS 500 RECARGAS E NO MINIMO 75% DE RETENCAO APOS UM ANO, ACONDICIONAMENTO CARTELA COM 2 UNIDADES",2.ET.DM.04 - MATERIAIS ELÉTRICOS E ELETRÔNICOS,62.0,1.0,5.666666666,18.0,5.999999992,74.96999990004,0,,0.0,0,0,0.0,Normal
451,011868,1.05.03.02.00073-0,B:1930885/C:435051,7505.0,"PINCEL ATOMICO, MATERIAL PLASTICO, COR VERMELHA, PONTA FACETADA",2.ET.DM.01 - MATERIAIS DE PAPELARIA E ESCRITÓRIO,181.0,9.25,35.25,26.0,242.0,290.4,0,,0.0,0,0,0.0,Normal
452,011862,1.05.03.02.00071-6,B:2187221/C:257031,7505.0,"PINCEL ATOMICO, NA COR AZUL, COM PONTA FELTRO CHANFRADA, DO TIPO DESCARTÁVEL.",2.ET.DM.01 - MATERIAIS DE PAPELARIA E ESCRITÓRIO,43.0,23.6666666666667,49.25,48.0,248.0,297.6,300,,0.0,0,0,0.0,Normal
453,011901,1.06.03.02.00032-4,B:5980704/C:204767,7520.0,"PINCEL CHATO, TAMANHO 26, CABO LONGO, VIROLA METAL",2.ET.DM.06 - FERRAMENTAS,0.0,0.0,0.416666667,0.0,4e-09,2e-08,5,,0.0,0,0,0.0,Normal
454,011894,1.06.03.02.00025-6,B:5862698C:362453,7520.0,"PINCEL, NR 12, CERDA GRIS, CABO LONGO DE MADEIRA",2.ET.DM.06 - FERRAMENTAS,25.0,0.0833333333333333,2.083333334,4.0,8e-09,3.168e-08,0,,0.0,0,0,0.0,Normal
455,011886,1.05.03.02.00074-7,B:207730/C:447943,7505.0,"PINCEL P/ QUADRO BRANCO MAGNETICO ( QUADRO MAGICO), MATERIAL PLÁSTICO, DESCARTAVEL, COR AZUL",2.ET.DM.01 - MATERIAIS DE PAPELARIA E ESCRITÓRIO,271.0,9.0,33.250000006,27.0,128.000000072,166.4000000936,0,,0.0,0,0,0.0,Normal
456,011889,1.05.03.02.00077-8,B:219762/C:294719,7505.0,"PINCEL P/ QUADRO BRANCO MAGNETICO ( QUADRO MAGICO), MATERIAL PLÁSTICO, DESCARTAVEL, COR VERMELHA",2.ET.DM.01 - MATERIAIS DE PAPELARIA E ESCRITÓRIO,176.0,6.41666666666667,29.583333341,22.0,179.000000092,349.0500001794,0,,0.0,0,0,0.0,Normal
457,011900,1.06.03.02.00031-7,B:5980690/C:424130,7520.0,"PINCEL REDONDO P/ LETRAS, PELO IMITACAO MARTA, VIROLA DE ALUMINIO, NUMERO 24",2.ET.DM.06 - FERRAMENTAS,0.0,0.416666666666667,1.25,33.0,0.0,0.0,15,,0.0,0,0,0.0,Normal
458,011998,1.03.02.03.00105-2,B:6075355/C:325583,9051.0,PINO BOLA C/ CAVILHA,2.ET.DM.99 - OUTROS MATERIAIS,25.0,0.0,2.166666666,0.0,0.999999992,1594.99998724,0,Sim,25.0,0,0,0.0,Normal
459,069607,1.05.01.06.00049-7,88919,842.0,"PLACA DE SINALIZACAO FERROVIARIA, TIPO ADVERTENCIA, CONTEUDO INSCRITO:""  APITE ""","2.ET.DM.15 - COMUNICAÇÃO VISUAL (PLACAS, FOLDERS.....)",7.0,0.833333333333333,2.250000001,37.0,20.000000012,6992.0000041952,0,Sim,0.0,0,0,0.0,Normal
460,069603,1.05.01.06.00045-9,88919,842.0,"PLACA DE SINALIZACAO FERROVIARIA, TIPO ADVERTENCIA, CONTEUDO INSCRITO: "" 40 KM/H ""","2.ET.DM.15 - COMUNICAÇÃO VISUAL (PLACAS, FOLDERS.....)",12.0,0.333333333333333,1.000000001,33.0,1.2e-08,4.1952e-06,0,Sim,0.0,0,0,0.0,Normal
461,069623,1.05.01.06.00065-5,88919,842.0,"PLACA DE SINALIZACAO FERROVIARIA, TIPO REGULAMENTACAO, CONTENDO INSCRITO: ""70 KM/H""","2.ET.DM.15 - COMUNICAÇÃO VISUAL (PLACAS, FOLDERS.....)",7.0,0.833333333333333,1.250000001,67.0,8.000000012,2796.8000041952,0,,0.0,0,0,0.0,Normal
462,081133,1.04.02.01.01137-2,0,9051.0,"PLACA DE SUPORTE DIREITO, PARA DISJUNTOR DE ALTA VELOCIDADE 3KVCC, SECHERON, MODELO UR40-64S",2.ET.DM.99 - OUTROS MATERIAIS,1.0,0.0,0.416666667,0.0,4.000000004,21182.4400211824,0,,0.0,0,0,0.0,Normal
463,081133,1.04.02.01.01137-2,0,9051.0,"PLACA DE SUPORTE DIREITO, PARA DISJUNTOR DE ALTA VELOCIDADE 3KVCC, SECHERON, MODELO UR40-64S",2.ET.DM.20 - MATERIAIS ESPECÍFICOS PARA SUBESTAÇÃO NÃO DETALHADO ANTERIORMENTE,1.0,0.0,0.416666667,0.0,4.000000004,21182.4400211824,0,,0.0,0,0,0.0,Normal
464,081132,1.04.02.01.01136-9,0,9051.0,"PLACA DE SUPORTE ESQUERDO, PARA DISJUNTOR DE ALTA VELOCIDADE 3KVCC, SECHERON, MODELO UR40-64S",2.ET.DM.20 - MATERIAIS ESPECÍFICOS PARA SUBESTAÇÃO NÃO DETALHADO ANTERIORMENTE,1.0,0.0,0.416666667,0.0,4.000000004,21182.4400211824,0,,0.0,0,0,0.0,Normal
465,081132,1.04.02.01.01136-9,0,9051.0,"PLACA DE SUPORTE ESQUERDO, PARA DISJUNTOR DE ALTA VELOCIDADE 3KVCC, SECHERON, MODELO UR40-64S",2.ET.DM.99 - OUTROS MATERIAIS,1.0,0.0,0.416666667,0.0,4.000000004,21182.4400211824,0,,0.0,0,0,0.0,Normal
466,076922,1.04.02.01.01118-7,0,9051.0,"PLACA SEPARADORA/CONJUNTO CH64-ST U1203, PARA DISJUNTOR DE ALTA VELOCIDADE DC, SECHERON, MODELO UR40-64S",2.ET.DM.99 - OUTROS MATERIAIS,15.0,0.0,1.666666667,0.0,5.000000004,10118.0500080944,0,Sim,0.0,0,0,0.0,Normal
467,033990,1.05.02.02.00012-0,B:6484093/C:220986,8135.0,"PLASTICO EM POLIETILENO, TIPO BOLHA, ESPESSURA MINIMA 25 MICRAS, MEDINDO  (1,30 X 100)M - (L X C), TRANSPARENTE, INCOLOR",2.ET.DM.99 - OUTROS MATERIAIS,900.0,150.0,158.333333332,95.0,999.999999984,575.999999990784,0,Sim,0.0,0,0,0.0,Normal
468,019394,1.04.05.00.00038-6,B:3288439/C:487319,5935.0,"PLUG INDUSTRIAL, 4 POLOS (3P+T), 63 A, 380/440 V, GRAU DE PROTECAO IP 44 OU IP 67, COM PRENSACABO INTERNO E SISTEMA DE TRAVAMENTO A TOMADA, CARCACA EM TERMOPLASTICO AUTO-EXTINGUIVEL, PINOS DE CONTATO DE LATAO MACICO",2.ET.DM.04 - MATERIAIS ELÉTRICOS E ELETRÔNICOS,8.0,1.0,1.499999999,67.0,9.999999988,919.999998896,0,,0.0,0,0,0.0,Normal
469,041527,1.03.06.00.00052-4,B:6078281/C:604014,2610.0,"PNEU, CONSTRUCAO MACICO PARA VEICULO INDUSTRIAL, MEDIDAS 7.00X12, USO SEM CAMARA",2.ET.MR.32 - DEMAIS VEÍCULOS FERROVIÁRIOS E RODOFERROVIÁRIO (COMPONENTES E ACESSÓRIOS),5.0,0.333333333333333,0.583333334,57.0,2.000000008,3180.00001272,0,,0.0,0,0,0.0,Normal
470,077678,1.03.06.00.00066-2,4380541,2610.0,"PNEU PARA VEICULO INDUSTRIAL, NOVO (PRIMEIRA VIDA), DIMENSOES 250-15 BITOLA 7,00"", CONSTRUCAO MACICA COM ARO PROTETOR DE BORRACHA 250-15 E BITOLA 7,00"", CAPACIDADE DE CARGA 4640 (TRAÇÃO) 3570 (DIREÇÃO)",2.ET.MR.32 - DEMAIS VEÍCULOS FERROVIÁRIOS E RODOFERROVIÁRIO (COMPONENTES E ACESSÓRIOS),3.0,0.0,0.333333333,0.0,0.999999996,1899.9999924,0,,0.0,0,0,0.0,Normal
471,012402,1.03.00.02.00135-4,B:6168345/C:611345,5345.0,"PONTA MONTADA, OXIDO DE ALUMINO ROSADO, GRUPO A, FORMATO A-11, DIAM. 22 MM, COMP. 45 MM, DIAM. HASTE 6,4 MM",2.ET.DM.99 - OUTROS MATERIAIS,7.0,0.416666666666667,0.75,56.0,2.0,6.2,0,,0.0,0,0,0.0,Normal
472,091327,1.06.02.09.06-8,2719479,3290.0,"PONTA P/ FERRO DE SOLDA 1,6 MM / 370 GR CELSIUS",2.ET.DM.06 - FERRAMENTAS,4.0,0.0,0.666666667,0.0,4.000000004,74.8000000748,0,,0.0,0,0,0.0,Normal
473,027066,1.03.02.02.00530-5,0,9056.0,"PORCA CASTELO COM COROA ALTA; NORMA, DIMENSIONAL CONFORME DIN 935, ROSCA M14 X 2,0 NORMA DA ROSCA ISO965, ACO CARBONO, CLASSE 8, BICROMATIZADO/ZINCADO",2.ET.DM.99 - OUTROS MATERIAIS,0.0,0.0,2.5,0.0,30.0,0.6,0,,0.0,0,0,0.0,Normal
474,012592,1.03.02.02.00411-7,B:5458226/C:343862,5310.0,"PORCA SEXTAVADA, EM ACO INOXIDAVEL AISI 304, ROSCA METRICA, DIAMETRO M10, PASSO 1,5MM, CONFORME NORMA DIN 934, ACONDICIONADA EM EMBALAGEM COM 100 UNIDADES",2.ET.DM.99 - OUTROS MATERIAIS,4200.0,0.0,383.333333333,0.0,399.999999996,211.99999999788,0,Sim,0.0,0,0,0.0,Normal
475,090863,1.03.02.02.00903-0,B:5532850/C:457971,9056.0,"PORCA SEXTAVADA FLANGEADA M27 X 3,0 X 40MM, DIMENSOES CONFORME DIN 6331, ROSCA CONFORME NORMA ISO965 (DIN 13) CLASSE DE RESISTENCIA 10, ACO MEDIO CARBONO, TEMPERADO E REVENIDO,  ACABAMENTO ENEGRECIDO DE TEMPERA,",2.ET.DM.99 - OUTROS MATERIAIS,0.0,0.0,0.416666667,0.0,5.000000004,0.0,0,,0.0,0,0,0.0,Normal
476,074139,1.03.02.02.00810-3,3688739,5310.0,"PORCA SEXTAVADA MATERIAL ACO CARBONO TIPO SEXTAVADA TIPO DE ROSCA METRICA; DIAMETRO DA ROSCA M27, CLASSE DE RESISTENCIA 12.9",2.ET.MR.17 - COMPONENTES E ACESSÓRIOS ESPECÍFICOS DE TUES (CASO A SÉRIE NÃO ESTEJA ESPECÍFICADA OU AGRUPADAS),0.0,0.0,0.833333333,0.0,9.999999996,24.99999999,0,Sim,0.0,0,0,0.0,Normal
477,040178,1.03.00.01.00001-5,4837983,9052.0,"PORCAO DE SOLDA ALUMINOTERMICA, PROCESSO SKV,  APLICACAO TRILHO PERFIL TR-57, RESISTENCIA MECANICA 90KG/MM2",2.ET.VP.99 - OUTROS MATERIAIS DE VIA,0.0,17.0833333333333,58.666666667,29.0,204.000000004,107067.360002099,500,Sim,0.0,0,500,0.0,Normal
478,040183,1.03.00.01.00009-1,4837967,9052.0,"PORCAO DE SOLDA ALUMINOTERMICA, PROCESSO SKV,  APLICACAO TRILHO PERFIL TR-68, RESISTENCIA MECANICA 110KG/MM2",2.ET.DM.99 - OUTROS MATERIAIS,29.0,2.5,6.0,42.0,43.0,21228.24,0,,0.0,0,0,0.0,Normal
479,040183,1.03.00.01.00009-1,4837967,9052.0,"PORCAO DE SOLDA ALUMINOTERMICA, PROCESSO SKV,  APLICACAO TRILHO PERFIL TR-68, RESISTENCIA MECANICA 110KG/MM2",2.ET.VP.99 - OUTROS MATERIAIS DE VIA,29.0,2.5,6.0,42.0,43.0,21228.24,0,,0.0,0,0,0.0,Normal
480,085816,1.03.00.01.00119-6,4837959,9052.0,"PORCAO, UTILIZADA NA SOLDA ALUMINOTERMICA FOLGA LARGA (WIDE GAP), PROCESSO SKV, TRILHO PERFIL TR-57",2.ET.VP.99 - OUTROS MATERIAIS DE VIA,0.0,0.0,3.083333333,0.0,21.999999996,8883.81999838476,15,,0.0,0,15,0.0,Normal
481,076488,1.04.08.07.00076-1,B:5154715/C:375614,6210.0,"PROJETOR DE ILUMINACAO P/ 1 LAMPADA DE VAPOR METALICO TUBULAR DE 250W, SOQUETE E40, CORPO ALUMINIO INJETADO PINTURA EPOXI, REFLETOR ALUMINIO ANODIZADO SIMETRICO, C/ ACOMODACAO P/ REATOR E IGNITOR, FORNECIDO COM LAMPADA, REATOR E IGNITOR,",2.ET.DM.99 - OUTROS MATERIAIS,15.0,2.66666666666667,1.916666666,122.0,7.999999992,6527.75999347224,0,Sim,0.0,0,0,0.0,Normal
482,076488,1.04.08.07.00076-1,B:5154715/C:375614,6210.0,"PROJETOR DE ILUMINACAO P/ 1 LAMPADA DE VAPOR METALICO TUBULAR DE 250W, SOQUETE E40, CORPO ALUMINIO INJETADO PINTURA EPOXI, REFLETOR ALUMINIO ANODIZADO SIMETRICO, C/ ACOMODACAO P/ REATOR E IGNITOR, FORNECIDO COM LAMPADA, REATOR E IGNITOR,",2.ET.DM.05 - MATERIAIS DE ILUMINAÇÃO,15.0,2.66666666666667,1.916666666,122.0,7.999999992,6527.75999347224,0,Sim,0.0,0,0,0.0,Normal
483,073558,1.03.09.05.00310-2,3616045,9050.0,PROTETOR DESCARTAVEL DE ENCOSTO DE CABECA DO BANCO DO EXPRESSO TURISTICO,2.ET.MR.17 - COMPONENTES E ACESSÓRIOS ESPECÍFICOS DE TUES (CASO A SÉRIE NÃO ESTEJA ESPECÍFICADA OU AGRUPADAS),0.0,0.0,416.666666667,0.0,5000.000000004,12350.0000000099,0,Sim,0.0,0,0,0.0,Normal
484,070957,1.04.01.04.00061-3,5666228,5925.0,"QUADRO DE DISTRIBUICAO, CAPACIDADE 24 DISJUNTORES PADRAO NEMA, ALTURA 668MM,  LARG 400MM, PROF 120MM, MODO DE FIXACAO SOBREPOR, MATERAL CHAPA DE ACO, ACABAMENTO PINTURA ELETROSTATICA A PO, COR BRANCA RAL 9003, GRAU DE PROTECAO IP40, COM BARRAMENTO",2.ET.DM.99 - OUTROS MATERIAIS,7.0,0.166666666666667,1.0,17.0,5.0,5250.0,0,,0.0,0,0,0.0,Normal
485,070958,1.04.01.04.00062-6,B:5666244/C:633425,5925.0,"QUADRO DE DISTRIBUICAO, CAPACIDADE 56 DISJUNTORES DIN, SOBREPOR, MATERAL CHAPA DE ACO, ACABAMENTO PINTURA ELETROSTATICA A PO, COR BRANCA; ALTURA 920 A 1060MM,  LARGURA 450 A 490MM, PROFUNDIDADE 120 A 130MM",2.ET.DM.99 - OUTROS MATERIAIS,0.0,0.166666666666667,0.499999999,33.0,5.999999988,7319.99998536,0,,0.0,0,0,0.0,Normal
486,091797,1.04.01.04.00169-8,B:3224066/C:446476,5925.0,"QUADRO DE DISTRIBUICAO ELETRICA PARA MINIMO 6/8 DISJUNTORES NEMA/DIN, FIXACAO DOS DISJUNTORES PARA PADRAO NEMA E DIN, COM BARRAMENTO NEUTRO/TERRA, MODO DE FIXAÇÃO: SOBREPOR,",2.ET.DM.99 - OUTROS MATERIAIS,19.0,0.0,1.916666666,0.0,3.999999992,446.3999991072,0,,0.0,0,0,0.0,Normal
487,090722,1.04.01.04.00164-4,0,6110.0,"QUADRO PARA DISTRIBUICAO DE LUZ E FORCA SEM DISJUNTORES AUTOMATICOS, SEM CHAVE SECA, COM BARRAMENTODE 3 FASES +N+T, TIPO DE EMBUTIR MOD. M5 DIMENSOES EM (CM) 95X42X13,PARA 42 DISJUNTORES COD.915 REFTHOMEU OU SIMILAR.",2.ET.ST.99 - OUTROS MATERIAIS UTILIZADOS NA SINALIZAÇÃO,3.0,0.0,0.25,0.0,0.0,0.0,0,,0.0,0,0,0.0,Normal
488,068347,1.05.04.05.00008-2,4510437,8692.0,"RACK DE PAREDE, ALTURA 12U, LARGURA 530MM, PROFUNDIDADE 600MM, ESPESSURA DA ESTRUTURA 1,25MM, ESPESSURA DAS LATERAIS E PORTA 0,80MM, MATERIAL CHAPA DE ACO PRE-ZINCADA, PINTURA EM EPOXI PO, COR PRETO PADRAO RAL 9011, PORTA FRONTAL COM VISOR ACRILICO",2.ET.DM.03 - PEÇAS E ACESSÓRIOS E COMPONENTES DE INFORMÁTICA,1.0,0.833333333333333,0.833333333,100.0,8.999999996,5443.1999975808,0,,0.0,0,0,0.0,Normal
489,010001,1.02.04.01.00005-2,B:6471307/C:380129,6420.0,"RATICIDA, COM BRODIFACOUM 0,005% P/P, ATRATIVO, CORANTE E DESNATURANTE; ASPECTO ISCAS GRANULADAS, COLORACAO ROSADA, ACONDICIONADO EM EMBALAGEM DE 01 KG CONTENDO SACHES DE 25G",2.ET.DM.99 - OUTROS MATERIAIS,0.0,0.0,10.000000003,0.0,80.000000036,853.60000038412,40,,0.0,0,0,0.0,Normal
490,011733,1.03.00.02.00128-6,B:2777185/C:601907,5345.0,"REBOLO TIPO COPO RETO, DIAM 127MM, ALT 63MM, C/ 4 FUROS DE FIXACAO E SEUS RESPECTIVOS PARAFUSOS E ARRUELAS",2.ET.VP.99 - OUTROS MATERIAIS DE VIA,79.0,0.666666666666667,7.166666667,9.0,7.000000004,602.000000344,0,Sim,0.0,0,0,0.0,Normal
491,084968,1.05.03.02.00592-5,4925076,7505.0,"RECADO AUTO ADESIVO, EM PAPEL OFF-SET, ADESIVO ACRILICO REPOSICIONAVEL, MEDIDAS MIN LARG 38MM, COMP 50MM, SEM PAUTA, NAS CORES ROSA, AMARELO, VERDE E AZUL, BLOCOS INDIVIDUAIS, ACONDICIONAMENTO PACOTE COM 4 BLOCOS DE 100 FOLHAS",2.ET.DM.01 - MATERIAIS DE PAPELARIA E ESCRITÓRIO,9.0,0.833333333333333,2.500000001,33.0,21.000000012,94.500000054,0,,0.0,0,0,0.0,Normal
492,090899,1.04.08.09.44-0,B:6495427/C:335323,6210.0,"REFLETOR LED, POTENCIA MAXIMA 220W, TENSAO BIVOLT, FATOR DE POTENCIA MINIMO 0.9, FLUXO LUMINOSO TOTAL MINIMO 21.000 LUMENS, TEMPERATURA DE COR ENTRE 4000K E 6500K, ANGULO DO FACHO ENTRE 90 E 120 GRAUS, IRC MINIMO 80, GRAU DE PROTECAO MINIMO IP65,",2.ET.DM.04 - MATERIAIS ELÉTRICOS E ELETRÔNICOS,0.0,0.333333333333333,4.166666666,8.0,4.999999992,209.999999664,45,,0.0,0,0,0.0,Normal
493,033090,1.03.04.00.00041-0,B:4674499/C:407296,4810.0,"REGISTRO, TIPO GAVETA, MATERIAL LATAO/BRONZE, ACABAMENTO BRUTO, ROSCA BSP, DIAMETRO NOMINAL 1 1/2"", HASTE NÃO ASCENDENTE, ACIONAMENTO CRUZETA CROMADA, PARA INSTALACOES PREDIAIS DE AGUA FRIA, CONFORME NBR 15705, ACOMPANHA CANOPLA EM LATAO CROMADO.",2.ET.DM.99 - OUTROS MATERIAIS,3.0,0.0,0.166666667,0.0,1.000000004,145.09000058036,0,,0.0,2,0,0.0,Normal
494,013219,1.05.03.02.00079-2,3957926,7505.0,"REGUA COMUM, 30CM, EM ACRILICO CRISTAL INCOLOR, GRADUACAO PRECISA EM MM, MEDIDAS COMP 310MM, LARG 35MM, ESP 3MM",2.ET.DM.01 - MATERIAIS DE PAPELARIA E ESCRITÓRIO,213.0,3.83333333333333,39.583333334,10.0,262.000000008,558.06000001704,0,,0.0,0,0,0.0,Normal
495,036816,1.01.03.01.00001-8,B:3904563/C:441237,5610.0,"REJUNTE DE CIMENTO PORTLAND, NA COR BRANCA, AGREGADOS MINERAIS, PIGMENTOS INORGANICOS, POLIMEROS E ADITIVOS, TIPO II, PARA ABSORVER DILATACOES TERMICAS, JUNTAS DE 2 A 10 MM, EMBALADO EM SACO PLASTICO, CONFORME NORMA ABNT NBR 14992","2.ET.DM.19 - MATERIAIS PARA CONSTRUÇÃO CIVIL ( CIMENTO, AREIA, MADEIRAS, CHAPAS METÁLICAS, ETC...)",50.0,0.0,5.416666667,0.0,15.000000004,99.7500000266,0,,0.0,0,0,0.0,Normal
496,090637,1.04.02.03.00196-1,3975487,5945.0,"RELE DE TEMPO, C/ RETARDO NA ENERGIZACAO, 2 CONTATOS REVERSIVEIS TEMPORIZADOS P/ 2A/250VCA, TENSAO DE ALIMENTACAO 72 VCC, TEMPO MAXIMO 180 SEG (3 MIN), REGULADEM DE TEMPO POR FENDA NO EIXO POTENCIOMETRO, BASE DE 8 PINOS P/ SOQUETE",2.ET.DM.99 - OUTROS MATERIAIS,5.0,0.0,1.416666667,0.0,12.000000004,11903.2080039677,0,,0.0,0,0,0.0,Normal
497,090642,1.04.02.03.00201-1,B:6446833/C:342099,5945.0,"RELE DE TENSAO TRIFASICO, PECA DE REPOSICAO PARA EQUIPAMENTO SUBESTACAO, 1 CONTATO SPDT, ALIMENTACAO 220VCA, FAIXA DE TENSAO: 180 A 260VCA, CONSUMO MAXIMO 3,5VA, RESISTENCIA DE ISOLACAO MAIOR QUE 50 MOHMS/500 VCC,",2.ET.DM.99 - OUTROS MATERIAIS,0.0,0.25,0.833333334,30.0,10.000000008,3399.30000271944,0,,0.0,0,0,0.0,Normal
498,091798,1.04.02.03.00216-1,B:6462766/C:342099,5945.0,"RELE SUPERVISOR DE TENSAO TRIFASICO, TENSAO ALIMENTACAO 220VCA, FREQ 50/60HZ, TENSAO MIN 180V A 220V, TENSAO MAX 220V A 260V, ATUACAO EM SUBTENSAO, SOBRETENSAO, FALTA DE FASE, INVERSAO DE FASE A ASSIMETRIA MODULAR (20% ENTRE FASES), RETARDO NO LIGAMENTO",2.ET.DM.99 - OUTROS MATERIAIS,0.0,0.25,0.916666667,27.0,11.000000004,4161.15333488315,0,,0.0,0,0,0.0,Normal
499,090143,1.02.03.02.00003-3,B:3865045/C:432411,8510.0,"REPELENTE PARA PELE, EM SPRAY, CONTEM INGREDIENTE ATIVO DE AQUA, HYDROXYETHYL ISOBUTIL PIPERIDINE CARBOXYLATE, ALCOHOL DENAT DISODIUM EDTA, ANTI-OXIDANTE, ESPESSANTES, CONSERVANTES,COM PRINCIPIO ATIVO DE REPELENCIA ICARIDINA CONCENTRACAO DE 20 A 25%,",2.ET.DM.99 - OUTROS MATERIAIS,773.0,9.41666666666667,177.583333335,5.0,558.00000002,8366.69132255988,800,,0.0,0,800,0.0,Normal
500,013483,1.04.05.03.00034-9,B:6326501/C:441258,5936.0,"RESISTENCIA, TUBULAR, PARA IMERSAO, TIPO U, POTENCIA 750W, TENSAO 220V, DIAMETRO 8,5MM, COMPRIMENTO UTIL 190MM, 2 FLANGES COM ROSCA 5/8POL C/ PORCAS, DISTANCIA ENTRE CENTROS DOS TERMINAIS 34,5MM, ELEMENTO DE ACO INOX",2.ET.DM.04 - MATERIAIS ELÉTRICOS E ELETRÔNICOS,13.0,1.0,2.0,50.0,11.0,913.88,0,,0.0,0,0,0.0,Normal
501,080244,1.05.04.04.00284-4,6429750,8695.0,"RIBBON PARA IMPRESSORA DE TRANSFERENCIA TERMICA DE ETIQUETA, GODEX, SERIE: G300, MEDINDO: LARGURA DE 110MM, DIAMETRO DO TUBO DE 0,5"", NA COR PRETA, ENTINTAMENTO EXTERNO, DE CERA E RESINA (MISTO), COM CAPACIDADE DE 91 METROS",2.ET.DM.03 - PEÇAS E ACESSÓRIOS E COMPONENTES DE INFORMÁTICA,140.0,0.0,52.666666667,0.0,492.000000004,3960.6000000322,0,,0.0,0,0,0.0,Normal
502,014084,1.05.02.01.00021-5,B:1751140/C:455249,7920.0,"RODO, CEPA DE POLIPROPILENO DE 30CM DE COMPRIMENTO E 230G DE PESO, BORRACHA DE EVA DUPLA DE ESPESSURA 3,5 MM (+/-0,05MM), CABO DE MADEIRA (CEDRINHO) REVESTIDO DE POLIPROPILENO MEDINDO APROX. 120 CM DE COMPRIMENTO, GANCHO DE POLIETILENO DE ALTA DENSIDADE,",2.ET.DM.99 - OUTROS MATERIAIS,41.0,0.583333333333333,4.999999999,12.0,21.999999988,114.3999999376,0,Sim,0.0,3,0,0.0,Normal
503,036038,1.03.05.00.00002-0,B:5811619/C:314229,5390.0,"ROLAMENTO FIXO DE ESFERAS, SERIE 6000, DIAM INT 10 MM, DIAM EXT 26 MM, LARG 8 MM, PROTECAO LATERAL DUAS BLINDAGENS, GAIOLA PRENSADA EM ACO, FOLGA NORMAL",2.ET.MR.32 - DEMAIS VEÍCULOS FERROVIÁRIOS E RODOFERROVIÁRIO (COMPONENTES E ACESSÓRIOS),0.0,0.0,1.666666667,0.0,20.000000004,120.000000024,0,,0.0,0,0,0.0,Normal
504,036038,1.03.05.00.00002-0,B:5811619/C:314229,5390.0,"ROLAMENTO FIXO DE ESFERAS, SERIE 6000, DIAM INT 10 MM, DIAM EXT 26 MM, LARG 8 MM, PROTECAO LATERAL DUAS BLINDAGENS, GAIOLA PRENSADA EM ACO, FOLGA NORMAL",2.ET.DM.99 - OUTROS MATERIAIS,0.0,0.0,1.666666667,0.0,20.000000004,120.000000024,0,,0.0,0,0,0.0,Normal
505,039052,1.03.05.00.00118-8,B:5178126/C:472473,5390.0,"ROLAMENTO FIXO DE ESFERAS, SERIE 6004, DIAM INT 20 MM, DIAM EXT 42 MM, LARG 12 MM, PROTECAO LATERAL DUAS BLINDAGENS, GAIOLA PRENSADA EM ACO, FOLGA NORMAL",2.ET.MR.32 - DEMAIS VEÍCULOS FERROVIÁRIOS E RODOFERROVIÁRIO (COMPONENTES E ACESSÓRIOS),0.0,0.0,1.25,0.0,15.0,101.85,0,,0.0,0,0,0.0,Normal
506,039052,1.03.05.00.00118-8,B:5178126/C:472473,5390.0,"ROLAMENTO FIXO DE ESFERAS, SERIE 6004, DIAM INT 20 MM, DIAM EXT 42 MM, LARG 12 MM, PROTECAO LATERAL DUAS BLINDAGENS, GAIOLA PRENSADA EM ACO, FOLGA NORMAL",2.ET.DM.21 - PEÇAS DE REPOSIÇÃO PARA MÁQUINA E EQUIPAMENTOS,0.0,0.0,1.25,0.0,15.0,101.85,0,,0.0,0,0,0.0,Normal
507,014194,1.03.05.00.00062-4,B:4888189/C:472653,5390.0,"ROLAMENTO FIXO DE ESFERAS, SERIE 6200, DIAM INT 10 MM, DIAM EXT 30 MM, LARG 9 MM, PROTECAO LATERAL DUAS BLINDAGENS, GAIOLA PRENSADA EM ACO, FOLGA NORMAL",2.ET.MR.32 - DEMAIS VEÍCULOS FERROVIÁRIOS E RODOFERROVIÁRIO (COMPONENTES E ACESSÓRIOS),46.0,2.33333333333333,4.166666666,56.0,3.999999992,45.5999999088,0,,0.0,0,0,0.0,Normal
508,014197,1.03.05.00.00065-5,B:5178193/C:611283,5390.0,"ROLAMENTO FIXO DE ESFERAS, SERIE 6202, DIAM (INT 15 MM, EXT 35 MM), LARG 11MM, PROTECAO LATERAL DUAS BLINDAGENS, GAIOLA PRENSADA EM ACO, FOLGA NORMAL",2.ET.MR.32 - DEMAIS VEÍCULOS FERROVIÁRIOS E RODOFERROVIÁRIO (COMPONENTES E ACESSÓRIOS),79.0,8.91666666666667,7.416666667,120.0,10.000000004,92.70000003708,0,Sim,0.0,0,0,0.0,Normal
509,014200,1.03.05.00.00067-9,B:5811597/C:267835,5390.0,"ROLAMENTO FIXO DE ESFERAS, SERIE 6203, DIAM INT 17 MM, DIAM EXT 40 MM, LARG 12 M ROLAMENTO FIXO DE ESFERAS, SERIE 6203, DIAM INT 17 MM, DIAM EXT 40 MM, LARG 12 MM, PROTECAO LATERAL DUAS BLINDAGENS, GAIOLA PRENSADA EM ACO, FOLGA NORMAL",2.ET.DM.99 - OUTROS MATERIAIS,14.0,1.33333333333333,2.5,53.0,16.0,112.0,0,,0.0,0,0,0.0,Normal
510,014200,1.03.05.00.00067-9,B:5811597/C:267835,5390.0,"ROLAMENTO FIXO DE ESFERAS, SERIE 6203, DIAM INT 17 MM, DIAM EXT 40 MM, LARG 12 M ROLAMENTO FIXO DE ESFERAS, SERIE 6203, DIAM INT 17 MM, DIAM EXT 40 MM, LARG 12 MM, PROTECAO LATERAL DUAS BLINDAGENS, GAIOLA PRENSADA EM ACO, FOLGA NORMAL",2.ET.MR.32 - DEMAIS VEÍCULOS FERROVIÁRIOS E RODOFERROVIÁRIO (COMPONENTES E ACESSÓRIOS),14.0,1.33333333333333,2.5,53.0,16.0,112.0,0,,0.0,0,0,0.0,Normal
511,014184,1.03.05.00.00052-5,B:5178690/C:472599,5390.0,"ROLAMENTO FIXO DE ESFERAS, SERIE 6207, DIAM INT 35 MM, DIAM EXT 72 MM, LARG 17 MM, PROTECAO LATERAL UMA BLINDAGEM, GAIOLA PRENSADA EM ACO, FOLGA NORMAL",2.ET.MR.32 - DEMAIS VEÍCULOS FERROVIÁRIOS E RODOFERROVIÁRIO (COMPONENTES E ACESSÓRIOS),21.0,1.0,1.916666667,52.0,2.000000004,69.2000001384,0,,0.0,0,0,0.0,Normal
512,074215,1.03.05.00.00234-4,5178665,5390.0,"ROLAMENTO RIGIDO DE UMA CARREIRA DE ESFERAS SERIE 6307, DIAMETRO INTERNO 35MM, DIAMETRO EXTERNO 80MM, LARGURA 21MM, FOLGA NORMAL, GAIOLA PRENSADA DE ACO, DUPLA BLINDAGEM (ZZ), EMBALAGEM CAIXA DE PAPELAO INDIVIDUAL, APLICACAO MOTOR DO VENTILADOR",2.ET.MR.32 - DEMAIS VEÍCULOS FERROVIÁRIOS E RODOFERROVIÁRIO (COMPONENTES E ACESSÓRIOS),3.0,0.0,0.416666667,0.0,2.000000004,106.000000212,0,,0.0,0,0,0.0,Normal
513,014299,1.06.03.02.00045-4,3127192,8020.0,"ROLO P/ PINTURA, ESPUMA DE POLIESTER, COMP 150 MM, C/ CABO",2.ET.DM.06 - FERRAMENTAS,70.0,8.75,17.583333335,50.0,141.00000002,626.0400000888,0,,0.0,0,0,0.0,Normal
514,072884,1.06.03.02.00071-2,2596822,8020.0,"ROLO P/ PINTURA, LA DE CARNEIRO LEGITIMA, COMP 90MM, C/ CABO",2.ET.DM.06 - FERRAMENTAS,92.0,4.41666666666667,14.166666667,31.0,78.000000004,578.76000002968,0,,0.0,0,0,0.0,Normal
515,075039,1.06.03.02.00074-1,1987119,8020.0,"ROLO PARA PINTURA DE LA DE CARNEIRO, LARGURA 23 CM, ALTURA DA LA DE 19 A 22 MM, SUPORTE  GAIOLA ROSCA, SUPORTE DE ACO GALVANIZADO, CABO REVESTIDO DE PVC",2.ET.DM.06 - FERRAMENTAS,118.0,5.66666666666667,11.750000001,48.0,23.000000012,345.00000018,0,Sim,0.0,0,0,0.0,Normal
516,014324,1.02.03.00.00020-9,B:1321242/C:375243,7930.0,"SABAO COMUM; COR AZUL; EM BARRA 180G; COMPOSICAO BASICA: ACIDOS GRAXOS, GLICERINA, FRAGRANCIA, CORANTE; PRODUTO NOTIFICADO NA ANVISA; SUJEITO A VERIFICACAO NO ATO DA ENTREGA AOS PROCEDIMENTOS ADMINISTRATIVOS DETERMINADOS PELA ANVISA",2.ET.DM.09 - MATERIAIS DE LIMPEZA,75.0,6.25,13.916666669,45.0,92.000000028,280.6000000854,0,,0.0,0,0,0.0,Normal
517,091731,1.02.03.02.00006-5,B:626988/C:287791,7930.0,"SABAO EM PASTA PARA LIMPEZA DAS MAOS, UMECTANTE, PARA RETIRADA DE GRAXA E OLEO, COM ABRASIVO MINERAL, ACONDICIONADO EM FRASCO PLASTICO DE 500 GRAMAS, PRODUTO SUJEITO A VERIFICACAO NO ATO DA ENTREGA AOS PROCEDIMENTOS ADM. DETERMINADOS PELA  ANVISA.",2.ET.DM.09 - MATERIAIS DE LIMPEZA,457.0,6.25,78.833333332,8.0,528.999999984,3729.4499998872,0,Sim,0.0,40,0,0.0,Normal
518,072121,1.05.02.02.00036-9,B:5441641/C:361426,8105.0,"SACO PLASTICO, MATERIAL POLIETILENO, LARGURA 80CM, COMPRIMENTO 120CM, ESPESSURA 0,20MM, TRANSLUCIDO, TRANSPARENTE, ISENTO DE RANHURAS, REBARBAS, FUROS E PARTICULAS PRETAS; COM SELAGEM REFORCADA NO FUNDO GARANTINDO SUPORTAR PESO MAXIMO DE 50KG DE",2.ET.DM.99 - OUTROS MATERIAIS,78.0,0.833333333333333,7.083333333,12.0,6.999999996,134.931999922896,0,Sim,0.0,0,0,0.0,Normal
519,018262,1.05.02.02.00005-2,B:3163318/C:344828,8105.0,"SACO PLASTICO PARA EMBALAGEM; DE POLIPROPILENO (RAFIA) MEDINDO (60X90)CM, COM CAPACIDADE PARA 50 KG, 65 G/M2, TRAMA FECHADA; BRANCA, SEM LACRE, PESO TEORICO UNITARIO 70 GRAMAS, COM IDENTIFICACAO NA EMBALAGEM DE ACONDICIONAMENTO",2.ET.DM.99 - OUTROS MATERIAIS,570.0,31.6666666666667,256.916666667,12.0,2513.000000004,5132.12399000817,0,Sim,0.0,0,0,0.0,Normal
520,068586,1.03.05.05.00181-1,B:3226239/C:481120,9056.0,"SAPATA DE FREIO, COMPOSICAO NAO METALICA, COEFICIENTE DE ATRITO BAIXO, PECA DE REPOSICAO PARA SISTEMA DE FREIO, UTILIZADA NAS LOCOMOTIVAS ALCO RS3 (SERIE 6000) E VAGOES DE CARGA",2.ET.MR.32 - DEMAIS VEÍCULOS FERROVIÁRIOS E RODOFERROVIÁRIO (COMPONENTES E ACESSÓRIOS),350.0,0.0,29.166666667,0.0,4e-09,6.4004e-07,0,Sim,0.0,0,0,0.0,Normal
521,091884,1.03.05.05.00365-6,B:3226239/C:481120,9056.0,SAPATA DE FREIO FERROVIARIA UTILIZADO NO SISTEMA DE FREIO DO VAGAO OFICINA PARA MANUTENCAO DE REDE AEREA (VOR),2.ET.MR.32 - DEMAIS VEÍCULOS FERROVIÁRIOS E RODOFERROVIÁRIO (COMPONENTES E ACESSÓRIOS),0.0,0.0,1.333333333,0.0,15.999999996,0.0,0,,0.0,0,0,0.0,Normal
522,078109,1.06.04.01.00238-3,0,9052.0,"SAPATA DE FREIO, PECA DE REPOSICAO PARA MAQUINAS DE CORRECAO GEOMETRICA DE VIA PERMANENTE (SOCADORA, ALINHADORA E NIVELADORA DE VIAS E AMVS / REGULADORA DE LASTRO), LOCALIZACAO SISTEMA DE FREIO",2.ET.MR.32 - DEMAIS VEÍCULOS FERROVIÁRIOS E RODOFERROVIÁRIO (COMPONENTES E ACESSÓRIOS),50.0,0.0,4.166666667,0.0,4e-09,4.31925e-06,0,Sim,0.0,0,0,0.0,Normal
523,068564,1.04.01.00.00136-7,6022383,6270.0,"SAPATA EXTERNA DUPLA, APLICACAO PERFILADO 38X38MM, ACO SAE 1010, GALVANIZADO A FOGO, CHAPA M.S.G. 14 (ESPESSURA 1,9MM), ALTURA 76MM, BASE 114X152MM, DISTANCIA ENTRE FUROS 76X114MM",2.ET.DM.99 - OUTROS MATERIAIS,48.0,5.83333333333333,6.666666666,88.0,31.999999992,780.7999998048,0,,0.0,0,0,0.0,Normal
524,078795,1.02.04.04.00021-8,B:6465455/C:380750,8040.0,"SELANTE A BASE DE SILICONE, COR TRANSPARENTE (INCOLOR), TIPO MULTISSELANTE, ACONDICIONADO EM TUBO OU CARTUCHO (260 A 300 GRAMAS), CONSISTENCIA PASTOSA, TENSAO DE RUPTURA 0,70 ATE",2.ET.DM.99 - OUTROS MATERIAIS,48.0,3.83333333333333,5.0,77.0,12.0,158.4,0,,0.0,0,0,0.0,Normal
525,090144,1.02.04.04.00030-4,B:5365600/C:380750,5365600.0,"SELANTE DE SILICONE, MONOCOMPONENTE, BASE DE SILICONE OXIMICO, DENSIDADE 1,45G/CM3, NA COR CINZA, PARA VEDACAO DE SISTEMAS MECANICOS, DUREZA MIN APOS CURADO 45 SHORE A, RESISTENCIA MIN TRACAO 2,4N/MM2, ACONDICIONADO EM BISNAGA 70G",-,43.0,0.0,6.333333334,0.0,33.000000008,2211.000000536,0,,0.0,0,0,0.0,Normal
526,014613,1.02.04.04.00002-2,B:4042204/C:479347,8040.0,"SELANTE DE SILICONE, SELANTE ACETICO DE SILICONE, RESISTENTE A ACAO DE AGENTES CLIMATICOS, RAIO UV E VARIACOES DE TEMPERATURA (-30°C A 120 C), ELASTOMERO MONOCOMPONETE A BASE DE SILICONE COM SISTEMA RETICULANTE ACETICO COM FUNGICIDA, INCOLOR",2.ET.DM.99 - OUTROS MATERIAIS,64.0,1.41666666666667,8.916666667,16.0,43.000000004,1057.8000000984,0,Sim,0.0,0,0,0.0,Normal
527,091814,1.03.05.12.00002-1,B:6475566/C:609369,4190.0,"SENSOR DE TEMPERATURA DA ÁGUA, PARA EMPILHADEIRA HANGCHA CPQD25-XRW22F, REF. N163-700006-000",2.ET.DM.21 - PEÇAS DE REPOSIÇÃO PARA MÁQUINA E EQUIPAMENTOS,2.0,0.0,0.166666667,0.0,4e-09,1.17764e-06,0,,0.0,0,0,0.0,Normal
528,069418,1.04.09.03.00064-4,B:6101585/C:324119,5945.0,"SENSOR INDUTIVO, DISTANCIA SENSORIAL 5 MM, FREQUENCIA DE COMUTACAO MAXIMA 500 HZ, CORRENTE NOMINAL DE COMUTACAO MAXIMA DE 200 MA, TENSAO ELETRICA DE 10 A 30 VCC, HISTERESE 5%, RIPPLE 10%,  CONFUGURACAO NPN, CONTATOS NA + NF, SINALIZACAO COM LED,",2.ET.ES.02 - BLOQUEIOS (PEÇAS E ACESSÓRIOS),15.0,1.25,3.75,33.0,30.0,11070.0,0,,0.0,0,0,0.0,Normal
529,034791,1.06.04.03.00064-1,B:6501770/C:442377,3295.0,"SERRA DE FITA, ACO RAPIDO M42 - COBALTO, COMP ABERTO 3500MM, LARG 27MM, ESP 0,90MM, TIPO DENTE PS 4 A 6 DENTES/POLEGADA, FORMA DE CINTA, TRAVA PROGRESSIVA",2.ET.DM.21 - PEÇAS DE REPOSIÇÃO PARA MÁQUINA E EQUIPAMENTOS,0.0,0.166666666666667,0.5,33.0,1.0,174.35,5,,0.0,0,0,0.0,Normal
530,090749,1.04.04.00.00298-8,B:6259936/C:472682,5930.0,"SINALEIRO DE 8MM, LED, 24 VCA/VCC, VERMELHO",2.ET.DM.99 - OUTROS MATERIAIS,5.0,0.0,2.666666667,0.0,27.000000004,238.9500000354,0,Sim,0.0,0,0,0.0,Normal
531,090749,1.04.04.00.00298-8,B:6259936/C:472682,5930.0,"SINALEIRO DE 8MM, LED, 24 VCA/VCC, VERMELHO",2.ET.ST.99 - OUTROS MATERIAIS UTILIZADOS NA SINALIZAÇÃO,5.0,0.0,2.666666667,0.0,27.000000004,238.9500000354,0,Sim,0.0,0,0,0.0,Normal
532,079927,1.04.04.00.00250-4,B:6488072/C:483051,5930.0,"SINALEIRO MODULAR, BASE DE FIXACAO METALICA, LENTE SIMPLES, REDONDA, COR BRANCO, BLOCO LUMINOSO COM LAMPADA INCANDESCENTE BASE BA9S, TENSAO DE OPERACAO 110~120VCA, FREQ 50/60HZ, GRAU DE PROTECAO FRONTAL IP66, PARA DIAMETRO DA FURACAO 22MM, CONFORME NBR",2.ET.ST.99 - OUTROS MATERIAIS UTILIZADOS NA SINALIZAÇÃO,3.0,0.0,0.333333333,0.0,0.999999996,24.9999999,0,Sim,0.0,0,0,0.0,Normal
533,072429,1.04.04.00.00180-4,B:6465684/C:393428,5930.0,"SINALEIRO MONOBLOCO, COR VERDE, LAMPADA LED, VIDA UTIL 30000H, TENSAO DE OPERACAO 110VCA/VCC, GRAU DE PROTECAO FRONTAL IP54, PARA DIAMETRO DA FURACAO 22MM, CONFORME NBR IEC 60947-5-1",2.ET.DM.99 - OUTROS MATERIAIS,2.0,3.16666666666667,3.166666667,100.0,36.000000004,540.00000006,0,,0.0,0,0,0.0,Normal
534,072429,1.04.04.00.00180-4,B:6465684/C:393428,5930.0,"SINALEIRO MONOBLOCO, COR VERDE, LAMPADA LED, VIDA UTIL 30000H, TENSAO DE OPERACAO 110VCA/VCC, GRAU DE PROTECAO FRONTAL IP54, PARA DIAMETRO DA FURACAO 22MM, CONFORME NBR IEC 60947-5-1",2.ET.ST.99 - OUTROS MATERIAIS UTILIZADOS NA SINALIZAÇÃO,2.0,3.16666666666667,3.166666667,100.0,36.000000004,540.00000006,0,,0.0,0,0,0.0,Normal
535,072474,1.04.04.00.00201-2,B:6351913/C:393429,5930.0,"SINALEIRO MONOBLOCO, COR VERMELHO, LAMPADA LED, VIDA UTIL 30000H, TENSAO DE OPERACAO 110VCA/VCC, GRAU DE PROTECAO FRONTAL IP54, PARA DIAMETRO DA FURACAO 22MM, CONFORME NBR IEC 60947-5-1",2.ET.ST.99 - OUTROS MATERIAIS UTILIZADOS NA SINALIZAÇÃO,3.0,3.08333333333333,3.083333333,100.0,33.999999996,339.99999996,0,Sim,0.0,0,0,0.0,Normal
536,072474,1.04.04.00.00201-2,B:6351913/C:393429,5930.0,"SINALEIRO MONOBLOCO, COR VERMELHO, LAMPADA LED, VIDA UTIL 30000H, TENSAO DE OPERACAO 110VCA/VCC, GRAU DE PROTECAO FRONTAL IP54, PARA DIAMETRO DA FURACAO 22MM, CONFORME NBR IEC 60947-5-1",2.ET.DM.99 - OUTROS MATERIAIS,3.0,3.08333333333333,3.083333333,100.0,33.999999996,339.99999996,0,Sim,0.0,0,0,0.0,Normal
537,091088,1.05.01.05.00127-7,B:6474748/C:610595,6350.0,"SIRENE CONVENCIONAL, AUDIO E VISUAL, TENSAO 20 A 28VCC, CONSUMO 68MA A 24VCC, TEMPERATURA -10°C A 55°C,  NIVEL SONORO MIN 95DB A 1 METRO DE DISTANCIA, CONSTRUCAO DA LENTE DE POLICARBONATO E CORPO DE ABS, COR VERMELHA",2.ET.DM.08 - EQUIPAMENTO DE PROTEÇÃO E SEGURANÇA,12.0,0.0,5.833333333,0.0,57.999999996,24823.999998288,0,,0.0,0,0,0.0,Normal
538,091088,1.05.01.05.00127-7,B:6474748/C:610595,6350.0,"SIRENE CONVENCIONAL, AUDIO E VISUAL, TENSAO 20 A 28VCC, CONSUMO 68MA A 24VCC, TEMPERATURA -10°C A 55°C,  NIVEL SONORO MIN 95DB A 1 METRO DE DISTANCIA, CONSTRUCAO DA LENTE DE POLICARBONATO E CORPO DE ABS, COR VERMELHA",2.ET.DM.04 - MATERIAIS ELÉTRICOS E ELETRÔNICOS,12.0,0.0,5.833333333,0.0,57.999999996,24823.999998288,0,,0.0,0,0,0.0,Normal
539,090120,1.02.03.01.00007-8,B:6231055/C:362421,7930.0,"SOLVENTE DE SEGURANCA, RIGIDEZ DIELETRICA MIN 30KV/MM, BASE HIDROCARBONETOS ALIFATICOS NAO CLORADO, PONTO FULGOR MIN. 38GR C., PH NEUTRO, ISENTO DE SUBSTANCIAS NAO VOLATEIS, ACONDICIONAMENTO EMBALAGEM 20L",2.ET.DM.09 - MATERIAIS DE LIMPEZA,0.0,0.25,25.0,1.0,100.0,106700.0,200,,0.0,0,0,0.0,Normal
540,090120,1.02.03.01.00007-8,B:6231055/C:362421,7930.0,"SOLVENTE DE SEGURANCA, RIGIDEZ DIELETRICA MIN 30KV/MM, BASE HIDROCARBONETOS ALIFATICOS NAO CLORADO, PONTO FULGOR MIN. 38GR C., PH NEUTRO, ISENTO DE SUBSTANCIAS NAO VOLATEIS, ACONDICIONAMENTO EMBALAGEM 20L",2.ET.DM.99 - OUTROS MATERIAIS,0.0,0.25,25.0,1.0,100.0,106700.0,200,,0.0,0,0,0.0,Normal
541,089566,1.04.08.05.00086-6,B:6489745/C:386785,6250.0,"SOQUETE PARA LAMPADA, BASE E-27, CORPO EM TERMOPLASTICO OU BAQUELITE, TIPO PENDENTE, SEM CHAVE, CONTATOS EM LATAO, TENSAO 250V, CORRENTE 4A, EM CONFORMIDADE COM NORMAS ABNT E INMETRO VIGENTES",2.ET.DM.05 - MATERIAIS DE ILUMINAÇÃO,0.0,0.0,4.333333334,0.0,52.000000008,0.0,0,,0.0,0,0,0.0,Normal
542,078073,1.04.09.03.00321-3,4216032,9053.0,"SUBCONJUNTO DE APOIO DO ROLAMENTO DO TRIANGULO, LOCALIZACAO SUBCONJUNTO DO BATENTE ESQUERDO, APLICACAO BLOQUEIO TTRANS",2.ET.ES.02 - BLOQUEIOS (PEÇAS E ACESSÓRIOS),18.0,0.0,1.833333333,0.0,3.999999996,1559.99999844,0,,0.0,0,0,0.0,Normal
543,076924,1.04.02.01.01120-2,0,9051.0,"TAMPA - AC, PARA DISJUNTOR DE ALTA VELOCIDADE DC, SECHERON, MODELO UR40-64S",2.ET.DM.99 - OUTROS MATERIAIS,1.0,0.0,0.583333333,0.0,5.999999996,35705.8199761961,0,Sim,0.0,0,0,0.0,Normal
544,080611,1.03.09.05.00399-1,4755081,9056.0,"TAMPA DE PROTECAO DO EXTINTOR DE INCENDIO, MATERIAL ACRILICO, UTILIZADOS NOS TRENS SERIE 8500",2.ET.MR.17 - COMPONENTES E ACESSÓRIOS ESPECÍFICOS DE TUES (CASO A SÉRIE NÃO ESTEJA ESPECÍFICADA OU AGRUPADAS),100.0,0.0,16.666666667,0.0,100.000000004,6500.00000026,0,,0.0,0,0,0.0,Normal
545,039028,1.03.09.05.00015-1,B:2696029/C:607247,9056.0,"TAMPA PARA PROTECAO DO ACIONADOR DE ALARME DOS TRENS,MATERIAL ACRILICO, LISO, TRANSPARENTE",2.ET.MR.16 - TUE SÉRIE 9000,200.0,50.0,83.333333334,60.0,200.000000008,500.00000002,600,Sim,0.0,0,600,0.0,Normal
546,039028,1.03.09.05.00015-1,B:2696029/C:607247,9056.0,"TAMPA PARA PROTECAO DO ACIONADOR DE ALARME DOS TRENS,MATERIAL ACRILICO, LISO, TRANSPARENTE",2.ET.DM.99 - OUTROS MATERIAIS,200.0,50.0,83.333333334,60.0,200.000000008,500.00000002,600,Sim,0.0,0,600,0.0,Normal
547,084734,1.01.00.02.00109-8,B:6508626/C:298651,9530.0,"TARUGO (VERGALHAO) REDONDO MACICO DE ALUMINIO 6351 T6, DIAM 4.1/2"" (114,30MM), COMP 1000MM, UTILIZADO NA CONFECCAO DE CONES DE EMBREAGEM DOS MOTOCARREGADORES DE TRILHOS DOS VAGOES TRILHEIROS, PESO TEORICO POR PECA  27,81KG, CONFORME NORMA NBR/ABNT VIGENTE",2.ET.DM.99 - OUTROS MATERIAIS,6.0,0.0,0.5,0.0,0.0,0.0,0,,0.0,0,0,0.0,Normal
548,015114,1.03.03.01.00080-7,5107105,4710.0,"TE, DE REDUCAO, PVC RIGIDO, COR BRANCA, DIAM 100MM X 75MM","2.ET.DM.19 - MATERIAIS PARA CONSTRUÇÃO CIVIL ( CIMENTO, AREIA, MADEIRAS, CHAPAS METÁLICAS, ETC...)",0.0,0.416666666666667,0.583333334,71.0,2.000000008,33.2000001328,5,,0.0,0,5,0.0,Normal
549,015150,1.03.03.01.00091-3,B:5487323/C:374791,4710.0,"TE, SOLDAVEL ROSCAVEL, PVC RIGIDO, COR AZUL, DIAMETRO NOMINAL 25MM X 3/4"", PARA INSTALACOES PREDIAIS DE AGUA FRIA, CONFORME NBR 5648, BUCHA DE LATAO NA BOLSA CENTRAL.",2.ET.DM.99 - OUTROS MATERIAIS,5.0,2.91666666666667,2.916666667,100.0,5.000000004,14.5000000116,25,,0.0,0,0,0.0,Normal
550,090056,1.03.13.04.00002-4,B:3240665,5650.0,"TELHA TRANSLUCIDA, POLIPROPILENO, TIPO ONDULADA, MEDIDAS 1,83 M X 1,10 M X 1,2 MM ESPESSURA","2.ET.DM.19 - MATERIAIS PARA CONSTRUÇÃO CIVIL ( CIMENTO, AREIA, MADEIRAS, CHAPAS METÁLICAS, ETC...)",70.0,2.5,8.166666667,31.0,28.000000004,2140.44600030578,0,,0.0,0,0,0.0,Normal
551,015209,1.03.01.05.00145-3,2698498,9051.0,"TENSOR (ESTICADOR), TIPO OLHAL-OLHAL, ROSCA 3/4"", COMPRIMENTO DO CORPO 18"", APLICACAO CABO DE ACO DIAM 3/8"", MATERIAL ACO CARBONO, ACABAMENTO GALVANIZADO A FOGO",2.ET.RA.99 - OUTROS MATERIAIS UTILIZADOS NA REDE AÉREA,18.0,0.666666666666667,1.916666666,35.0,4.999999992,1344.999997848,0,,0.0,0,0,0.0,Normal
552,088637,1.03.01.05.00419-4,B:6455255/C:325819,9051.0,"TERMINAL DE ENCABEÇAMENTO, EM AÇO INOX, PARA CABO MENSAGEIRO 500MCM",2.ET.RA.99 - OUTROS MATERIAIS UTILIZADOS NA REDE AÉREA,6.0,4.25,8.0,53.0,50.0,53000.0,0,,40.0,0,0,40.0,Normal
553,073924,1.04.01.02.00392-0,B:5451396/C:404423,9053.0,"TERMINAL ELETRICO A COMPRESSAO, TIPO ANEL TUBULAR, NAO ISOLADO, PARA CONDUTOR DE 240MM2, MATERIAL: COBRE ELETROLITICO ESTANHADO; DIAMETRO DO FURO DE FIXACAO 12,7 A 13MM, COMPRIMETRO TOTAL MINIMO 93MM;",2.ET.DM.99 - OUTROS MATERIAIS,9.0,20.9166666666667,22.25,94.0,58.0,3474.2,200,,0.0,0,0,0.0,Normal
554,015272,1.04.01.02.00186-2,B:6392741/C:600300,9053.0,"TERMINAL ELETRICO A COMPRESSAO, TIPO ANEL TUBULAR, NAO ISOLADO, PARA CONDUTOR DE 50MM2; MATERIAL: COBRE ELETROLITICO ESTANHADO; DIAMETRO DO FURO DE FIXACAO 12,7 A 13MM, COMPRIMETRO TOTAL MINIMO 54MM;",2.ET.DM.99 - OUTROS MATERIAIS,56.0,0.0,16.25,0.0,4.0,10.8,135,,0.0,0,0,0.0,Normal
555,090233,1.04.01.02.00554-1,B:5447712/C:404423,9053.0,"TERMINAL ELETRICO, A SOLDA EXOTERMICA, CONEXAO CABO A TERMINAL DESLOCADO, FURO M16, EM COBRE ELETROLITICO ESTANHADO, COMP MIN 82,55MM, LARG MIN 38,10MM, ALT MIN 19,05MM, ESP 6,35MM (1/4""), CONFORME PADRAO NEMA",2.ET.DM.06 - FERRAMENTAS,16.0,0.0,17.666666667,0.0,66.000000004,4158.000000252,130,,0.0,0,0,0.0,Normal
556,090233,1.04.01.02.00554-1,B:5447712/C:404423,9053.0,"TERMINAL ELETRICO, A SOLDA EXOTERMICA, CONEXAO CABO A TERMINAL DESLOCADO, FURO M16, EM COBRE ELETROLITICO ESTANHADO, COMP MIN 82,55MM, LARG MIN 38,10MM, ALT MIN 19,05MM, ESP 6,35MM (1/4""), CONFORME PADRAO NEMA",2.ET.DM.99 - OUTROS MATERIAIS,16.0,0.0,17.666666667,0.0,66.000000004,4158.000000252,130,,0.0,0,0,0.0,Normal
557,090233,1.04.01.02.00554-1,B:5447712/C:404423,9053.0,"TERMINAL ELETRICO, A SOLDA EXOTERMICA, CONEXAO CABO A TERMINAL DESLOCADO, FURO M16, EM COBRE ELETROLITICO ESTANHADO, COMP MIN 82,55MM, LARG MIN 38,10MM, ALT MIN 19,05MM, ESP 6,35MM (1/4""), CONFORME PADRAO NEMA",2.ET.DM.04 - MATERIAIS ELÉTRICOS E ELETRÔNICOS,16.0,0.0,17.666666667,0.0,66.000000004,4158.000000252,130,,0.0,0,0,0.0,Normal
558,091771,1.04.01.02.00574-9,B:5447666/C:404423,9053.0,"TERMINAL ELETRICO, A SOLDA EXOTERMICA, CONEXAO CABO A TERMINAL 90°, FURO M16, EM COBRE ELETROLITICO ESTANHADO, COMP MIN 47MM, LARG MIN 38,10MM, ALT MIN 39MM, ESP 6,35MM (1/4""), CONFORME PADRAO NEMA",2.ET.DM.04 - MATERIAIS ELÉTRICOS E ELETRÔNICOS,650.0,0.0,59.666666667,0.0,66.000000004,5346.000000324,0,,0.0,0,0,0.0,Normal
559,091771,1.04.01.02.00574-9,B:5447666/C:404423,9053.0,"TERMINAL ELETRICO, A SOLDA EXOTERMICA, CONEXAO CABO A TERMINAL 90°, FURO M16, EM COBRE ELETROLITICO ESTANHADO, COMP MIN 47MM, LARG MIN 38,10MM, ALT MIN 39MM, ESP 6,35MM (1/4""), CONFORME PADRAO NEMA",2.ET.DM.99 - OUTROS MATERIAIS,650.0,0.0,59.666666667,0.0,66.000000004,5346.000000324,0,,0.0,0,0,0.0,Normal
560,015282,1.04.01.02.00196-1,B:6014844/C:618586,9053.0,"TERMINAL ELETRICO, COBRE, ESTANHADO, TIPO ANEL TUBULAR, NAO ISOLADO, CONDUTOR 95MM2, DIAM FIXACAO 10,50MM (3/8""), COMP 60,50MM, LARG 24MM, DIAM INT 13MM, DIAM EXT 16MM",2.ET.DM.04 - MATERIAIS ELÉTRICOS E ELETRÔNICOS,9.0,2.08333333333333,2.916666666,71.0,0.999999992,10.499999916,25,,0.0,0,0,0.0,Normal
561,015282,1.04.01.02.00196-1,B:6014844/C:618586,9053.0,"TERMINAL ELETRICO, COBRE, ESTANHADO, TIPO ANEL TUBULAR, NAO ISOLADO, CONDUTOR 95MM2, DIAM FIXACAO 10,50MM (3/8""), COMP 60,50MM, LARG 24MM, DIAM INT 13MM, DIAM EXT 16MM",2.ET.DM.99 - OUTROS MATERIAIS,9.0,2.08333333333333,2.916666666,71.0,0.999999992,10.499999916,25,,0.0,0,0,0.0,Normal
562,015248,1.04.01.02.00181-7,2680270,9051.0,"TERMINAL ELETRICO, CONTRATIL A FRIO, PARA CABO DE COBRE ISOLADO DE SECAO 25 A 70MM2, TIPO POLIMERICO, USO EXTERNO, CLASSE DE TENSAO 8,7 A 15KV, CONSTITUIDO POR UM NUCLEO DE NYLON, TUBO DE ALIVIO DE TENSAO E ISOLADOR",2.ET.DM.99 - OUTROS MATERIAIS,49.0,1.33333333333333,6.083333333,22.0,23.999999996,5975.999999004,0,Sim,0.0,0,0,0.0,Normal
563,015274,1.04.01.02.00188-6,B:6286615/C:425519,9053.0,"TERMINAL ELETRICO DE COBRE ELETROLITICO ESTANHADO, TIPO ANEL TUBULAR, NÃO ISOLADO, BARRIL EXPANDIDO, PARA CONDUTOR 70MM2, DIAMETRO DO FURO DE FIXACAO 12 A 14MM, COMPRIMENTO TOTAL MINIMO 52MM",2.ET.DM.99 - OUTROS MATERIAIS,76.0,2.0,6.499999999,31.0,1.999999988,19.97999988012,0,,0.0,0,0,0.0,Normal
564,015274,1.04.01.02.00188-6,B:6286615/C:425519,9053.0,"TERMINAL ELETRICO DE COBRE ELETROLITICO ESTANHADO, TIPO ANEL TUBULAR, NÃO ISOLADO, BARRIL EXPANDIDO, PARA CONDUTOR 70MM2, DIAMETRO DO FURO DE FIXACAO 12 A 14MM, COMPRIMENTO TOTAL MINIMO 52MM",2.ET.DM.04 - MATERIAIS ELÉTRICOS E ELETRÔNICOS,76.0,2.0,6.499999999,31.0,1.999999988,19.97999988012,0,,0.0,0,0,0.0,Normal
565,091772,1.04.01.02.00575-9,B:5447755/C:404423,9053.0,"TERMINAL ELETRICO, DE COMPRESSAO, TUBULAR 45°, BITOLA 240MM2, FURO M12, SEM JANELA DE INSPECAO, EM COBRE ELETROLITICO ESTANHADO, TIPO SERVICO PESADO, DUPLA COMPRESSAO, COMP BORDA A PALMA MIN 81MM, LARG PALMA MIN 42MM, DIMENSOES CONFORME DIN 46235",2.ET.DM.99 - OUTROS MATERIAIS,150.0,0.0,16.916666667,0.0,53.000000004,11803.1000008908,0,,0.0,0,0,0.0,Normal
566,091772,1.04.01.02.00575-9,B:5447755/C:404423,9053.0,"TERMINAL ELETRICO, DE COMPRESSAO, TUBULAR 45°, BITOLA 240MM2, FURO M12, SEM JANELA DE INSPECAO, EM COBRE ELETROLITICO ESTANHADO, TIPO SERVICO PESADO, DUPLA COMPRESSAO, COMP BORDA A PALMA MIN 81MM, LARG PALMA MIN 42MM, DIMENSOES CONFORME DIN 46235",2.ET.DM.04 - MATERIAIS ELÉTRICOS E ELETRÔNICOS,150.0,0.0,16.916666667,0.0,53.000000004,11803.1000008908,0,,0.0,0,0,0.0,Normal
567,082278,1.04.01.02.00478-7,B:5451450/C:425523,9053.0,"TERMINAL ELETRICO, DE COMPRESSAO, TUBULAR 90 GRAUS, BITOLA 300MM2, FURO M12, SEM JANELA DE INSPECAO, EM COBRE ELETROLITICO ESTANHADO, TIPO SERVICO PADRAO, DUPLA COMPRESSAO, ALT BORDA A PALMA MIN 44MM, LARG PALMA MIN 42MM, DIMENSOES CONFORME DIN 46235",2.ET.DM.06 - FERRAMENTAS,0.0,0.0,40.833333334,0.0,90.000000008,8190.000000728,400,,0.0,0,400,0.0,Normal
568,082278,1.04.01.02.00478-7,B:5451450/C:425523,9053.0,"TERMINAL ELETRICO, DE COMPRESSAO, TUBULAR 90 GRAUS, BITOLA 300MM2, FURO M12, SEM JANELA DE INSPECAO, EM COBRE ELETROLITICO ESTANHADO, TIPO SERVICO PADRAO, DUPLA COMPRESSAO, ALT BORDA A PALMA MIN 44MM, LARG PALMA MIN 42MM, DIMENSOES CONFORME DIN 46235",2.ET.DM.04 - MATERIAIS ELÉTRICOS E ELETRÔNICOS,0.0,0.0,40.833333334,0.0,90.000000008,8190.000000728,400,,0.0,0,400,0.0,Normal
569,082278,1.04.01.02.00478-7,B:5451450/C:425523,9053.0,"TERMINAL ELETRICO, DE COMPRESSAO, TUBULAR 90 GRAUS, BITOLA 300MM2, FURO M12, SEM JANELA DE INSPECAO, EM COBRE ELETROLITICO ESTANHADO, TIPO SERVICO PADRAO, DUPLA COMPRESSAO, ALT BORDA A PALMA MIN 44MM, LARG PALMA MIN 42MM, DIMENSOES CONFORME DIN 46235",2.ET.DM.99 - OUTROS MATERIAIS,0.0,0.0,40.833333334,0.0,90.000000008,8190.000000728,400,,0.0,0,400,0.0,Normal
570,015288,1.04.01.02.00201-2,6055818,5940.0,"TERMINAL ELETRICO ISOLADO, TIPO FORQUILHA, BITOLA 16-14AWG, DIAMETRO DO FURO 5MM, MATERIAL COBRE, ACABAMENTO ESTANHADO, COR DA ISOLACAO AZUL, COM LUVA DE REFORCO EM COBRE, ACONDICIONAMENTO EMBALAGEM COM 100 UNIDADES",2.ET.DM.04 - MATERIAIS ELÉTRICOS E ELETRÔNICOS,1200.0,116.666666666667,122.416666666,95.0,268.999999992,89.7921999973296,0,,0.0,0,0,0.0,Normal
571,079255,1.04.01.02.00437-8,B:6055745/C:404423,5940.0,"TERMINAL ELETRICO ISOLADO, TIPO PINO, BITOLA 12-10AWG, COMPRIMENTO DO PINO MIN 10MM, MATERIAL COBRE, ACABAMENTO ESTANHADO, COR DA ISOLACAO AMARELO, COM LUVA DE REFORCO EM COBRE, ACONDICIONAMENTO EMBALAGEM COM 100 UNIDADES",2.ET.DM.04 - MATERIAIS ELÉTRICOS E ELETRÔNICOS,581.0,50.0,97.083333333,52.0,583.999999996,379.5999999974,0,,0.0,0,0,0.0,Normal
572,090191,1.05.02.04.00010-7,B:1794884,6521.0,"TESOURA CIRURGICA, TIPO RETA, PONTAS ROMBA FINA, MATERIAL ACO INOX, COMP 17 CM, APLICACAO CORTE DE VESTES DE ACIDENTADOS",2.ET.DM.11 - FARMÁCIA,68.0,2.16666666666667,8.333333325,26.0,31.9999999,911.99999715,0,,0.0,0,0,0.0,Normal
573,015411,1.01.03.00.00030-1,2334003,5620.0,TIJOLO MACICO CERAMICO PARA ALVENARIA 190 X 90 X 57 MM (COMPRIMENTO X LARGURA X ALTURA) CONFORME NBR 7170,"2.ET.DM.19 - MATERIAIS PARA CONSTRUÇÃO CIVIL ( CIMENTO, AREIA, MADEIRAS, CHAPAS METÁLICAS, ETC...)",514.0,4.16666666666667,45.333333333,9.0,29.999999996,15.44999999794,0,,0.0,0,0,0.0,Normal
574,015423,1.02.02.00.00031-6,5800730,8010.0,TINTA BICOMPONENTE PARA ACABAMENTO POLIURETANO ALIFATICO CINZA CLARO PADRAO RAL-7032,2.ET.DM.99 - OUTROS MATERIAIS,0.0,0.0,6.933333333,0.0,83.199999996,4344.88888866151,0,Sim,0.0,0,0,0.0,Normal
575,015429,1.02.02.00.00035-4,B:4870409/C:616754,8010.0,"TINTA EPOXI, BICOMPONENTE, COR BRANCO, ACABAMENTO BRILHANTE, COMPONENTES: SOLVENTES HIDROCARBONETOS AROMATICOS, ALCOOIS, ESTERES, CETONAS, DIOXIDO DE TITANIO, PIGMENTOS ORGANICOS E INORGANICOS, CARGAS INERTES E ADITIVOS, VISCOSIDADE 60UK, PESO ESPECIFICO",2.ET.DM.99 - OUTROS MATERIAIS,57.6,5.4,5.7,95.0,10.8,544.5000000036,0,,0.0,0,0,0.0,Normal
576,015429,1.02.02.00.00035-4,B:4870409/C:616754,8010.0,"TINTA EPOXI, BICOMPONENTE, COR BRANCO, ACABAMENTO BRILHANTE, COMPONENTES: SOLVENTES HIDROCARBONETOS AROMATICOS, ALCOOIS, ESTERES, CETONAS, DIOXIDO DE TITANIO, PIGMENTOS ORGANICOS E INORGANICOS, CARGAS INERTES E ADITIVOS, VISCOSIDADE 60UK, PESO ESPECIFICO",2.ET.MR.03 - TUE SÉRIE 1600,57.6,5.4,5.7,95.0,10.8,544.5000000036,0,,0.0,0,0,0.0,Normal
577,006734,1.02.02.00.00010-1,5737052,8010.0,"TINTA ESMALTE SINTETICO, ACABAMENTO ACETINADO, APLICACAO SUPERFICIES INTERNAS/EXTERNAS, COR PRETA, ACONDICIONAMENTO GALAO 3,6 L",2.ET.DM.99 - OUTROS MATERIAIS,49.0,3.16666666666667,6.000000001,53.0,23.000000012,1748.000000912,0,,0.0,0,0,0.0,Normal
578,015442,1.02.02.00.00044-6,B:5721539/C:357111,8010.0,"TINTA ESMALTE SINTETICO, BASE RESINA ALQUIDICA, ACABAMENTO ACETINADO, COR CINZA ESCURO, NORMA DE FABRICACAO NBR 11702, ACONDICIONAMENTO GALAO 3,6 L",2.ET.DM.99 - OUTROS MATERIAIS,30.0,1.66666666666667,3.083333333,54.0,6.999999996,575.67999967104,0,,0.0,0,0,0.0,Normal
579,015442,1.02.02.00.00044-6,B:5721539/C:357111,8010.0,"TINTA ESMALTE SINTETICO, BASE RESINA ALQUIDICA, ACABAMENTO ACETINADO, COR CINZA ESCURO, NORMA DE FABRICACAO NBR 11702, ACONDICIONAMENTO GALAO 3,6 L","2.ET.DM.19 - MATERIAIS PARA CONSTRUÇÃO CIVIL ( CIMENTO, AREIA, MADEIRAS, CHAPAS METÁLICAS, ETC...)",30.0,1.66666666666667,3.083333333,54.0,6.999999996,575.67999967104,0,,0.0,0,0,0.0,Normal
580,019248,1.02.02.00.00067-5,B:5306663/C:616755,8010.0,"TINTA ESMALTE SINTETICO, BASE RESINA ALQUIDICA, ACABAMENTO BRILHANTE, COR AMARELO SEGURANCA (MUNSELL 5Y 8/12), GALAO DE 3,6L",2.ET.DM.99 - OUTROS MATERIAIS,0.0,3.83333333333333,8.333333334,46.0,20.000000008,1300.00000052,80,,0.0,0,0,0.0,Normal
581,019246,1.02.02.00.00065-1,B:6259634/C:635119,8010.0,"TINTA ESMALTE SINTETICO, BASE RESINA ALQUIDICA, ACABAMENTO BRILHANTE, COR PRETA, GALAO 3,6L. PARA AMBIENTE INTERNO E EXTERNO, VISCOSIDADE 74-79 UK, VOC 487,83 G/L, PESO ESPECIFICO 0,910 - 1,110 G/CM3 NA COR PRETA (MUNSELL N 0.5)",2.ET.DM.99 - OUTROS MATERIAIS,29.0,3.0,4.75,63.0,28.0,2492.0,0,Sim,0.0,0,0,0.0,Normal
582,015419,1.02.02.00.00029-3,B:4722078/C:313465,8010.0,"TINTA ESMALTE SINTETICO, PARA SUPERFICIES DE MADEIRA E METAL, A BASE DE RESINAS ALQUIDICAS, SOLVENTES, PIGMENTOS E CARGAS MINERAIS, DILUICAO A BASE DE SOLVENTE, NA COR ALUMINIO, ACABAMENTO BRILHANTE, CONFORME NORMAS NBR/ABNT VIGENTES,",2.ET.DM.99 - OUTROS MATERIAIS,28.0,1.41666666666667,3.083333333,46.0,8.999999996,665.999999704,0,,0.0,0,0,0.0,Normal
583,006758,1.02.02.00.00022-4,4731441,8010.0,"TINTA ESMALTE SINTETICO, PARA SUPERFICIES DE MADEIRA E METAL, A BASE DE SOLVENTE, RENDIMENTO DE ATE 20M2 POR DEMAO, TEMPO DE SECAGEM FINAL DE 18H, NA COR PRETA, ACABAMENTO FOSCO, DILUICAO EM AGUARRAS, CONFORME CONFORME NORMA ABNT NBR 11702,",2.ET.DM.99 - OUTROS MATERIAIS,15.0,0.833333333333333,2.416666667,34.0,14.000000004,882.000000252,0,,0.0,0,0,0.0,Normal
584,015439,1.02.02.00.00042-2,5331480,8010.0,"TINTA ESMALTE SINTETICO, PARA SUPERICIES EXTERNAS E INTERNAS, A BASE DE RESINA ALQUIDICA, RENDIMENTO MINIMO DE 19M²/L, NA COR PLATINA, ACABAMENTO ACETINADO, CONFORME NORMA NBR 11702, ACONDICIONAMENTO EM GALAO DE 3,6L",2.ET.DM.99 - OUTROS MATERIAIS,18.0,10.3333333333333,12.500000001,83.0,132.000000012,9900.0000009,0,,0.0,0,0,0.0,Normal
585,073807,1.02.02.00.00126-4,5832128,8010.0,"TINTA LATEX ACRILICA PREMIUM, COR BRANCO NEVE, BASE AGUA, ACABAMENTO FOSCO AVELUDADO, PARA SER UTILIZADO EM AMBIENTE INTERNO/EXTERNO, ISENTO DE METAIS PESADOS, COM VALIDADE DE 24 A PARTIR DE EMBALADA",2.ET.DM.99 - OUTROS MATERIAIS,374.4,33.0,45.6,72.0,244.8,6595.9999998912,0,,0.0,72,0,0.0,Normal
586,015483,1.05.03.02.00081-5,5267463,7505.0,"TINTA PARA CARIMBO, COR AZUL, ACONDICIONAMENTO FRASCO 40 ML. A BASE DE AGUA",2.ET.DM.01 - MATERIAIS DE PAPELARIA E ESCRITÓRIO,47.0,0.25,7.583333333,3.0,43.999999996,46.1999999958,0,,0.0,0,0,0.0,Normal
587,015504,1.03.02.07.00016-9,2686210,9052.0,"TIREFAO, CABECA PIRAMIDAL RETANGULAR, APOIO INCLINADO, DIAM CORPO 21 MM, COMP 149 MM",2.ET.VP.06 - TIREFÃO,252300.0,1750.0,21416.666666666,8.0,4699.999999992,27588.999999953,0,,0.0,0,0,0.0,Normal
588,019395,1.04.05.00.00039-3,B:3288447/C:487320,5935.0,"TOMADA INDUSTRIAL DE SOBREPOR, FEMEA, 4 POLOS (3P+T), 63 A, 380/440 V, POSICAO DO PINO TERRA 6H, GRAU DE PROTECAO IP 44 OU IP 67, COM TAMPA E ROSCA PARA O TRAVAMENTO DO PLUGUE, CARCACA EM TERMOPLASTICO AUTO-EXTINGUIVEL, COM COBERTURA PROTETORA DAS BUCHAS,",2.ET.DM.04 - MATERIAIS ELÉTRICOS E ELETRÔNICOS,14.0,0.0,1.583333334,0.0,7.000000008,752.50000086,0,,0.0,2,0,0.0,Normal
589,090079,1.03.04.00.00132-2,B:2725177/C:250095,4510.0,"TORNEIRA, LIGA DE COBRE, ACABAMENTO CROMADO, VOLANTE MODELO C 23, BICA FIXA, ROSCA 1/2"".","2.ET.DM.19 - MATERIAIS PARA CONSTRUÇÃO CIVIL ( CIMENTO, AREIA, MADEIRAS, CHAPAS METÁLICAS, ETC...)",25.0,0.0,3.333333333,0.0,34.999999996,1473.4999998316,0,,0.0,20,0,0.0,Normal
590,074471,1.03.04.00.00089-1,B:5791138/C:617293,4510.0,"TORNEIRA, TIPO AUTOMATICA, MATERIAL LATAO, ACABAMENTO CROMADO, ACIONAMENTO PRESSAO MANUAL EM BOTAO, BICA FIXA COM AREJADOR ANTIVANDALISMO, FIXACAO PAREDE, DIAMETRO NOMINAL 1/2"", DIMENSOES 115 A 130MM DO CENTRO DO AREJADOR PARA PAREDE, PRESSAO MAXIMA 40MCA",2.ET.DM.99 - OUTROS MATERIAIS,135.0,16.6666666666667,16.666666667,100.0,65.000000004,6240.000000384,0,Sim,0.0,0,0,0.0,Normal
591,082829,1.04.09.01.00063-0,5999391,9051.0,"TRANSDUTOR DE TENSAO CONTINUA, DE EFEITO HALL, COM ISOLACAO GALVANICA, TENSAO NOMINAL PRIMARIA 4200V (RMS), CORRENTE NOMINAL SECUNDARIA 50 MILIAMPERES (RMS), RELACAO DE CONVERSAO 4200V/50 MILIAMPERES, FAIXA DE MEDICAO -6000V A 6000V,",2.ET.DM.20 - MATERIAIS ESPECÍFICOS PARA SUBESTAÇÃO NÃO DETALHADO ANTERIORMENTE,6.0,0.0,0.5,0.0,0.0,0.0,0,,0.0,0,0,0.0,Normal
592,016913,1.04.06.02.00132-4,B:5045347/C:431817,5961.0,TRANSISTOR MJ-15003,2.ET.DM.04 - MATERIAIS ELÉTRICOS E ELETRÔNICOS,96.0,13.6666666666667,12.5,109.0,54.0,761.4,0,,0.0,0,0,0.0,Normal
593,016912,1.04.06.02.00131-7,B:6134343/C:431817,5961.0,TRANSISTOR MJ-15004,2.ET.DM.04 - MATERIAIS ELÉTRICOS E ELETRÔNICOS,96.0,13.6666666666667,12.5,109.0,54.0,761.4,0,,0.0,0,0,0.0,Normal
594,021344,1.04.06.02.00163-8,B:6134467/C:257282,5961.0,TRANSISTOR TIP 127,2.ET.DM.04 - MATERIAIS ELÉTRICOS E ELETRÔNICOS,0.0,1.25,0.416666667,300.0,5.000000004,14.0000000112,0,,0.0,0,0,0.0,Normal
595,015934,1.03.09.06.00008-0,B:5126746/C:614605,9052.0,"TRILHO FERROVIARIO, PERFIL TR-57, ACO CARBONO DE RESISTENCIA PADRAO (SS), COMP 12M, SEM FURACAO, APLICACAO VIA CORRIDA",2.ET.VP.01 - TRILHOS,509.97912,151.50758,202.92,75.0,725.06088,4942863.2793096,1200,Sim,0.0,0,0,0.0,Normal
596,015974,1.06.03.02.00048-5,2778882,8020.0,"TRINCHA,  TIPO DUPLA,  DIMENSAO 1/2 "",  CERDAS GRIS, CABO MADEIRA ENVERNIZADO,  ANATOMICO, PRENSADAS POR FOLHA DE ACO ESTANHADO",2.ET.DM.06 - FERRAMENTAS,60.0,1.66666666666667,7.083333334,24.0,25.000000008,62.50000002,0,Sim,0.0,0,0,0.0,Normal
597,011870,1.06.03.02.00007-2,B:6391214/C:441521,8020.0,"TRINCHA SIMPLES, 1, PELO DE ORELHA DE BOI (SEDA), CABO DE MADEIRA ENVERNIZADA",2.ET.DM.06 - FERRAMENTAS,0.0,0.0,4.166666666,0.0,21.999999992,153.999999944,28,,0.0,0,0,0.0,Normal
598,011874,1.06.03.02.00011-9,2772396,8020.0,"TRINCHA SIMPLES, 1/2, CERDA GRIS, CABO PLASTICO",2.ET.DM.06 - FERRAMENTAS,92.0,1.66666666666667,8.749999999,19.0,12.999999988,18.45999998296,0,Sim,0.0,0,0,0.0,Normal
599,011876,1.06.03.02.00013-3,2819368,8020.0,"TRINCHA SIMPLES, 3, CERDA GRIS, CABO PLASTICO",2.ET.DM.99 - OUTROS MATERIAIS,57.0,8.33333333333333,14.833333333,56.0,120.999999996,747.77999997528,0,Sim,0.0,0,0,0.0,Normal
600,011876,1.06.03.02.00013-3,2819368,8020.0,"TRINCHA SIMPLES, 3, CERDA GRIS, CABO PLASTICO",2.ET.DM.06 - FERRAMENTAS,57.0,8.33333333333333,14.833333333,56.0,120.999999996,747.77999997528,0,Sim,0.0,0,0,0.0,Normal
601,015981,1.06.03.02.00055-3,3009165,8020.0,"TRINCHA, TAMANHO 2"", FORMATO SIMPLES, CABO PLASTICO, PELO CERDA GRIS, VIROLA ACO ESTANHADO",2.ET.DM.06 - FERRAMENTAS,57.0,9.0,13.499999999,67.0,104.999999988,282.44999996772,0,Sim,0.0,0,0,0.0,Normal
602,015979,1.06.03.02.00053-9,2772426,8020.0,"TRINCHA TIPO SIMPLES; COM LARGURA DE 1 1/2"", CERDA NA COR PRETA; CABO DE POLIPROPILENO PARA APLICAR TINTA ESMALTE",2.ET.DM.06 - FERRAMENTAS,78.0,2.83333333333333,8.833333333,32.0,27.999999996,74.75999998932,0,Sim,0.0,0,0,0.0,Normal
603,090072,1.03.03.04.00130-5,B:5888034/C:324635,4710.0,"TUBO DE LIGAÇÃO PARA CHUVEIRO , ALUMINIO, ROSCA DE 1/2"", COMPRIMENTO 40CM.","2.ET.DM.19 - MATERIAIS PARA CONSTRUÇÃO CIVIL ( CIMENTO, AREIA, MADEIRAS, CHAPAS METÁLICAS, ETC...)",2.0,1.66666666666667,2.5,67.0,28.0,209.07090904,0,,0.0,0,0,0.0,Normal
604,090072,1.03.03.04.00130-5,B:5888034/C:324635,4710.0,"TUBO DE LIGAÇÃO PARA CHUVEIRO , ALUMINIO, ROSCA DE 1/2"", COMPRIMENTO 40CM.",2.ET.DM.99 - OUTROS MATERIAIS,2.0,1.66666666666667,2.5,67.0,28.0,209.07090904,0,,0.0,0,0,0.0,Normal
605,016079,1.03.03.05.00011-9,5064856,4710.0,"TUBO, MATERIAL PVC RIGIDO, COR BRANCO, DIAMETRO NOMINAL 50, SERIE NORMAL, COMPRIMENTO 6M, COM PONTA E BOLSA PARA JUNTA DUPLA ATUACAO, CONFORME NORMA ABNT NBR 5688",2.ET.DM.99 - OUTROS MATERIAIS,10.0,1.0,1.0,100.0,2.0,100.0,0,Sim,0.0,0,0,0.0,Normal
606,016079,1.03.03.05.00011-9,5064856,4710.0,"TUBO, MATERIAL PVC RIGIDO, COR BRANCO, DIAMETRO NOMINAL 50, SERIE NORMAL, COMPRIMENTO 6M, COM PONTA E BOLSA PARA JUNTA DUPLA ATUACAO, CONFORME NORMA ABNT NBR 5688","2.ET.DM.19 - MATERIAIS PARA CONSTRUÇÃO CIVIL ( CIMENTO, AREIA, MADEIRAS, CHAPAS METÁLICAS, ETC...)",10.0,1.0,1.0,100.0,2.0,100.0,0,Sim,0.0,0,0,0.0,Normal
607,080725,1.03.03.05.00043-3,6117236,4720.0,"TUBO PLASTICO, MATERIAL POLIURETANO, NA COR AZUL, DIAMETRO EXTERNO 8 MM, DIAMETRO NOMINAL (INTERNO) 6MM PRESSAO DE TRABALHO 10 BAR, ACONDICIONADO EM BOBINA DE 100 METROS",2.ET.MR.32 - DEMAIS VEÍCULOS FERROVIÁRIOS E RODOFERROVIÁRIO (COMPONENTES E ACESSÓRIOS),2.0,0.0,0.25,0.0,1.0,328.0,0,,0.0,0,0,0.0,Normal
608,090431,1.01.00.00.00307-2,B:6073352/C :231762,9510.0,"TUBO QUADRADO, AÇO SAE 1010, MEDINDO 40 X 40 MM, ESPESSURA DE 3,0MM, COM COMPRIMENTO DE 6,0 METROS, LISO, ACABAMENTO NATURAL COR PRETA, EQUIVALENCIA 3,540 KG/M (PESO TEORICO POR TUBO 21,24KG)",2.ET.MR.32 - DEMAIS VEÍCULOS FERROVIÁRIOS E RODOFERROVIÁRIO (COMPONENTES E ACESSÓRIOS),60.0,3.83333333333333,11.666666668,33.0,80.000000016,16626.1221089252,0,,0.0,0,0,0.0,Normal
609,090431,1.01.00.00.00307-2,B:6073352/C :231762,9510.0,"TUBO QUADRADO, AÇO SAE 1010, MEDINDO 40 X 40 MM, ESPESSURA DE 3,0MM, COM COMPRIMENTO DE 6,0 METROS, LISO, ACABAMENTO NATURAL COR PRETA, EQUIVALENCIA 3,540 KG/M (PESO TEORICO POR TUBO 21,24KG)","2.ET.DM.19 - MATERIAIS PARA CONSTRUÇÃO CIVIL ( CIMENTO, AREIA, MADEIRAS, CHAPAS METÁLICAS, ETC...)",60.0,3.83333333333333,11.666666668,33.0,80.000000016,16626.1221089252,0,,0.0,0,0,0.0,Normal
610,090305,1.01.00.00.00289-9,B:6275788/C:429107,9510.0,"TUBO QUADRADO, ACO SAE 1010, MEDINDO 50 X 50 MM, ESPESSURA DE 2MM, COM COMPRIMENTO DE 6M, LISO, ACABAMENTO NATURAL COR PRETA, EQUIVALENCIA 3.03 KG/M (PESO TEORICO POR TUBO 18.18KG)",2.ET.PO.99 - DEMAIS MATERIAIS,22.0,1.5,2.333333333,64.0,5.999999996,1199.9999992,0,,0.0,0,0,0.0,Normal
611,090305,1.01.00.00.00289-9,B:6275788/C:429107,9510.0,"TUBO QUADRADO, ACO SAE 1010, MEDINDO 50 X 50 MM, ESPESSURA DE 2MM, COM COMPRIMENTO DE 6M, LISO, ACABAMENTO NATURAL COR PRETA, EQUIVALENCIA 3.03 KG/M (PESO TEORICO POR TUBO 18.18KG)","2.ET.DM.19 - MATERIAIS PARA CONSTRUÇÃO CIVIL ( CIMENTO, AREIA, MADEIRAS, CHAPAS METÁLICAS, ETC...)",22.0,1.5,2.333333333,64.0,5.999999996,1199.9999992,0,,0.0,0,0,0.0,Normal
612,015997,1.03.03.04.00005-1,B:2752590/C:378873,9510.0,"TUBO REDONDO, ACO CARBONO COM COSTURA, DIAM NOM 1"" (25,4MM), ESP PAREDE 3,25MM, COMP 6M, EXTREMIDADES COM ROSCA, ACABAMENTO GALVANIZADO, CONFORME NORNA NBR 6591, PESO LINEAR 2,61KG/M (PESO TEORICO POR TUBO 15,7KG)",2.ET.MR.32 - DEMAIS VEÍCULOS FERROVIÁRIOS E RODOFERROVIÁRIO (COMPONENTES E ACESSÓRIOS),0.0,0.0,6.541666667,0.0,78.500000004,937.500000029271,0,Sim,0.0,0,0,0.0,Normal
613,015997,1.03.03.04.00005-1,B:2752590/C:378873,9510.0,"TUBO REDONDO, ACO CARBONO COM COSTURA, DIAM NOM 1"" (25,4MM), ESP PAREDE 3,25MM, COMP 6M, EXTREMIDADES COM ROSCA, ACABAMENTO GALVANIZADO, CONFORME NORNA NBR 6591, PESO LINEAR 2,61KG/M (PESO TEORICO POR TUBO 15,7KG)","2.ET.DM.19 - MATERIAIS PARA CONSTRUÇÃO CIVIL ( CIMENTO, AREIA, MADEIRAS, CHAPAS METÁLICAS, ETC...)",0.0,0.0,6.541666667,0.0,78.500000004,937.500000029271,0,Sim,0.0,0,0,0.0,Normal
614,071441,1.03.04.01.00049-2,B:3815552/C:360425,4510.0,"VALVULA MICTORIO, HORIZONTAL, FECHAMENTO AUTOMATICO, MATERIAL LATAO, ACABAMENTO CROMADO, ACIONAMENTO POR PRESSAO MANUAL NO BOTAO, DIAMETRO DA ROSCA 1/2"", MATERIAL DO FLEXIVEL METALICO, COMPRIMENTO DO FLEXIVEL 30CM, CONFORME NBR 13713, ACOMPANHA CANOPLA",2.ET.DM.99 - OUTROS MATERIAIS,0.0,14.4166666666667,12.75,113.0,3.0,162.0,150,Sim,0.0,0,0,0.0,Normal
615,089695,1.06.04.05.00190-4,B:6211356/C:618657,3990.0,"VELA, PARA EMPILHADEIRA HANGCHA CPQD25-XRW22F, REF. 22401-FU412",2.ET.DM.21 - PEÇAS DE REPOSIÇÃO PARA MÁQUINA E EQUIPAMENTOS,2.0,0.0,0.166666667,0.0,4e-09,2.0696e-07,0,,2.0,0,0,0.0,Normal
616,000133,1.01.00.00.00020-5,2334429,9510.0,"VERGALHAO, ACO CA 50, DIAM 10 MM, COMP 12 M, EQUIVALENCIA 0,617 KG/M (PESO TEORICO POR VERGALHAO 7,4 KG), NORMA NBR 7480/96","2.ET.DM.19 - MATERIAIS PARA CONSTRUÇÃO CIVIL ( CIMENTO, AREIA, MADEIRAS, CHAPAS METÁLICAS, ETC...)",125.8,0.0,11.1,0.0,7.4,51.9999999998,0,,0.0,0,0,0.0,Normal
617,016559,1.02.02.02.00009-9,B:2754266/C:388574,5970.0,"VERNIZ ISOLANTE PARA EQUIPAMENTOS ELETRICOS A BASE DE POLIESTER, COR AMBAR ESCURO CLASSE H 180 GRAUS CELSUIS, 120 KV/MM, TEOR DE SOLIDOS 46 A 50%, DENSIDADE A 25 GRAUSC DE 0.95 A 0.97 G/CM3",2.ET.DM.99 - OUTROS MATERIAIS,30.0,0.0,2.500000001,0.0,1.2e-08,4.728e-07,0,Sim,0.0,0,0,0.0,Normal
618,016557,1.02.02.02.00007-5,B:6461956/C:388574,5970.0,"VERNIZ ISOLANTE PARA EQUIPAMENTOS ELETRICOS, AMBAR OU INCOLOR, MÍNIMO 60 KV/MM, DENSIDADE A 25°C -  0,850/0,910, TEMPO DE SECAGEM AO TOQUE A 25°C - 30 MINUTOS, 12 HS EM ESTUFA E 1 H EM CHAPA DE COBRE, IMERSÃO, PISTOLA OU PINCEL,",2.ET.DM.99 - OUTROS MATERIAIS,15.0,0.0,1.250000001,0.0,1.2e-08,7.92e-07,0,,0.0,0,0,0.0,Normal
619,076652,1.01.03.05.00080-4,4080017,5620.0,"VIDRO LAMINADO, LISO, 6MM, SIMPLES E PELICULA DE POLIVINIL BUTIRAL (PVB), SANDUICHE DE DUAS CAMADAS DE VIDRO E UMA CAMADA DE PELICULA DE POLIVINIL BUTIRAL (PVB), 2,01M X 1,22M, INCOLOR, TRANSPARENTE, DAS COM CORTE LIMPO NAS BORDAS","2.ET.DM.19 - MATERIAIS PARA CONSTRUÇÃO CIVIL ( CIMENTO, AREIA, MADEIRAS, CHAPAS METÁLICAS, ETC...)",8.0,0.833333333333333,0.833333333,100.0,1.999999996,619.99999876,0,Sim,0.0,0,0,0.0,Normal
620,090256,1.01.02.00.00044-4,B:6250181/C:452486,7520.0,"VINIL ADESIVO, COR INCOLOR TRANSPARENTE, ACABAMENTO BRILHANTE, LARGURA ENTRE 1,22M A 1,30M, ESPESSURA DE 0,08 A 0,10MM, LINER COM GRAMATURA ENTRE 120 E 125G POR MM2, MONOMERICO, ACONDICIONADO EM ROLO DE 50M",2.ET.DM.99 - OUTROS MATERIAIS,59.0,0.666666666666667,5.0,13.0,1.0,584.99,0,,0.0,0,0,0.0,Normal
621,070713,1.02.04.03.00057-6,B:6482791/C:399439,9720.0,"VINIL AUTO ADESIVO, BRANCO, SEMI BRILHANTE, CALANDRADO, BLACKOUT, IMPRESSAO A BASE DE SOLVENTE, ESPESSURA 0,08 MM, LARGURA 1,22 M, EM ROLO DE 50M",2.ET.DM.99 - OUTROS MATERIAIS,23.0,0.333333333333333,5.833333333,6.0,46.999999996,25379.99999784,0,,0.0,0,0,0.0,Normal
622,070713,1.02.04.03.00057-6,B:6482791/C:399439,9720.0,"VINIL AUTO ADESIVO, BRANCO, SEMI BRILHANTE, CALANDRADO, BLACKOUT, IMPRESSAO A BASE DE SOLVENTE, ESPESSURA 0,08 MM, LARGURA 1,22 M, EM ROLO DE 50M","2.ET.DM.15 - COMUNICAÇÃO VISUAL (PLACAS, FOLDERS.....)",23.0,0.333333333333333,5.833333333,6.0,46.999999996,25379.99999784,0,,0.0,0,0,0.0,Normal
623,070715,1.02.04.03.00059-2,B:6197639/C:338578,7520.0,"VINIL AUTOADESIVO EM PVC CALANDRADO, TRANSPARENTE, TEXTURIZADO, FOSCO, ESPESSURA DE 0,13MM, PARA IMPRESSAO A BASE DE SOLVENTE, MEDINDO 1,22M DE LARGURA, EM ROLO DE 50M","2.ET.DM.15 - COMUNICAÇÃO VISUAL (PLACAS, FOLDERS.....)",29.0,0.666666666666667,4.166666667,16.0,21.000000004,17619.000003356,0,,0.0,0,0,0.0,Normal
624,070715,1.02.04.03.00059-2,B:6197639/C:338578,7520.0,"VINIL AUTOADESIVO EM PVC CALANDRADO, TRANSPARENTE, TEXTURIZADO, FOSCO, ESPESSURA DE 0,13MM, PARA IMPRESSAO A BASE DE SOLVENTE, MEDINDO 1,22M DE LARGURA, EM ROLO DE 50M",2.ET.DM.99 - OUTROS MATERIAIS,29.0,0.666666666666667,4.166666667,16.0,21.000000004,17619.000003356,0,,0.0,0,0,0.0,Normal
625,091678,1.09.11.01.03-6,0,,NAN,-,0.0,0.0,1.0,0.0,24.0,0.0,0,,0.0,12,0,0.0,Normal
1,067490,1.05.01.03.00034-0,B:6431038/C:287367,8421.0,"ABAFADOR DE RUIDO, KIT COMPOSTO DE CONCHAS, HASTES E ACOPLADORES",2.ET.DM.08 - EQUIPAMENTO DE PROTEÇÃO E SEGURANÇA,87.0,13.5833333333333,46.166666667,32.0,76.0,9867.84,0,,0.0,0,0,0.0,Essencial
2,000040,1.03.01.00.00014-7,2408473,5325.0,"ABRACADEIRA AUTO-TRAVANTE, MATERIAL NYLON 6.6, DIAM MAX DE AMARRACAO 22MM, COMP 100MM, LARG 2,5MM, COR PRETA, MATERIAL AUTOEXTINGUIVEL, TENSAO DE RUPTURA MIN 8KGF",2.ET.RA.99 - OUTROS MATERIAIS UTILIZADOS NA REDE AÉREA,2320.0,227.5,554.500000001,41.0,410.0,26.65,0,,0.0,0,0,0.0,Essencial
3,000098,1.03.01.00.00049-9,B:3910555/C:373985,6270.0,"ABRACADEIRA TIPO D, COM CUNHA P/ APERTO (CHAVETA), BITOLA DO ELETRODUTO 3/4POL, MATERIAL CHAPA ZINCADA",2.ET.DM.99 - OUTROS MATERIAIS,360.0,32.5,29.083333334,116.0,30.0,16.5,0,Sim,0.0,0,0,0.0,Essencial
4,000249,1.02.02.03.00001-0,B:5475708/C:429924,8010.0,"AGUARRAS, A BASE DE SOLVENTES ALIFATICOS E AROMATICOS, QUEROSENE E DESTILADOS (PETROLEO) LEVES TRATADOS C/ HIDROGENIO, DENSIDADE 0,75 A 0,8G/ CM3, VOC 773 A 777G/ L, ACONDICIONADA EM EMBALAGEM QUE ASSEGURE A QUALIDADE DO PRODUTO, VALIDADE MINIMA 36 MESES,",2.ET.DM.99 - OUTROS MATERIAIS,171.9,18.225,12.225,158.0,46.8,525.1999999896,0,Sim,0.0,0,0,0.0,Essencial
5,082513,1.03.02.02.00831-4,B:5446589/C:283472,5310.0,"ARRUELA DE PRESSAO, EM ACO MOLA, ACABAMENTO BICROMATIZADO, DIAMETRO NOMINAL M4, DIAMETRO INTERNO 4,1MM, DIAMETRO EXTERNO 7,1MM, ESPESSURA 0,9MM,CONFORME NORMA DIN 127-B, ACONDICIONADA EM EMBALAGEM COM 100 UNIDADES",2.ET.DM.99 - OUTROS MATERIAIS,100.0,33.3333333333333,33.333333333,103.0,300.0,6.0,0,,0.0,0,0,0.0,Essencial
6,082513,1.03.02.02.00831-4,B:5446589/C:283472,5310.0,"ARRUELA DE PRESSAO, EM ACO MOLA, ACABAMENTO BICROMATIZADO, DIAMETRO NOMINAL M4, DIAMETRO INTERNO 4,1MM, DIAMETRO EXTERNO 7,1MM, ESPESSURA 0,9MM,CONFORME NORMA DIN 127-B, ACONDICIONADA EM EMBALAGEM COM 100 UNIDADES",2.ET.ES.02 - BLOQUEIOS (PEÇAS E ACESSÓRIOS),100.0,33.3333333333333,33.333333333,103.0,300.0,6.0,0,,0.0,0,0,0.0,Essencial
7,001314,1.05.01.00.00009-7,B:2799570/C:332420,8421.0,"AVENTAL DE RASPA DE COURO CURTIDA AO CROMO, CONFORME ESPECIFICACAO TECNICA CPTM ET AP2573-9",2.ET.DM.08 - EQUIPAMENTO DE PROTEÇÃO E SEGURANÇA,0.0,0.333333333333333,5.749999998,25.0,4.0,184.0,0,,0.0,0,0,0.0,Essencial
8,040857,1.04.05.04.00063-4,B:5453895/C:411291,6135.0,"BATERIA BOTAO; CR2032; 3V; LITIO, ECOLOGICAMENTE CORRETA, NAO CONTENDO MERCURIO E NAO CONTENDO CADMIO; DIAMETRO: 20MM; ESPESSURA: 3,2MM; CONFORME IEC 60086; RESOLUCAO CONAMA 401/2008, APROVADA PELO INMETRO; ACONDICIONAMENTO CARTELA COM 5 UNIDADES",2.ET.DM.04 - MATERIAIS ELÉTRICOS E ELETRÔNICOS,230.0,19.1666666666667,25.000000001,81.0,0.0,0.0,0,Sim,0.0,0,0,0.0,Essencial
9,001775,1.01.03.00.00008-0,B:6509150/C:603649,5620.0,"BLOCO VAZADO DE CONCRETO, MEDINDO (14X19X39)CM; CLASSE D (SEM FUNCAO ESTRUTURAL); PARA USO EM ELEMENTOS DE ALVENARIA ACIMA DO NIVEL DO SOLO; RESISTÊNCIA A COMPRESSAO DE 2,0 MPA; CONFORME NORMA ABNT NBR 6136","2.ET.DM.19 - MATERIAIS PARA CONSTRUÇÃO CIVIL ( CIMENTO, AREIA, MADEIRAS, CHAPAS METÁLICAS, ETC...)",0.0,25.0,26.666666667,98.0,300.0,1200.0,0,,0.0,0,0,0.0,Essencial
10,002114,1.05.01.01.00058-2,B:6452175/C:472774,8421.0,"BOTA DE SEGURANCA, SEM BIQUEIRA DE ACO, TAM 46, MODELO UNISSEX, COR PRETA, SEM COMPONENTES METALICOS, FECHAMENTO POR CADARCO, CANO CURTO, CABEDAL EM VAQUETA COM FLOR INTEGRAL, CURTIDO AO CROMO, HIDROFUGADO, SOLADO EM POLIURETANO BIDENSIDADE, BICOLOR,",2.ET.DM.08 - EQUIPAMENTO DE PROTEÇÃO E SEGURANÇA,0.0,0.333333333333333,0.0,0.0,4.0,353.12,0,,0.0,0,0,0.0,Essencial
11,002269,1.06.03.06.00084-1,595187,5120.0,"BROCA HELICOIDAL, HASTE CILINDRICA, ACO RAPIDO, DIAM 4,7 MM (3/16), TIPO N",2.ET.DM.06 - FERRAMENTAS,78.0,7.33333333333333,10.666666666,79.0,10.0,12.0,0,,0.0,0,0,0.0,Essencial
12,002222,1.06.03.06.00057-5,595195,5120.0,"BROCA HELICOIDAL, HASTE CILINDRICA, ACO RAPIDO, DIAM 6,3MM (1/4), TIPO N",2.ET.DM.06 - FERRAMENTAS,89.0,11.8333333333333,16.0,81.0,53.0,143.1,0,,0.0,0,0,0.0,Essencial
13,002251,1.06.03.06.00074-2,B:4148061/C:389933,5120.0,"BROCA HELICOIDAL, MATERIAL ACO RAPIDO, HASTE CILINDRICA, TIPO N, DIAMETRO 4MM, APLICACAO EM METAL, CONFORME NORMA DIN 338",2.ET.DM.06 - FERRAMENTAS,90.0,7.75,8.833333333,101.0,3.0,5.13,0,,0.0,0,0,0.0,Essencial
14,084306,1.05.01.04.00054-6,B:3478688/C:430352,8421.0,"CINTO DE SEGURANCA MULTIFUNCIONAL, TIPO PARAQUEDISTA, TAMANHO 1, CONFORME ESPECIFICACAO TECNICA CPTM ET BE2296-2",2.ET.DM.08 - EQUIPAMENTO DE PROTEÇÃO E SEGURANÇA,9.0,4.25,9.166666666,59.0,17.0,11690.05,25,Não,0.0,0,0,0.0,Essencial
15,004685,1.05.01.00.00035-6,4733703,6310.0,"COLETE REFLETIVO, TAMANHO UNICO, TECIDO TIPO MALHA BLOQUEADA, 100% POLIESTER, NA COR PRETA, ABERTURA FRONTAL E FECHAMENTO POR VELCRO, COM 3 FAIXAS DE PVC AMARELO, REFORCADO COM SOBREPOSICAO DE LAMINADO DE PVC CRISTAL AMARELO TRANSPARENTE, COM FAIXAS",2.ET.DM.08 - EQUIPAMENTO DE PROTEÇÃO E SEGURANÇA,35.0,2.91666666666667,119.749999998,3.0,11.0,1287.0,0,,0.0,11,0,0.0,Essencial
16,069675,1.04.01.00.00145-3,B:5958563/C:256528,6270.0,"CONDULETE MODULAR, TIPO L, BITOLA 3/4"", SAIDA SEM ROSCA, FIXACAO POR PARAFUSO DE APERTO, USO ABRIGADO, ALTURA 41MM, LARGURA 51MM, COMPRIMENTO 93MM, MATERIAL LIGA DE ALUMINIO-SILICIO, COM TAMPA CEGA, COM 2 TAMPOES E 2 CONECTORES, CONFORME NORMA NBR 15701",2.ET.DM.99 - OUTROS MATERIAIS,40.0,10.0,18.333333334,61.0,0.0,0.0,80,,0.0,0,0,0.0,Essencial
17,069675,1.04.01.00.00145-3,B:5958563/C:256528,6270.0,"CONDULETE MODULAR, TIPO L, BITOLA 3/4"", SAIDA SEM ROSCA, FIXACAO POR PARAFUSO DE APERTO, USO ABRIGADO, ALTURA 41MM, LARGURA 51MM, COMPRIMENTO 93MM, MATERIAL LIGA DE ALUMINIO-SILICIO, COM TAMPA CEGA, COM 2 TAMPOES E 2 CONECTORES, CONFORME NORMA NBR 15701",2.ET.DM.05 - MATERIAIS DE ILUMINAÇÃO,40.0,10.0,18.333333334,61.0,0.0,0.0,80,,0.0,0,0,0.0,Essencial
18,039785,1.05.04.03.00001-9,B:5004632/C:295662,8692.0,"CONECTOR, MODELO RJ45 MACHO CAT 5E, 8 VIAS EM BRONZE FOSFOROSO 50ΜIN (1,27ΜM) DE OUROE100ΜIN, (2,54ΜM) DE NIQUEL, TERMOPLASTICO NAO PROPAGANTE A CHAMA UL 94V-0, TRANSPARENTE, MEDINDO 8X11,7X21,5MM (AXLXP), NORMA EIA/TIA 568 B.2 E SEUS ADENDOS,",2.ET.DM.03 - PEÇAS E ACESSÓRIOS E COMPONENTES DE INFORMÁTICA,2250.0,213.916666666667,387.583333333,55.0,317.0,107.78,0,,0.0,0,0,0.0,Essencial
19,039785,1.05.04.03.00001-9,B:5004632/C:295662,8692.0,"CONECTOR, MODELO RJ45 MACHO CAT 5E, 8 VIAS EM BRONZE FOSFOROSO 50ΜIN (1,27ΜM) DE OUROE100ΜIN, (2,54ΜM) DE NIQUEL, TERMOPLASTICO NAO PROPAGANTE A CHAMA UL 94V-0, TRANSPARENTE, MEDINDO 8X11,7X21,5MM (AXLXP), NORMA EIA/TIA 568 B.2 E SEUS ADENDOS,",2.ET.DM.02 - SUPRIMENTO DE INFORMÁTICA,2250.0,213.916666666667,387.583333333,55.0,317.0,107.78,0,,0.0,0,0,0.0,Essencial
20,005570,1.03.03.01.00040-1,5083940,4710.0,"COTOVELO 90°, SOLDAVEL, PVC RIGIDO, COR MARROM, DIAMETRO NOMINAL 32MM, PARA INSTALACOES PREDIAIS DE AGUA FRIA, CONFORME NBR 5648.",2.ET.DM.99 - OUTROS MATERIAIS,15.0,4.16666666666667,4.166666667,127.0,35.0,66.85,0,Sim,0.0,0,0,0.0,Essencial
21,005570,1.03.03.01.00040-1,5083940,4710.0,"COTOVELO 90°, SOLDAVEL, PVC RIGIDO, COR MARROM, DIAMETRO NOMINAL 32MM, PARA INSTALACOES PREDIAIS DE AGUA FRIA, CONFORME NBR 5648.",2.ET.MR.32 - DEMAIS VEÍCULOS FERROVIÁRIOS E RODOFERROVIÁRIO (COMPONENTES E ACESSÓRIOS),15.0,4.16666666666667,4.166666667,127.0,35.0,66.85,0,Sim,0.0,0,0,0.0,Essencial
22,080986,1.03.00.02.00225-7,B:4881982/C:482967,5345.0,"DISCO DE CORTE, OXIDO DE ALUMINIO A60, TIPO 41, DIAMETRO 4.1/2"" (114,3MM), FURO CENTRAL 7/8"" (22,2MM), ESPESSURA 3/64"" (1,2MM), RPM MAX 13370, REFORCO 2 TELAS, CONFORME ABNT NBR 15230 E ISO 603-15,",2.ET.DM.99 - OUTROS MATERIAIS,635.0,71.6666666666667,88.333333333,82.0,225.0,445.5,0,,0.0,0,0,0.0,Essencial
23,016507,1.03.00.03.00582-3,B:1004638/C:225708,4510.0,"FITA DE VEDACAO, TEFLON, MATERIAL POLITETRAFLUORETILENO, LARGURA 18MM, ESPESSURA 0,07MM, COMPRIMENTO 25M, PARA INSTALAÇÕES PREDIAIS DE AGUA FRIA, CONFORME NBR 16368",2.ET.DM.99 - OUTROS MATERIAIS,511.0,43.5,35.999999999,124.0,11.0,19.47,0,,0.0,0,0,0.0,Essencial
24,007435,1.05.05.00.00014-7,B:5961874/C:614548,5970.0,"FITA ISOLANTE, MATERIAL PVC AUTOEXTINGUIVEL, ESP MIN 0,18MM, LARG 19MM, COMP 20M, ALONGAMENTO MIN 200%,  CLASSE DE ISOLACAO 750V, COR PRETA, INDICE DE TEMPERATURA 90°, CONFORME NORMA ABNT NBR NM 60454-3-1, TIPO 5 (MINIMO), CLASSE A,",2.ET.DM.99 - OUTROS MATERIAIS,589.0,51.25,142.916666668,37.0,56.0,946.96,0,Sim,0.0,30,0,0.0,Essencial
25,073937,1.05.03.00.00134-5,81337,842.0,"FORMULARIO 6017, ANALISE DE RISCO DE TAREFA - ART, CONFORME FICHA TECNICA DE FORMULARIO",3.AD.SD.13 - SERVIÇOS GRÁFICOS (CONSIDERA BILHETES MAGNÉTICOS),55.0,5.0,7.666666666,80.0,5.0,50.0,0,,0.0,0,0,0.0,Essencial
26,070581,1.03.03.01.00124-7,B:5111838/C:452639,4710.0,"JOELHO 45 GR DE PVC RIGIDO, NBR 5648/77, DIAM 32MM, MARROM.",2.ET.DM.99 - OUTROS MATERIAIS,7.0,2.5,2.5,145.0,13.0,5.85,10,Sim,0.0,0,0,0.0,Essencial
27,071522,1.05.01.02.00023-2,B:5673828/C:616760,8421.0,"LUVA TRICOTADA EM FIOS DE ALGODAO E POLIESTER, TAMANHO 9POL, COMPRIMENTO TOTAL 265MM +/-5MM, COR CINZA, PALMA E PONTA DOS DEDOS REVESTIDOS DE BORRACHA DE LATEX NATURAL COR AZUL RUGOSO E ANTIDERRAPANTE, CANO CURTO, PUNHO INTEGRADO COM ELASTICO E ACABAMENTO",2.ET.DM.08 - EQUIPAMENTO DE PROTEÇÃO E SEGURANÇA,267.0,102.666666666667,221.833333332,44.0,313.0,1874.87,700,,0.0,48,700,0.0,Essencial
28,071522,1.05.01.02.00023-2,B:5673828/C:616760,8421.0,"LUVA TRICOTADA EM FIOS DE ALGODAO E POLIESTER, TAMANHO 9POL, COMPRIMENTO TOTAL 265MM +/-5MM, COR CINZA, PALMA E PONTA DOS DEDOS REVESTIDOS DE BORRACHA DE LATEX NATURAL COR AZUL RUGOSO E ANTIDERRAPANTE, CANO CURTO, PUNHO INTEGRADO COM ELASTICO E ACABAMENTO",2.ET.DM.99 - OUTROS MATERIAIS,267.0,102.666666666667,221.833333332,44.0,313.0,1874.87,700,,0.0,48,700,0.0,Essencial
29,071654,1.04.02.00.01013-8,B:5630061/C:434213,5925.0,"MINIDISJUNTOR, BIPOLAR, CORRENTE NOMINAL 20A, CURVA DE DISPARO C, CAPACIDADE DE INTERRUPCAO 5KA (127/220VCA), 3KA (220/380VCA), CONFORME NBR NM 60898-1, COM ENCAIXE PARA TRILHO DIN 35MM",2.ET.DM.99 - OUTROS MATERIAIS,29.0,3.5,3.916666667,118.0,13.0,312.0,0,Sim,0.0,0,0,0.0,Essencial
30,071654,1.04.02.00.01013-8,B:5630061/C:434213,5925.0,"MINIDISJUNTOR, BIPOLAR, CORRENTE NOMINAL 20A, CURVA DE DISPARO C, CAPACIDADE DE INTERRUPCAO 5KA (127/220VCA), 3KA (220/380VCA), CONFORME NBR NM 60898-1, COM ENCAIXE PARA TRILHO DIN 35MM",2.ET.DM.04 - MATERIAIS ELÉTRICOS E ELETRÔNICOS,29.0,3.5,3.916666667,118.0,13.0,312.0,0,Sim,0.0,0,0,0.0,Essencial
31,067975,1.04.02.00.00135-9,B:5629543/C:458347,5925.0,"MINIDISJUNTOR, TRIPOLAR, CORRENTE NOMINAL 10A, CURVA DE DISPARO C, CAPACIDADE DE INTERRUPCAO 5KA (127/220VCA), 3KA (220/380VCA), CONFORME NBR NM 60898-1, COM ENCAIXE PARA TRILHO DIN 35MM, COM CERTIFICACAO COMPULSORIA DO INMETRO",2.ET.DM.99 - OUTROS MATERIAIS,3.0,1.66666666666667,2.416666667,116.0,17.0,365.5,0,,0.0,0,0,0.0,Essencial
32,067975,1.04.02.00.00135-9,B:5629543/C:458347,5925.0,"MINIDISJUNTOR, TRIPOLAR, CORRENTE NOMINAL 10A, CURVA DE DISPARO C, CAPACIDADE DE INTERRUPCAO 5KA (127/220VCA), 3KA (220/380VCA), CONFORME NBR NM 60898-1, COM ENCAIXE PARA TRILHO DIN 35MM, COM CERTIFICACAO COMPULSORIA DO INMETRO",2.ET.DM.04 - MATERIAIS ELÉTRICOS E ELETRÔNICOS,3.0,1.66666666666667,2.416666667,116.0,17.0,365.5,0,,0.0,0,0,0.0,Essencial
33,070291,1.05.01.03.00039-6,B:6465773/C:274460,8421.0,"OCULOS DE SEGURANCA CONTRA IMPACTO COM LENTE INCOLOR, ARMACAO EM MATERIAL PLASTICO PRETO COM REVESTIMENTO DE ESPUMA CINZA, HASTE EM PLASTICO DURO COM REVESTIMENTO PLASTICO MACIO E FLEXIVEL E TIRANTE DE AJUSTE COM ELASTICO, COM PROTECAO LATERAL MOLDADA NA",2.ET.DM.08 - EQUIPAMENTO DE PROTEÇÃO E SEGURANÇA,145.0,27.4166666666667,154.333333331,18.0,198.0,16335.0,0,,0.0,14,0,0.0,Essencial
34,085500,1.02.00.00.00006-1,B:3936872/C:477915,9160.0,"OLEO DIESEL, CLASSIFICACAO B S10, AUTOMOTIVO, TEOR ENXOFRE MAX 10MG/KG, CONFORME ANP",2.ET.CB.03 - DIESEL,0.0,6283.33333333333,1894.083333333,332.0,15621.0,114228.5625,0,,180000.0,0,0,59779.0,Essencial
35,010525,1.02.01.00.00004-1,B:6343325/C:456240,9140.0,"OLEO LUBRIFICANTE, AEROSOL; LIQUIDO; DESENGRIPANTE; COMPOSTO DE DESTILADO ALIFATICO E OLEOS DE PETROLEO, INIBIDOR DE CORROSAO E PROPELENTE; NAO DEVE CONTER CLOROFLUORCARBONO (CFC)",2.ET.CB.04 - LUBRIFICANTES,812.0,71.8333333333333,131.583333333,55.0,56.0,687.68,0,Sim,0.0,6,0,0.0,Essencial
36,039040,1.02.01.00.00001-0,B:4953762/C:472896,9140.0,"OLEO LUBRIFICANTE, AUTOMOTIVO, MINERAL, SAE 15W40, CLASSIFICACAO API CH-4, INDICE DE VISCOSIDADE 141, VISCOSIDADE A 100°C 15,0MM2/S, DENSIDADE A 15°C 0,88KG/L, PONTO DE FULGOR 228°C, PONTO DE FLUIDEZ -30°C, ADITIVOS ANTICORROSIVO, ANTIDESGASTE, ANTIESPUMA",2.ET.CB.04 - LUBRIFICANTES,1240.0,196.666666666667,313.333333333,63.0,1160.0,20590.0,0,Sim,0.0,40,0,0.0,Essencial
37,011850,1.04.05.04.00030-8,B:5915775/C:419859,6135.0,"PILHA, NAO RECARREGAVEL, ALCALINA, TAMANHO AA, TENSAO NOMINAL 1,5V, ACONDICIONAMENTO CARTELA COM 2 UNIDADES, CONFORME RESOLUCAO CONAMA Nº 401 DE 04/11/2008; ABNT 11175/90",2.ET.DM.04 - MATERIAIS ELÉTRICOS E ELETRÔNICOS,616.0,105.833333333333,187.833333338,57.0,654.0,899.25,0,Sim,0.0,0,0,0.0,Essencial
38,067476,1.05.01.03.00033-3,B:6461735/C:616645,8421.0,"PROTETOR AUDITIVO, REUTILIZAVEL, TIPO PLUG DE INSERCAO NO CANAL AUDITIVO EXTERNO HUMANO; CONFECCIONADO EM SILICONE GRAU FARMACEUTICO, COM TRES FLANGES, COM CORDAO DE ALGODAO, PVC, SILICONE OU POLIESTER.",2.ET.DM.08 - EQUIPAMENTO DE PROTEÇÃO E SEGURANÇA,656.0,123.916666666667,348.750000001,27.0,852.0,962.76,0,,0.0,21,0,0.0,Essencial
39,069802,1.05.01.04.00009-9,B:2860074/C:405875,6526.0,"PROTETOR SOLAR, FPS 30 PARA RAIOS UVA/UVB, CONFORME ESPECIFICACAO TECNICA CPTM ET AO1524-0",2.ET.DM.08 - EQUIPAMENTO DE PROTEÇÃO E SEGURANÇA,822.0,77.5,263.416666664,30.0,108.0,842.4,0,,0.0,0,0,0.0,Essencial
40,014905,1.05.01.00.00041-7,B:5776945/C:428457,8421.0,"SUSPENSAO COM JUGULAR PARA CAPACETE, DO TIPO SUSPENSAO DA ARMACAO INTERNA, DA MARCA MSA, MODELO PUSH KEY, CODIGO 311687, DEVERA SER COMPATIVEL COM O CAPACETE DA MARCA MSA,MODELO V-GARD ABA FRONTAL E MODELO V-GARD ABA TOTAL,",2.ET.DM.08 - EQUIPAMENTO DE PROTEÇÃO E SEGURANÇA,0.0,40.8333333333333,1.0,4.197,490.0,13230.0,0,,0.0,0,0,0.0,Essencial
41,072616,1.05.01.04.00034-8,B:3478610/C:430334,4240.0,"TALABARTE DE SEGURANCA COM REGULAGEM PARA POSICIONAMENTO, CONFORME ESPECIFICACAO TECNICA CPTM ET AS8268-0",2.ET.DM.08 - EQUIPAMENTO DE PROTEÇÃO E SEGURANÇA,49.0,9.66666666666667,14.416666665,75.0,67.0,46571.7,0,,0.0,0,0,0.0,Essencial
42,072616,1.05.01.04.00034-8,B:3478610/C:430334,4240.0,"TALABARTE DE SEGURANCA COM REGULAGEM PARA POSICIONAMENTO, CONFORME ESPECIFICACAO TECNICA CPTM ET AS8268-0",2.ET.DM.99 - OUTROS MATERIAIS,49.0,9.66666666666667,14.416666665,75.0,67.0,46571.7,0,,0.0,0,0,0.0,Essencial
43,073234,1.05.01.04.00039-3,B:6287867/C:430333,4240.0,"TALABARTE DE SEGURANCA, TIPO DUPLO OU TIPO ""Y"", COM MOSQUETAO 60MM, CONFORME ESPECIFICACAO TECNICA CPTM ET AT8219-6",2.ET.DM.99 - OUTROS MATERIAIS,1.0,5.58333333333333,16.999999999,40.0,22.0,14422.76,50,Sim,0.0,6,0,0.0,Essencial
44,073234,1.05.01.04.00039-3,B:6287867/C:430333,4240.0,"TALABARTE DE SEGURANCA, TIPO DUPLO OU TIPO ""Y"", COM MOSQUETAO 60MM, CONFORME ESPECIFICACAO TECNICA CPTM ET AT8219-6",2.ET.DM.08 - EQUIPAMENTO DE PROTEÇÃO E SEGURANÇA,1.0,5.58333333333333,16.999999999,40.0,22.0,14422.76,50,Sim,0.0,6,0,0.0,Essencial
45,042914,1.05.02.02.00018-8,B:3961176/C:254377,8110.0,"TAMBOR NOVO; CILINDRICO; MATERIAL ACO; CAPACIDADE 200L; TAMPA REMOVIVEL; PARA COLETA DE RESIDUOS SOLIDOS DE MANUTENCAO; FECHAMENTO COM ANEL METALICO COM FECHO RAPIDO; DIMENSOES MINIMAS ALT 850MM; DIAM EXT 590MM; ESPESSURA MIN DAS CHAPAS; TAMPA 0,75MM;",2.ET.DM.99 - OUTROS MATERIAIS,10.0,11.6666666666667,26.166666662,49.0,36.0,13824.0,94,Sim,0.0,0,94,0.0,Essencial
46,015976,1.06.03.02.00050-8,B:2449838/C:290551,8020.0,"TRINCHA TIPO DUPLA COM LARGURA DE 3"" CERDA NA COR PRETA CABO DE POLIPROPILENO INJETADO PARA APLICAR ESMALTE E TINTA A OLEO",2.ET.DM.06 - FERRAMENTAS,51.0,6.25,5.999999999,123.0,24.0,198.96,0,Sim,0.0,0,0,0.0,Essencial
47,015978,1.06.03.02.00052-2,2776391,8020.0,"TRINCHA TIPO SIMPLES COM LARGURA DE 1"", CERDA NA COR GRIS, CABO DE POLIPROPILENO AMARELO PARA APLICAR ESMALTE, OLEO, PVA, LATEX, LIMPAR PECAS E MAQUINAS",2.ET.DM.06 - FERRAMENTAS,64.0,6.83333333333333,16.583333334,48.0,18.0,28.44,0,Sim,0.0,0,0,0.0,Essencial
1,078761,1.05.01.10.04-6,B:4046226/C:339173,4210.0,"ADAPTADOR  PARA  HIDRANTE, CONFECCIONADO  EM  LATAO, ACABAMENTO NATURAL, MEDINDO  1.1/2""  ENGATE  RAPIDO  E  2.1/2""  ROSCA  FEMEA; MODELO  MISTO, TIPO  STORZ  (E.R)  E ROSCA  FEMEA  (INTERNA)  DE 5 FPP",2.ET.DM.08 - EQUIPAMENTO DE PROTEÇÃO E SEGURANÇA,0.0,0.0,2.5,22.0,-30.0,-657.0,30,,0.0,0,0,0.0,Estratégico
2,078761,1.05.01.10.04-6,B:4046226/C:339173,4210.0,"ADAPTADOR  PARA  HIDRANTE, CONFECCIONADO  EM  LATAO, ACABAMENTO NATURAL, MEDINDO  1.1/2""  ENGATE  RAPIDO  E  2.1/2""  ROSCA  FEMEA; MODELO  MISTO, TIPO  STORZ  (E.R)  E ROSCA  FEMEA  (INTERNA)  DE 5 FPP",2.ET.DM.99 - OUTROS MATERIAIS,0.0,0.0,2.5,22.0,-30.0,-657.0,30,,0.0,0,0,0.0,Estratégico
3,002576,1.04.00.01.00003-6,5558000,6145.0,"CABO COBRE ELETROLITICO MULTIPOLAR, 2 CONDUTORES, SECAO NOMINAL 2,5MM2, TEMPERA MOLE, CLASSE ENCORDOAMENTO 5, TENSAO ISOLACAO 0,6/1KV, ISOLACAO TERMOFIXO HEPR, COBERTURA PVC-ST2 ANTICHAMA, COR PRETA, TEMPERATURA REGIME PERMANENTE 90°C, CONFORME NBR 7286",2.ET.DM.04 - MATERIAIS ELÉTRICOS E ELETRÔNICOS,400.0,0.0,41.666666666,1.0,-400.0,-2120.0,0,Sim,0.0,0,0,0.0,Estratégico
4,002725,1.04.00.01.00073-9,B:5734371/C:616152,6145.0,"CABO COBRE ELETROLITICO MULTIPOLAR, 2 CONDUTORES, SECAO NOMINAL 6MM2, TEMPERA MOLE, CLASSE ENCORDOAMENTO 5, TENSAO ISOLACAO 0,6/1KV, ISOLACAO TERMOFIXO HEPR, COBERTURA TERMOPLASTICO NAO HALOGENADO SHF1, COR PRETA,",2.ET.DM.99 - OUTROS MATERIAIS,1500.0,0.0,208.333333334,0.0,-1500.0,-23322.0,0,,1500.0,0,0,0.0,Estratégico
5,002722,1.04.00.01.00070-8,B:6298192/C:441191,6145.0,"CABO COBRE ELETROLITICO MULTIPOLAR, 3 CONDUTORES, SECAO NOMINAL 2,5MM2, CORES PRETA, AZUL E VERDE; ENCORDOAMENTO CLASSE 4 OU 5, TENSAO DE ISOLAMENTO 300/500V, MATERIAL DA ISOLACAO PVC, COR PRETA,",2.ET.DM.04 - MATERIAIS ELÉTRICOS E ELETRÔNICOS,2400.0,133.333333333333,566.666666666,24.0,-2400.0,-14640.0,0,Sim,0.0,0,0,0.0,Estratégico
6,002726,1.04.00.01.00074-6,B:6500609/C:338644,6145.0,"CABO COBRE ELETROLITICO MULTIPOLAR, 3 CONDUTORES, SECAO NOMINAL 4MM2,  CORES PRETA, AZUL E VERDE; ENCORDOAMENTO CLASSE 4 OU 5, CLASSE DE ISOLACAO 0,6/1KV, ISOLACAO EM EPR, , ENCHIMENTO E COBERTURA COMPOSTA TERMOFIXA NAO HALOGENADA (HF),",2.ET.DM.04 - MATERIAIS ELÉTRICOS E ELETRÔNICOS,700.0,0.0,108.333333333,1.0,-700.0,-7679.0,0,Sim,0.0,0,0,0.0,Estratégico
7,002696,1.04.00.01.00060-9,B:5611091/C:616857,6145.0,"CABO COBRE ELETROLITICO, SECAO NOMINAL 0,75MM2, TEMPERA MOLE, CLASSE ENCORDOAMENTO 4, TENSAO ISOLACAO 450/750V, ISOLACAO PVC BWF ANTICHAMA, COR VERMELHA, TEMPERATURA REGIME PERMANENTE 70°C, CERTIFICACAO COMPULSORIA INMETRO,",2.ET.DM.99 - OUTROS MATERIAIS,0.0,0.0,16.666666667,3.0,0.0,0.0,0,,0.0,0,0,0.0,Estratégico
8,002697,1.04.00.01.00061-6,5129834,6145.0,"CABO COBRE ELETROLITICO, UNIPOLAR, SECAO NOMINAL 0,75MM2, TEMPERA MOLE, CLASSE ENCORDOAMENTO 4, TENSAO ISOLACAO 450/750V, ISOLACAO PVC BWF ANTICHAMA, COR AZUL, TEMPERATURA REGIME PERMANENTE 70°C, CERTIFICACAO COMPULSORIA INMETRO,",2.ET.DM.04 - MATERIAIS ELÉTRICOS E ELETRÔNICOS,50.0,0.0,8.333333333,7.0,-50.0,-35.0,0,Sim,0.0,0,0,0.0,Estratégico
9,002667,1.04.00.01.00038-8,B:6500609/C:322158,6145.0,"CABO COBRE ELETROLITICO, UNIPOLAR, SECAO NOMINAL 10MM2,  COR AZUL, CLASSE DE ENCORDOAMENTO 4 OU SUPERIOR, CONFORME NORMA ABNT NBR NM 247, CERTIFICACAO COMPULSORIA INMETRO, ACONDICIONAMENTO ROLO 100M",2.ET.DM.04 - MATERIAIS ELÉTRICOS E ELETRÔNICOS,0.0,25.0,50.0,51.0,-500.0,-4224.95,500,Sim,0.0,0,0,0.0,Estratégico
10,002718,1.04.00.01.00066-1,B:5806461/C:616155,6145.0,"CABO COBRE ELETROLITICO, UNIPOLAR, SECAO NOMINAL 1,5MM2,  COR PRETA, CLASSE DE ENCORDOAMENTO 4 OU SUPERIOR, CONFORME NORMA ABNT NBR NM 247, CERTIFICACAO COMPULSORIA INMETRO, ACONDICIONAMENTO ROLO 100M",2.ET.DM.04 - MATERIAIS ELÉTRICOS E ELETRÔNICOS,5200.0,33.3333333333333,718.750000002,5.0,-5200.0,-7800.0,0,Sim,0.0,0,0,0.0,Estratégico
11,002715,1.04.00.01.00063-0,B:6045910/C:335498,6145.0,"CABO COBRE ELETROLITICO, UNIPOLAR, SECAO NOMINAL 1,5MM2, TEMPERA MOLE, CLASSE ENCORDOAMENTO MINIMO 4, TENSAO ISOLACAO 450/750V, ISOLACAO PVC BWF ANTICHAMA, COR AZUL, TEMPERATURA REGIME PERMANENTE 70°C, CERTIFICACAO COMPULSORIA INMETRO,",2.ET.DM.04 - MATERIAIS ELÉTRICOS E ELETRÔNICOS,0.0,33.3333333333333,195.833333332,17.0,-1600.0,-1688.8,1600,Sim,0.0,0,0,0.0,Estratégico
12,040109,1.04.00.01.00026-5,B:6087124/C:400938,6145.0,"CABO COBRE ELETROLITICO, UNIPOLAR, SECAO NOMINAL 240MM2, COR PRETA, CLASSE DE ENCORDOAMENTO 5 OU SUPERIOR, CONFORME NORMA ABNT NBR NM 247, CERTIFICACAO COMPULSORIA INMETRO, ACONDICIONAMENTO ROLO 100M",2.ET.DM.04 - MATERIAIS ELÉTRICOS E ELETRÔNICOS,0.0,8.33333333333333,20.833333333,43.0,-200.0,-29536.32,200,Sim,0.0,0,0,0.0,Estratégico
13,040109,1.04.00.01.00026-5,B:6087124/C:400938,6145.0,"CABO COBRE ELETROLITICO, UNIPOLAR, SECAO NOMINAL 240MM2, COR PRETA, CLASSE DE ENCORDOAMENTO 5 OU SUPERIOR, CONFORME NORMA ABNT NBR NM 247, CERTIFICACAO COMPULSORIA INMETRO, ACONDICIONAMENTO ROLO 100M",2.ET.ST.99 - OUTROS MATERIAIS UTILIZADOS NA SINALIZAÇÃO,0.0,8.33333333333333,20.833333333,43.0,-200.0,-29536.32,200,Sim,0.0,0,0,0.0,Estratégico
14,002719,1.04.00.01.00067-8,B:5562139/C:248466,6145.0,"CABO COBRE ELETROLITICO, UNIPOLAR, SECAO NOMINAL 2,5MM2, TEMPERA MOLE, CLASSE ENCORDOAMENTO 4, TENSAO ISOLACAO 450/750V, ISOLACAO PVC BWF ANTICHAMA, COR PRETA, TEMPERATURA REGIME PERMANENTE 70°C, CERTIFICACAO COMPULSORIA INMETRO,",2.ET.DM.04 - MATERIAIS ELÉTRICOS E ELETRÔNICOS,700.0,291.666666666667,770.833333334,38.0,-3900.0,-6240.0,3500,Sim,0.0,300,0,0.0,Estratégico
15,040137,1.04.00.01.00115-6,5383811,6145.0,"CABO COBRE ELETROLITICO, UNIPOLAR, SECAO NOMINAL 2,5MM2, TEMPERA MOLE, CLASSE ENCORDOAMENTO 5, TENSAO ISOLACAO 450/750V, ISOLACAO PVC BWF ANTICHAMA, COR VERDE, TEMPERATURA REGIME PERMANENTE 70°C, CERTIFICACAO COMPULSORIA INMETRO,",2.ET.ES.02 - BLOQUEIOS (PEÇAS E ACESSÓRIOS),1300.0,216.666666666667,541.666666667,40.0,-1300.0,-2080.0,0,Sim,0.0,0,0,0.0,Estratégico
16,002720,1.04.00.01.00068-5,5284066,6145.0,"CABO COBRE ELETROLITICO, UNIPOLAR, SECAO NOMINAL 4MM2,  COR PRETA, CLASSE DE ENCORDOAMENTO 4 OU SUPERIOR, CONFORME NORMA ABNT NBR NM 247, CERTIFICACAO COMPULSORIA INMETRO, ACONDICIONAMENTO ROLO 100M",2.ET.ES.02 - BLOQUEIOS (PEÇAS E ACESSÓRIOS),6000.0,83.3333333333333,649.166666667,13.0,-6000.0,-21300.0,0,Sim,0.0,0,0,0.0,Estratégico
17,002666,1.04.00.01.00037-1,4920740,6145.0,"CABO COBRE ELETROLITICO, UNIPOLAR, SECAO NOMINAL 6MM2,  COR PRETA, CLASSE DE ENCORDOAMENTO 4 OU SUPERIOR, CONFORME NORMA ABNT NBR NM 247, CERTIFICACAO COMPULSORIA INMETRO, ACONDICIONAMENTO ROLO 100M",2.ET.ES.02 - BLOQUEIOS (PEÇAS E ACESSÓRIOS),3300.0,41.6666666666667,349.999999999,12.0,-3300.0,-14252.04,0,Sim,0.0,0,0,0.0,Estratégico
18,002716,1.04.00.01.00064-7,B:3463710/C:459984,6145.0,"CABO COBRE ELETROLITICO, UNIPOLAR, SECAO 2,5MM2, TEMPERA MOLE, CLASSE ENCORDOAMENTO 4, ISOLACAO PVC BWF ANTI-CHAMA, TENSAO ISOLACAO 450/750V, COR AZUL, TEMPERATURA REGIME PERMANENTE 70°C, CERTIFICACAO COMPULSORIA INMETRO,",2.ET.ES.02 - BLOQUEIOS (PEÇAS E ACESSÓRIOS),1100.0,116.666666666667,374.999999999,31.0,-2400.0,-4080.0,1300,Sim,0.0,0,0,0.0,Estratégico
19,002716,1.04.00.01.00064-7,B:3463710/C:459984,6145.0,"CABO COBRE ELETROLITICO, UNIPOLAR, SECAO 2,5MM2, TEMPERA MOLE, CLASSE ENCORDOAMENTO 4, ISOLACAO PVC BWF ANTI-CHAMA, TENSAO ISOLACAO 450/750V, COR AZUL, TEMPERATURA REGIME PERMANENTE 70°C, CERTIFICACAO COMPULSORIA INMETRO,",2.ET.DM.04 - MATERIAIS ELÉTRICOS E ELETRÔNICOS,1100.0,116.666666666667,374.999999999,31.0,-2400.0,-4080.0,1300,Sim,0.0,0,0,0.0,Estratégico
20,040086,1.04.00.02.00011-8,B:6474071/C:322804,6145.0,"CABO COBRE ELETROLITICO, 1 CONDUTOR, SECAO NOMINAL 120MM2, TEMPERA MOLE, CLASSE ENCORDOAMENTO 2, TENSAO ISOLACAO 20/35KV, ISOLACAO TERMOFIXO EPR, BLINDAGEM CONDUTOR TERMOFIXO SEMICONDUTOR, BLINDAGEM ISOLACAO TERMOFIXO SEMICONDUTOR E FIOS DE COBRE NU,",2.ET.RA.04 - CABO ELÉTRICO,720.0,0.0,60.0,1.0,-720.0,-61164.0,0,Sim,0.0,0,0,0.0,Estratégico
21,002675,1.04.00.01.00046-3,B:5560365/C:441657,6145.0,"CABO DE COBRE ELETROLITICO, UNIPOLAR, SECAO NOMINAL 35MM2, CLASSE ENCORDOAMENTO 5, TENSAO ISOLACAO 450/750V, ISOLACAO PVC BWF ANTICHAMA, COR PRETA, TEMPERATURA REGIME PERMANENTE 70°C, CERTIFICACAO COMPULSORIA INMETRO,",2.ET.DM.04 - MATERIAIS ELÉTRICOS E ELETRÔNICOS,0.0,33.3333333333333,50.0,68.0,-500.0,-9875.0,500,Sim,0.0,0,0,0.0,Estratégico
22,002612,1.04.00.01.00023-4,B:6309356/C:616153,6145.0,"CABO ELETRICO, COBRE ELETROLITICO ESTANHADO, COR PRETO, TEMPERA MOLE, SEÇAO CIRCULAR 2,5MM2, ENCORDOAMENTO CLASSE 5, TEMPERATURA DE TRABALHO 90°C, ISOLACAO EM EPR, COBERTURA POR COMPOSTO TERMOFIXO (NEOPRENE OU HYPALON), TENSAO DE ISOLAMENTO 0,6/1KV,",2.ET.DM.04 - MATERIAIS ELÉTRICOS E ELETRÔNICOS,100.0,0.0,16.666666667,3.0,-200.0,-572.4,100,Sim,0.0,0,0,0.0,Estratégico
23,002807,1.04.00.01.00097-5,B:6309364/C:322800,6145.0,"CABO ELETRICO, COBRE ELETROLITICO ESTANHADO, TEMPERA MOLE, 0,6/1KV, SECAO 1,5MM2, ENCORDOAMENTO CLASSE 4, ISOLACAO EPR, COBERTURA EXTERNA NEOPRENE OU HYPALON COR PRETA, DIAM EXT NOM 5,1MM, NBR 7286, ACONDICIONAMENTO ROLO 100M",2.ET.DM.99 - OUTROS MATERIAIS,0.0,8.33333333333333,16.666666667,53.0,-100.0,-194.0,100,,0.0,0,0,0.0,Estratégico
24,002807,1.04.00.01.00097-5,B:6309364/C:322800,6145.0,"CABO ELETRICO, COBRE ELETROLITICO ESTANHADO, TEMPERA MOLE, 0,6/1KV, SECAO 1,5MM2, ENCORDOAMENTO CLASSE 4, ISOLACAO EPR, COBERTURA EXTERNA NEOPRENE OU HYPALON COR PRETA, DIAM EXT NOM 5,1MM, NBR 7286, ACONDICIONAMENTO ROLO 100M",2.ET.DM.04 - MATERIAIS ELÉTRICOS E ELETRÔNICOS,0.0,8.33333333333333,16.666666667,53.0,-100.0,-194.0,100,,0.0,0,0,0.0,Estratégico
25,002671,1.04.00.01.00042-5,B:2708221/C:333946,6145.0,"CABO ELETRICO, COBRE ELETROLITICO, TEMPERA MOLE, 0,75KV, SECAO 25MM2, ENCORDOAMENTO CLASSE 2, ISOLACAO PCV ANTI-CHAMA BWF, COBERTURA ST1, COR AZUL CLARO, NBR 6148",2.ET.DM.04 - MATERIAIS ELÉTRICOS E ELETRÔNICOS,300.0,8.33333333333333,41.666666666,21.0,-300.0,-5436.0,0,,0.0,0,0,0.0,Estratégico
26,002671,1.04.00.01.00042-5,B:2708221/C:333946,6145.0,"CABO ELETRICO, COBRE ELETROLITICO, TEMPERA MOLE, 0,75KV, SECAO 25MM2, ENCORDOAMENTO CLASSE 2, ISOLACAO PCV ANTI-CHAMA BWF, COBERTURA ST1, COR AZUL CLARO, NBR 6148",2.ET.DM.99 - OUTROS MATERIAIS,300.0,8.33333333333333,41.666666666,21.0,-300.0,-5436.0,0,,0.0,0,0,0.0,Estratégico
27,071881,1.04.00.01.00237-8,B:5077982/C:616154,6145.0,"CABO ELETRICO, CONDUTOR FLEXIVEL DE COBRE, TRIPOLAR, SECAO NOMINAL 6,0MM2, TEMPERA MOLE, ENCORDOAMENTO CLASSE 5, TENSAO DE ISOLACAO 0,6/1KV, ISOLACAO COMPOSTO TERMOFIXO EM EPR, ENCHIMENTO E COBERTURA EM COMPOSTO TERMOPLASTICO NAO HALOGENADO, COR PRETA,",2.ET.DM.04 - MATERIAIS ELÉTRICOS E ELETRÔNICOS,1000.0,0.0,108.333333334,1.0,-1000.0,-16033.98,0,,0.0,0,0,0.0,Estratégico
28,071352,1.04.00.01.00157-9,6018718,6145.0,"CABO ELETRICO, CONDUTOR FLEXIVEL DE COBRE, UNIPOLAR, SECAO NOMINAL 2,5MM2, ENCORDOAMENTO CLASSE 5, TENSAO DE ISOLACAO 0,6/1KV; ISOLACAO: COMPOSTO TERMOFIXO EM DUPLA CAMADA DE BORRACHA HEPR;",2.ET.DM.04 - MATERIAIS ELÉTRICOS E ELETRÔNICOS,500.0,0.0,83.333333334,1.0,-500.0,-1154.99,0,,0.0,0,0,0.0,Estratégico
29,071368,1.04.00.01.00173-5,B:3232956/C:424277,6145.0,"CABO ELETRICO, CONDUTOR FLEXIVEL DE COBRE, UNIPOLAR, SECAO NOMINAL 25MM2, ENCORDOAMENTO CLASSE 5, TENSAO DE ISOLACAO 0,6/1KV; ISOLACAO: COMPOSTO TERMOFIXO EM DUPLA CAMADA DE BORRACHA HEPR;",2.ET.DM.04 - MATERIAIS ELÉTRICOS E ELETRÔNICOS,800.0,50.0,225.0,22.0,-1900.0,-20273.0,1100,,0.0,0,0,0.0,Estratégico
30,071381,1.04.00.01.00186-3,B:6462553/C:459948,6145.0,"CABO ELETRICO, CONDUTOR FLEXIVEL DE COBRE, UNIPOLAR, SECAO NOMINAL 95MM2, ENCORDOAMENTO CLASSE 5, TENSAO DE ISOLACAO 0,6/1KV;  ISOLACAO: COMPOSTO TERMOFIXO EM DUPLA CAMADA DE BORRACHA HEPR;",2.ET.DM.04 - MATERIAIS ELÉTRICOS E ELETRÔNICOS,2.8,0.1,0.5,131.0,-3.8,-114000.0,1,,0.0,0,0,0.0,Estratégico
31,002587,1.04.00.01.00008-1,B:6391460/C:616157,6145.0,"CABO ELETRICO CONTROLE, MATERIAL DO CONDUTOR COBRE, NUMERO DE CONDUTORES 4, SECAO NOMINAL 1,5MM2, ENCORDOAMENTO FLEXIVEL (CLASSE 4 OU 5), TENSAO DE ISOLAMENTO 1KV, MATERIAL DA ISOLACAO PVC/A, COR DA ISOLACAO VERDE/PRETO/MARROM/AZUL, MATERIAL DA COBERTURA",2.ET.DM.04 - MATERIAIS ELÉTRICOS E ELETRÔNICOS,500.0,16.6666666666667,66.666666665,26.0,-500.0,-6000.0,0,Sim,0.0,0,0,0.0,Estratégico
32,002705,1.04.00.00.00005-3,2691175,9051.0,"CABO ELETRICO DE COBRE ELETROLITICO NU FLEXIVEL, TEMPERA DURA, SECAO NOM 253 MM2 (500 MCM), FORMACAO 37 X 2,95 MM, DIAM 20,65 MM, CARGA RUPTURA 10260 KGF, RESISTENCIA OHMICA MAX 0,07180 OHM/KM (20 GR CELSIUS), PESO 2,300 KG/KM, ACONDICIONAMENTO CARRETEL",2.ET.RA.99 - OUTROS MATERIAIS UTILIZADOS NA REDE AÉREA,19600.0,651.333333333333,2606.666666667,25.0,-19600.0,-1224804.0,0,Sim,0.0,0,0,0.0,Estratégico
33,002653,1.04.00.00.00004-6,4693884,6145.0,"CABO ELETRICO DESIGNACAO USUAL TURKEY, MATERIAL DO CONDUTOR ALUMINIO, MATERIAL DA ALMA ACO CARBONO (ACSR), TEMPERA DO MATERIAL CONDUTOR H19, COM 6 CONDUTORES, SECAO NOMINAL DO CONDUTOR 6 AWG, FORMACAO DO CONDUTOR 6 X 1,68 MM, FORMACAO DA ALMA 1 X 1,68 MM,",2.ET.DM.04 - MATERIAIS ELÉTRICOS E ELETRÔNICOS,30000.0,1916.66666666667,2916.666666667,66.0,-30000.0,-22350.0,0,Sim,0.0,0,0,0.0,Estratégico
34,071085,1.04.00.01.00153-7,B:5141958/C:439292,6145.0,"CABO ELETRICO MULTIPOLAR, 2 CONDUTORES FLEXIVEIS DE COBRE, SECAO NOMINAL 10MM2, ENCORDOAMENTO CLASSE 5, TENSAO DE ISOLACAO 0,6/1KV; ISOLACAO: COMPOSTO TERMOFIXO EM DUPLA CAMADA DE BORRACHA HEPR;",2.ET.ST.99 - OUTROS MATERIAIS UTILIZADOS NA SINALIZAÇÃO,2000.0,125.0,291.666666667,43.0,-2000.0,-50080.0,0,,2000.0,0,0,0.0,Estratégico
35,088677,1.04.00.04.00009-4,B:6456332/C:262394,6145.0,"CABO ELETRICO NU, COBRE ELETROLITICO, ENCORDOAMENTO CLASSE 4, TEMPERA MOLE,  COM 444 CONDUTORES, DIVIDIDOS EM 37 FEIXES COM 12 CONDUTORES DE 0,73MM DE DIAMETRO, SECAO NOMINAL DO CONDUTOR 185MM2, EQUIVALENCIA 1,717KG/M, FORMACAO DO CONDUTOR 37X12X0,73MM,",2.ET.DM.99 - OUTROS MATERIAIS,1717.0,143.083333333333,286.208333334,50.0,-1717.0,-251999.999999546,0,,0.0,0,0,0.0,Estratégico
36,002790,1.04.00.01.00092-0,B:6301240/C:349337,6145.0,"CABO ELETRICO PP CIRCULAR, MATERIAL DO CONDUTOR COBRE, NUMERO DE CONDUTORES 2, SECAO NOMINAL 1,5MM2, ENCORDOAMENTO FLEXIVEL (CLASSE 4 OU 5), TENSAO DE ISOLAMENTO 300/500V, MATERIAL DA ISOLACAO PVC/D, COR DA ISOLACAO PRETA, AZUL, MATERIAL DA CAPA PVC/ST5,",2.ET.DM.04 - MATERIAIS ELÉTRICOS E ELETRÔNICOS,1300.0,58.3333333333333,141.666666665,42.0,-1300.0,-3640.0,0,Sim,0.0,0,0,0.0,Estratégico
37,090404,1.04.00.01.00321-8,B:6298273/C:314562,6145.0,"CABO ELETRICO PP CIRCULAR, MATERIAL DO CONDUTOR COBRE, NUMERO DE CONDUTORES 2, SECAO NOMINAL 4,0MM2, ENCORDOAMENTO FLEXIVEL (CLASSE 4 OU 5), TENSAO DE ISOLAMENTO 300/500V, MATERIAL DA ISOLACAO PVC/D, COR DA ISOLACAO PRETA, AZUL, MATERIAL DA CAPA PVC/ST5,",2.ET.DM.04 - MATERIAIS ELÉTRICOS E ELETRÔNICOS,170.0,0.0,83.333333333,1.0,-170.0,-1207.0,0,,0.0,0,0,0.0,Estratégico
38,002660,1.04.00.01.00032-6,B:5638623/C:604139,6145.0,"CABO ELETRICO, TEMPERATURA TRABALHO 200°C, ISOLACAO BORRACHA DE SILICONE, TRANCA EXTERNA DE FIBRA DE VIDRO, COBRE ELETROLITICO, SECAO NOMINAL 2,5MM2, CLASSE ENCORDOAMENTO 4 OU SUPERIOR, TENSAO ISOLACAO 750V,",2.ET.DM.99 - OUTROS MATERIAIS,0.0,0.0,33.333333333,2.0,-300.0,-1243.5,300,,0.0,0,0,0.0,Estratégico
39,002660,1.04.00.01.00032-6,B:5638623/C:604139,6145.0,"CABO ELETRICO, TEMPERATURA TRABALHO 200°C, ISOLACAO BORRACHA DE SILICONE, TRANCA EXTERNA DE FIBRA DE VIDRO, COBRE ELETROLITICO, SECAO NOMINAL 2,5MM2, CLASSE ENCORDOAMENTO 4 OU SUPERIOR, TENSAO ISOLACAO 750V,",2.ET.DM.04 - MATERIAIS ELÉTRICOS E ELETRÔNICOS,0.0,0.0,33.333333333,2.0,-300.0,-1243.5,300,,0.0,0,0,0.0,Estratégico
40,002773,1.04.00.01.00089-0,B:5097932/C:437478,9053.0,"CABO MISTO (COBRE-ACO), CAPA ISOLANTE AZUL, BOBINA 500M, CONFORME ESPECIFICACAO TECNICA CPTM ET AF4630-7",2.ET.DM.99 - OUTROS MATERIAIS,1500.0,41.6666666666667,166.666666667,25.0,-1500.0,-233700.0,0,,0.0,0,0,0.0,Estratégico
41,039898,1.04.04.04.00001-9,B:4998430/C:393983,9053.0,"CABO P/ BOND DE IMPEDANCIA, COMP 1,60 M, C/ TERMINAL LATERAL P/ 2 CABOS SECAO 240 MM2",2.ET.ST.99 - OUTROS MATERIAIS UTILIZADOS NA SINALIZAÇÃO,10.0,0.416666666666667,1.25,78.0,-10.0,-40200.0,0,Sim,0.0,0,0,0.0,Estratégico
42,040106,1.04.04.04.00012-5,B:2667908/C:393983,9053.0,"CABO P/ BOND DE IMPEDANCIA, COMP 3,80 M, C/ TERMINAL LATERAL P/ 2 CABOS SECAO 240 MM2",2.ET.ST.99 - OUTROS MATERIAIS UTILIZADOS NA SINALIZAÇÃO,11.0,0.416666666666667,1.25,78.0,-11.0,-60610.0,0,Sim,0.0,0,0,0.0,Estratégico
43,040852,1.04.00.03.00033-7,B:2830582/C:605494,8692.0,"CABO PAR TRANCADO NAO BLINDADO, CATEGORIA 5E, 4 PARES FIO SOLIDO COBRE NU 24AWG, CAPA DE PVC, CLASSE DE FLAMABILIDADE CM, COR AZUL, TAXA DE TRANSMISSAO 10/100/1000 MBPS, MASSA APROXIMADA 25,7 KG/KM, RESISTENCIA MAXIMA DO CONDUTOR INDIVIDUAL 93,8 OHMS/KM,",2.ET.DM.03 - PEÇAS E ACESSÓRIOS E COMPONENTES DE INFORMÁTICA,14640.0,864.166666666667,1540.000000001,56.0,-14640.0,-32640.00000408,0,,0.0,0,0,0.0,Estratégico
44,079203,1.04.00.03.00047-7,4478940,8692.0,"CABO PAR TRANCADO PARA CONECTIVIDADE DE REDE LOCAL (USO INTERNO/EXTERNO), ESPECIFICO PARA CONFECCAO DE CORDOES UTP ""EM CAMPO""; COM BLINDAGEM, REVEST. EXT. EM PVC RETARD. A CHAMA(CLASSIF. CM) AZUL COM COMPR. IMPRESSO DE 1 EM 1 M; FLEXIVEL (MULTIFILAR)",2.ET.DM.03 - PEÇAS E ACESSÓRIOS E COMPONENTES DE INFORMÁTICA,5.0,0.0,0.416666667,133.0,-5.0,-4200.0,0,,0.0,0,0,0.0,Estratégico
45,090503,1.04.00.03.00056-7,B:5570875/C:467549,8692.0,"CABO PAR TRANCADO U/UTP, CATEGORIA 6, 4 PARES 23AWG, CONDUTOR COBRE NU, ISOLACAO POLIETILENO, NAO BLINDADO, CAPA DE PVC RETARDANTE A CHAMA, CLASSE DE FLAMABILIDADE CM, COR AZUL, TAXA DE TRANSMISSAO 10/100/1000 MBPS, PARA CONEXAO REDE LOCAL, USO INTERNO,",2.ET.DM.03 - PEÇAS E ACESSÓRIOS E COMPONENTES DE INFORMÁTICA,0.0,0.0,101.666666667,1.0,-1220.0,0.0,1220,,0.0,0,0,0.0,Estratégico
46,090503,1.04.00.03.00056-7,B:5570875/C:467549,8692.0,"CABO PAR TRANCADO U/UTP, CATEGORIA 6, 4 PARES 23AWG, CONDUTOR COBRE NU, ISOLACAO POLIETILENO, NAO BLINDADO, CAPA DE PVC RETARDANTE A CHAMA, CLASSE DE FLAMABILIDADE CM, COR AZUL, TAXA DE TRANSMISSAO 10/100/1000 MBPS, PARA CONEXAO REDE LOCAL, USO INTERNO,",2.ET.DM.99 - OUTROS MATERIAIS,0.0,0.0,101.666666667,1.0,-1220.0,0.0,1220,,0.0,0,0,0.0,Estratégico
47,065957,1.04.00.03.00036-8,B:3969525/C:247116,5890.0,"CABO TELEFONICO, CCI, 4 PARES, CONDUTOR COBRE ESTANHADO, DIAM 0,5MM, ISOLACAO PVC, NUCLEO SECO, COBERTURA PVC, COR CINZA, CONFORME NBR 9886, CERTIFICACAO DE HOMOLOGACAO ANATEL, ACONDICIONAMENTO ROLO 200 M",2.ET.DM.04 - MATERIAIS ELÉTRICOS E ELETRÔNICOS,1000.0,0.0,100.0,1.0,-1000.0,-2225.0,0,Sim,0.0,0,0,0.0,Estratégico
48,065958,1.04.00.03.00037-5,B:3982181/C:435545,5890.0,"CABO TELEFONICO, CCI, 6 PARES, CONDUTOR COBRE ESTANHADO, DIAM 0,5MM, ISOLACAO PVC, NUCLEO SECO, COBERTURA PVC, COR CINZA, CONFORME NBR 9886, CERTIFICACAO DE HOMOLOGACAO ANATEL, ACONDICIONAMENTO ROLO 200M",2.ET.DM.99 - OUTROS MATERIAIS,400.0,33.3333333333333,83.333333333,41.0,-400.0,-1112.0,0,Sim,0.0,0,0,0.0,Estratégico
49,002843,1.03.00.05.00010-5,B:5458498/C:312856,5340.0,"CADEADO, CR- 35, HASTE ALONGADA, CORPO LATAO; LARG MIN 35 MM, ALT MIN 33 MM, ESP MIN 14,5 MM, HASTE ALT MIN 50MM, DE ACO CEMENTADO E CROMADO, DISTANCIA MINIMA DE 19 MM, ESPESSURA MINIMA DE 6,4 MM, 5 PINOS, COM CHAVE COMUM, COM 2 CHAVES",2.ET.DM.99 - OUTROS MATERIAIS,47.0,2.41666666666667,7.5,40.0,-47.0,-643.9,0,,0.0,0,0,0.0,Estratégico
50,002841,1.03.00.05.00008-2,B:4307739/C:290095,5340.0,"CADEADO; CR-25, CORPO LATÃO MACIÇO; LARGURA MIN 25 MM; ALTURA MINIMA DE APROX 26 MM; 4 PINOS, ESPESSURA MINIMA DE APROX 13 MM; HASTE DE ACO COM REVESTIMENTO CROMADO OU SIMILAR; ALTURA MINIMA DE APROXIMADAMENTE 17 MM",2.ET.DM.99 - OUTROS MATERIAIS,217.0,15.75,61.500000001,27.0,-217.0,-2818.83,0,,0.0,0,0,0.0,Estratégico
51,002842,1.03.00.05.00009-9,B:4307810/C:351604,5340.0,"CADEADO CR-35, HASTE NORMAL, LATAO, CORPO COM ALT 33MM, LARG 35MM; HASTE COM ALT 23MM , DIAM 6,4MM; SEGREDO INDIVIDUAL; ACOMPANHA DUAS CHAVES",2.ET.DM.99 - OUTROS MATERIAIS,83.0,4.25,46.250000002,10.0,-213.0,-4002.27,130,,0.0,0,0,0.0,Estratégico
52,079212,1.03.00.05.00159-0,B:6128823/C:298374,5340.0,"CADEADO CR-50, CORPO DE LATAO MACICO, CORPO: ALT MIN 40MM, LARG MIN 50MM, ESP MIN 16,5MM, HASTE DE ACO COM REVESTIMENTO CROMADO OU SIMILAR, HASTE: ALT MIN 29MM, DISTANCIA MIN ENTRE HASTES 29,5MM, ESP MIN 8MM, COM 5 PINOS, COM DUAS (02) CHAVES,",2.ET.RA.99 - OUTROS MATERIAIS UTILIZADOS NA REDE AÉREA,0.0,1.75,4.333333334,53.0,-35.0,-787.5,35,,0.0,0,0,0.0,Estratégico
53,002847,1.03.00.05.00014-3,B:4307852/C:356082,5340.0,"CADEADO, CR-50, CORPO DE LATAO MACICO, LARG MIN 50MM, ALT MIN 40MM, ESP MIN 16,5MM, HASTE DE ACO COM REVESTIMENTO CROMADO OU SIMILAR, HASTE: ALT MIN 29MM, DISTANCIA MIN ENTRE HASTES 29,5MM, ESP MIN 8MM, COM 5 PINOS, CHAVE COMUM, COM 2 CHAVES",2.ET.DM.99 - OUTROS MATERIAIS,438.0,4.75,57.500000003,9.0,-438.0,-13687.5,0,,0.0,0,0,0.0,Estratégico
54,073712,1.04.01.02.00391-7,B:5381762/C:606930,5890.0,"CAIXA DE EMENDA DE FIBRAS OPTICAS, ACOMODACAO 48 FIBRAS, CAIXA DIMENSOES DIAM. 6,5 POL, COMP. 530MM, 2 ENTRADAS PRINCIPAIS, 3 SAIDAS DE DERIVACAO, ACOMPANHA COMPONENTES: CORPO, CABECOTE, BANDEJA TIPO BASCULANTE, MANOPLA, BARRA DE GERENCIAMENTO DE TUBOS",2.ET.DM.03 - PEÇAS E ACESSÓRIOS E COMPONENTES DE INFORMÁTICA,16.0,0.0,3.416666667,16.0,-16.0,-3920.0,0,,0.0,0,0,0.0,Estratégico
55,084685,1.04.01.02.00520-5,5604087,5890.0,"CAIXA DE EMENDA DE FIBRAS OPTICAS, ACOMODACAO 72 FIBRAS, PARA REDES AEREAS/SUBTERRANEAS, VEDACAO DOS CABOS POR TUBO TERMOCONTRATIL, NUMERO DE ENTRADA DE CABOS MINIMO 5 (OVAL/CIRCULAR), PARA CABOS DE DIAMETRO 10MM A 18MM, ACOMPANHA MATERIAIS NECESSARIOS",2.ET.DM.03 - PEÇAS E ACESSÓRIOS E COMPONENTES DE INFORMÁTICA,20.0,0.0,3.916666667,14.0,-20.0,-4160.0,0,,0.0,0,0,0.0,Estratégico
56,034939,1.04.03.01.00055-2,B:2663236/C:364461,9051.0,"CASTANHA PARA PUXADOR, APLICACAO 1 FIO DE CONTATO RANHURADO 107MM2",2.ET.RA.99 - OUTROS MATERIAIS UTILIZADOS NA REDE AÉREA,1000.0,29.1666666666667,177.333333334,17.0,-1000.0,-250000.0,0,Sim,0.0,0,0,0.0,Estratégico
57,087613,1.04.04.03.00124-3,B:6201326/C:458337,6350.0,"CENTRAL COMPLETA 1-4 LACOS OCTO+ GLOBAL FIRE, ACOMPANHA PLACA FRONTAL COM VISOR E TECLADO INCORPORADOS, PLACA MAE NODE+, FONTE DE ALIMENTACAO 24V 2,4A PSU24AMP, PELICULA FRONTAL OVERLAY OCTO+, CARTAO DE LACOS LCEVO, BATERIAS E PAINEL",2.ET.DM.04 - MATERIAIS ELÉTRICOS E ELETRÔNICOS,3.0,0.25,0.666666667,121.0,-3.0,-53630.16,0,,0.0,0,0,0.0,Estratégico
58,087613,1.04.04.03.00124-3,B:6201326/C:458337,6350.0,"CENTRAL COMPLETA 1-4 LACOS OCTO+ GLOBAL FIRE, ACOMPANHA PLACA FRONTAL COM VISOR E TECLADO INCORPORADOS, PLACA MAE NODE+, FONTE DE ALIMENTACAO 24V 2,4A PSU24AMP, PELICULA FRONTAL OVERLAY OCTO+, CARTAO DE LACOS LCEVO, BATERIAS E PAINEL",2.ET.DM.08 - EQUIPAMENTO DE PROTEÇÃO E SEGURANÇA,3.0,0.25,0.666666667,121.0,-3.0,-53630.16,0,,0.0,0,0,0.0,Estratégico
59,076116,1.06.03.03.00125-3,B:5689244/C:622908,4210.0,"CHAVE PARA CONEXAO STORZ, ENGATE RAPIDO, DUPLA, INDUSTRIAL, 1 1/2"" E 2 1/2"", COMPRIMENTO 270MM, ESPESSURA 6MM, PESO 0,240KG, MATREIAL LATAO, ACABAMENTO ESCOVADO",2.ET.DM.06 - FERRAMENTAS,0.0,0.0,2.5,22.0,-30.0,-419.4,30,,0.0,0,30,0.0,Estratégico
60,076372,1.04.02.01.01051-5,B:6095909/C:424805,5925.0,"DISJUNTOR, TRIPOLAR, COM CORRENTE AJUSTAVEL, PARA PROTECAO DE MOTOR; CORRENTE NOMINAL 4A, FAIXA DE AJUSTE DE CORRENTE 2,5 A 4 AMPERES; DISPARADOR MAGNETICO INSTANTANEO 52 A 56 AMPARES, CAPACIDADE DE INTERRUPCAO MINIMA 65KA (220VCA),",2.ET.DM.99 - OUTROS MATERIAIS,0.0,0.0,0.25,222.0,0.0,0.0,0,,0.0,0,0,0.0,Estratégico
61,006150,1.04.02.00.00083-9,4093003,5925.0,"DISJUNTOR, TRIPOLAR, CORRENTE NOMINAL 70A, PADRAO NEMA; CAPACIDADE DE INTERRUPCAO 5KA (220VCA), 3KA (380VCA); DIMENSOES APROXIMADAS: 79X75X95 MM; CONFORME NORMAS ABNT E INMETRO VIGENTES",2.ET.DM.04 - MATERIAIS ELÉTRICOS E ELETRÔNICOS,2.0,0.0,0.166666667,333.0,-2.0,-180.0,0,,0.0,0,0,0.0,Estratégico
62,081787,1.04.02.08.00060-7,B:5891060/C:612496,5920.0,"DISPOSITIVO PROTETOR CONTRA SURTOS (DPS), TECNOLOGIA DE PROTECAO VARISTOR DE OXIDO DE ZINCO (MOV), FILTRO EMI/RFI COM ATENUACAO MIN 40DB (100MHZ-150KHZ), TENSAO NOMINAL 127V (L-N)/220V (L-N, L-L), TENSAO MAXIMA DE OPERACAO CONTINUA 275VCA/350VCC, TENSAO",2.ET.DM.04 - MATERIAIS ELÉTRICOS E ELETRÔNICOS,80.0,5.83333333333333,12.5,51.0,-80.0,-5039.2,0,,0.0,0,0,0.0,Estratégico
63,078076,1.04.09.03.00323-9,4215990,9053.0,"EIXO PRINCIPAL DO MECANISMO, LOCALIZACAO SUBCONJUNTO DO MANCAL DO TRIPE, APLICACAO BLOQUEIO TRIPE",2.ET.ES.02 - BLOQUEIOS (PEÇAS E ACESSÓRIOS),4.0,0.0,1.25,44.0,-4.0,-740.0,0,,0.0,0,0,0.0,Estratégico
64,006504,1.04.02.04.00081-3,B:5997011/C:337018,5920.0,"ELO FUSIVEL ESPECIAL TIPO HXO/FX, CORRENTE 7A, COMPRIMENTO 1200MM, COM CABECOTE CCI, CONFORME NORMA ABNT NBR 7282",2.ET.DM.04 - MATERIAIS ELÉTRICOS E ELETRÔNICOS,1.0,5.83333333333333,11.083333334,58.0,-1.0,-30.7,0,Sim,0.0,0,0,0.0,Estratégico
65,006531,1.04.02.04.00095-0,5649803,5920.0,"ELO FUSIVEL, TIPO H, CORRENTE NOMINAL 1A, COMPRIMENTO 500MM, COM BOTAO FIXO, TENSAO NOMINAL ATE 38KV, APLICACAO EM REDES DE DISTRIBUICAO, CONFORME NORMA ABNT NBR 7282",2.ET.DM.04 - MATERIAIS ELÉTRICOS E ELETRÔNICOS,90.0,0.0,10.666666666,5.0,-90.0,-378.0,0,,0.0,0,0,0.0,Estratégico
66,006531,1.04.02.04.00095-0,5649803,5920.0,"ELO FUSIVEL, TIPO H, CORRENTE NOMINAL 1A, COMPRIMENTO 500MM, COM BOTAO FIXO, TENSAO NOMINAL ATE 38KV, APLICACAO EM REDES DE DISTRIBUICAO, CONFORME NORMA ABNT NBR 7282",2.ET.DM.99 - OUTROS MATERIAIS,90.0,0.0,10.666666666,5.0,-90.0,-378.0,0,,0.0,0,0,0.0,Estratégico
67,006525,1.04.02.04.00089-9,B:5861047/C:259424,5920.0,"ELO FUSIVEL, TIPO K, CORRENTE NOMINAL 12A, COMPRIMENTO 500MM, COM BOTAO FIXO, TENSAO NOMINAL ATE 38KV, APLICACAO EM REDES DE DISTRIBUICAO, CONFORME NORMA ABNT NBR 7282",2.ET.DM.99 - OUTROS MATERIAIS,47.0,3.5,7.333333333,55.0,-47.0,-987.0,0,Sim,0.0,0,0,0.0,Estratégico
68,006525,1.04.02.04.00089-9,B:5861047/C:259424,5920.0,"ELO FUSIVEL, TIPO K, CORRENTE NOMINAL 12A, COMPRIMENTO 500MM, COM BOTAO FIXO, TENSAO NOMINAL ATE 38KV, APLICACAO EM REDES DE DISTRIBUICAO, CONFORME NORMA ABNT NBR 7282",2.ET.DM.04 - MATERIAIS ELÉTRICOS E ELETRÔNICOS,47.0,3.5,7.333333333,55.0,-47.0,-987.0,0,Sim,0.0,0,0,0.0,Estratégico
69,006526,1.04.02.04.00090-5,5649757,5920.0,"ELO FUSIVEL, TIPO K, CORRENTE NOMINAL 15A, COMPRIMENTO 500MM, COM BOTAO FIXO, TENSAO NOMINAL ATE 38KV, APLICACAO EM REDES DE DISTRIBUICAO, CONFORME NORMA ABNT NBR 7282",2.ET.DM.04 - MATERIAIS ELÉTRICOS E ELETRÔNICOS,88.0,2.66666666666667,8.0,40.0,-88.0,-616.0,0,,0.0,0,0,0.0,Estratégico
70,006530,1.04.02.04.00094-3,B:5861209/C:354067,5920.0,"ELO FUSIVEL, TIPO K, CORRENTE NOMINAL 40A, COMPRIMENTO 500MM, COM BOTAO FIXO, TENSAO NOMINAL ATE 38KV, APLICACAO EM REDES DE DISTRIBUICAO, CONFORME NORMA ABNT NBR 7282",2.ET.DM.04 - MATERIAIS ELÉTRICOS E ELETRÔNICOS,64.0,1.0,7.583333334,21.0,-64.0,-928.0,0,,0.0,0,0,0.0,Estratégico
71,006530,1.04.02.04.00094-3,B:5861209/C:354067,5920.0,"ELO FUSIVEL, TIPO K, CORRENTE NOMINAL 40A, COMPRIMENTO 500MM, COM BOTAO FIXO, TENSAO NOMINAL ATE 38KV, APLICACAO EM REDES DE DISTRIBUICAO, CONFORME NORMA ABNT NBR 7282",2.ET.DM.99 - OUTROS MATERIAIS,64.0,1.0,7.583333334,21.0,-64.0,-928.0,0,,0.0,0,0,0.0,Estratégico
72,006523,1.04.02.04.00087-5,B:5997011 /C:353918,5920.0,"ELO FUSIVEL, TIPO K, CORRENTE NOMINAL 8A, COMPRIMENTO 500MM, COM BOTAO FIXO, TENSAO NOMINAL 38KV, APLICACAO EM REDES DE DISTRIBUICAO, CONFORME NORMA ABNT NBR 7282",2.ET.DM.04 - MATERIAIS ELÉTRICOS E ELETRÔNICOS,108.0,5.41666666666667,10.166666667,59.0,-108.0,-1393.2,0,Sim,0.0,0,0,0.0,Estratégico
73,090409,1.04.01.02.00560-9,2652897,9051.0,"EMENDA, APLICACAO FIO DE CONTATO RANHURADO 107MM2",2.ET.RA.99 - OUTROS MATERIAIS UTILIZADOS NA REDE AÉREA,28.0,0.666666666666667,3.75,33.0,-28.0,-5282.2,0,Sim,0.0,0,0,0.0,Estratégico
74,087075,1.04.01.02.00545-8,6047513,9051.0,"EMENDA DE CABO MENSAGEIRO, 500MCM (253MM2), MATERIAL LIGA DE COBRE, NIQUEL E SILICIO, TIPO CONICA DE ENGATE RAPIDO, UTILIZADA NO SISTEMA DE REDE AEREA EM 3 KVCC",2.ET.RA.99 - OUTROS MATERIAIS UTILIZADOS NA REDE AÉREA,31.0,0.666666666666667,3.916666667,31.0,-31.0,-102918.45,0,,0.0,0,0,0.0,Estratégico
75,007346,1.04.00.00.00015-2,B:6502520/C:369201,6145.0,"FIO DE COBRE ELETROLITICO NU, TEMPERA DURA, DIAMETRO NOMINAL 5,82MM (3AWG), EQUIVALENCIA 237 KG/KM, CLASSE DE ENCORDOAMENTO 1, CONFORME NORMA NBR 5111, ACONDICIONAMENTO EM CARRETEL COM 1000M",2.ET.RA.99 - OUTROS MATERIAIS UTILIZADOS NA REDE AÉREA,2133.0,59.25,387.5,15.0,-2133.0,-190791.000000072,0,Sim,0.0,0,0,0.0,Estratégico
76,007346,1.04.00.00.00015-2,B:6502520/C:369201,6145.0,"FIO DE COBRE ELETROLITICO NU, TEMPERA DURA, DIAMETRO NOMINAL 5,82MM (3AWG), EQUIVALENCIA 237 KG/KM, CLASSE DE ENCORDOAMENTO 1, CONFORME NORMA NBR 5111, ACONDICIONAMENTO EM CARRETEL COM 1000M",2.ET.DM.04 - MATERIAIS ELÉTRICOS E ELETRÔNICOS,2133.0,59.25,387.5,15.0,-2133.0,-190791.000000072,0,Sim,0.0,0,0,0.0,Estratégico
77,007354,1.04.00.04.00003-7,2636727,9051.0,"FIO DE CONTATO RANHURADO, SECAO 107 MM2, PESO TEORICO POR BOBINA 1623,5KG, ACONDICIONAMENTO BOBINA 1700M",2.ET.RA.99 - OUTROS MATERIAIS UTILIZADOS NA REDE AÉREA,1635.0,0.0,541.166666666,0.0,-1635.0,-277933.65,0,Sim,0.0,0,0,0.0,Estratégico
78,007353,1.04.00.04.00002-0,B:2636700/C:433839,9051.0,"FIO DE CONTATO RANHURADO, SECAO 180 MM2, ACONDICIONAMENTO BOBINA COM 1700 M",2.ET.RA.99 - OUTROS MATERIAIS UTILIZADOS NA REDE AÉREA,4098.0,159.916666666667,466.666666666,34.0,-4098.0,-838041.0,0,Sim,0.0,0,0,0.0,Estratégico
79,007765,1.04.02.04.00102-5,6098428,5920.0,"FUSIVEL CARTUCHO, TIPO CARTUCHO, CORRENTE NOMINAL 32 A, TENSAO NOM 500 V, COMP 51 MM, TIPO TERMINAIS VIROLA, DIM TERMINAIS 14,3 MM, MATERIAL TERMINAL LATAO ESTANHADO, MATERIAL CORPO CERAMICA, ENCHIMENTO SILICA, NORMA FABRICACAO IEC 269, TIPO ACAO RETARDA",2.ET.MR.10 - TUE SÉRIE 5000,0.0,0.0,0.416666667,133.0,0.0,0.0,0,,0.0,0,0,0.0,Estratégico
80,007844,1.04.02.04.00166-7,6001980,5920.0,"FUSIVEL DE VIDRO, CORRENTE NOMINAL 2A, TENSAO NOMINAL 250V, ACAO RAPIDA (F), CAPACIDADE DE RUPTURA BAIXA, DIAMETRO 5MM, COMPRIMENTO 20MM, TERMINAL DE LATAO NIQUELADO TIPO VIROLA, CONFORME NORMA IEC 60127",2.ET.DM.04 - MATERIAIS ELÉTRICOS E ELETRÔNICOS,67.0,0.0,6.166666666,9.0,-67.0,-26.8,0,Sim,0.0,0,0,0.0,Estratégico
81,007821,1.04.02.04.00148-3,5093287,5920.0,"FUSIVEL, TIPO DIAZED, CORRENTE NOMINAL 16A, TENSAO NOM 500V, MATERIAL CORPO CERAMICA, COMP 50MM, CAPACIDADE DE RUPTURA 70KA, TIPO ACAO RETARDADA, CURVA GL/GG, TAMANHO DII, NORMA FABRICACAO ABNT NBR 11844",2.ET.DM.04 - MATERIAIS ELÉTRICOS E ELETRÔNICOS,67.0,0.0,5.833333333,10.0,-67.0,-261.3,0,Sim,0.0,0,0,0.0,Estratégico
82,007814,1.04.02.04.00144-5,4263863,5920.0,"FUSIVEL, TIPO DIAZED, CORRENTE NOMINAL 35A, TENSAO NOM 500V, MATERIAL CORPO CERAMICA, DIAM CORPO 28MM, COMP 50MM, CAPACIDADE DE RUPTURA 70KA, TIPO ACAO RAPIDA, TAM DIII, CERTIFICACAO COMPULSORIA INMETRO",2.ET.DM.04 - MATERIAIS ELÉTRICOS E ELETRÔNICOS,93.0,0.0,10.5,5.0,-93.0,-204.6,0,Sim,0.0,0,0,0.0,Estratégico
83,007825,1.04.02.04.00152-0,B:5677661/C:426144,5920.0,"FUSIVEL, TIPO DIAZED, 35A, CAPACIDADE INTERRUPCAO  50KA / 500V, CURVA GG (RETARDADA), MATERIAL CORPO CERAMICA OU PORCELANA, TAMANHO DIII, CONFORME NORMA ABNT IEC 60269",2.ET.DM.99 - OUTROS MATERIAIS,80.0,6.66666666666667,17.083333334,42.0,-80.0,-544.0,0,Sim,0.0,0,0,0.0,Estratégico
84,074435,1.04.02.04.00394-9,4693590,5920.0,"FUSIVEL, TIPO NH00, ACAO ULTRA RAPIDA, CURVA AR (PROTECAO DE SEMICONDUTORES), CORRENTE NOM 80A, TENSAO NOM 500V, CAPACIDADE DE INTERRUPCAO 120KA, ELEMENTO FUSIVEL EM PRATA",2.ET.DM.04 - MATERIAIS ELÉTRICOS E ELETRÔNICOS,6.0,0.5,0.833333333,127.0,-6.0,-91.68,0,,0.0,0,0,0.0,Estratégico
85,073339,1.04.02.05.00038-3,5651611,9051.0,"FUSIVEL 350A, 1500VAC, PARA PROTECAO DE DIODOS DE RETIFICADORES DAS SUBESTACOES DE TRACAO FERROVIARIAS, COM MICROSWITCH DE 2 CONTATOS REVERSOS",2.ET.DM.20 - MATERIAIS ESPECÍFICOS PARA SUBESTAÇÃO NÃO DETALHADO ANTERIORMENTE,83.0,0.0,7.5,7.0,-83.0,-110390.0,0,Sim,0.0,0,0,0.0,Estratégico
86,076327,1.04.03.00.00087-9,B:4013905/C:617244,5930.0,"INTERRUPTOR ELETRICO BIPOLAR PARALELO, TENSAO NOMINAL 250VCA, COM CORRENTE 10 A, DE PLACA EM POLIESTIRENO DE ALTO IMPACTO DE EMBUTIR, DURABILIDADE MEDIA 40000 MANOBRAS CARGA RESISTIVA, 10000 MANOBRAS CARGA INDUTIVA COM 1 TECLA (TECLA DUPLA), NA COR CINZA",2.ET.DM.04 - MATERIAIS ELÉTRICOS E ELETRÔNICOS,56.0,2.16666666666667,8.666666667,31.0,-56.0,-666.96,0,Sim,0.0,0,0,0.0,Estratégico
87,008449,1.04.03.00.00051-7,B:5113326/C:436355,5930.0,"INTERRUPTOR ELETRICO, DE EMBUTIR, SIMPLES, 1 TECLA, COM PLACA 4 X 2, COR CINZA, MATERIAL DO CORPO POLIESTIRENO DE ALTO IMPACTO, CORRENTE NOM 10A, TENSAO NOM 250V, COM CERTIFICACAO  COMPULSORIA INMETRO",2.ET.DM.04 - MATERIAIS ELÉTRICOS E ELETRÔNICOS,102.0,7.33333333333333,10.083333334,78.0,-102.0,-387.6,0,Sim,0.0,0,0,0.0,Estratégico
88,066880,1.04.03.00.00067-2,B:5721385/C:396840,5930.0,"INTERRUPTOR ELETRICO, DE SOBREPOR (SISTEMA X), BIPOLAR, 1 TECLA, COR BRANCA, MATERIAL DO CORPO TERMOPLASTICO, CORRENTE NOM 25A, TENSAO NOM 250V, COM CERTIFICACAO  COMPULSORIA INMETRO",2.ET.DM.04 - MATERIAIS ELÉTRICOS E ELETRÔNICOS,37.0,0.0,4.0,14.0,-37.0,-609.76,0,,0.0,0,0,0.0,Estratégico
89,008583,1.03.09.07.00071-1,B:2695189/C:614605,9052.0,"JACARE, PERFIL DE TRILHO TR-57, ABERTURA NR 10, TIPO FIXO, SIMPLES, RETO, COM NUCLEO REMOVIVEL DE ACO MANGANES ENCRUADO, PERNAS E CALCANHARES DO JACARE PROLONGADOS EM 600MM, CONFECCIONADO COM TRILHOS FORNECIDOS PELA CPTM",2.ET.VP.08 - JACARÉ,0.0,0.0,1.75,32.0,-10.0,-397661.4,10,,0.0,0,0,0.0,Estratégico
90,008586,1.03.09.07.00074-2,5346894,9052.0,"JACARE, PERFIL DE TRILHO TR-57, ABERTURA NR 12, TIPO FIXO, SIMPLES, RETO, COM NUCLEO REMOVIVEL DE ACO MANGANES ENCRUADO, PERNAS E CALCANHARES DO JACARE PROLONGADOS EM 600MM, CONFECCIONADO COM TRILHOS FORNECIDOS PELA CPTM",2.ET.VP.08 - JACARÉ,0.0,0.0,1.333333334,42.0,0.0,0.0,0,,0.0,0,0,0.0,Estratégico
91,008587,1.03.09.07.00075-9,B:2695170/C:614605,9052.0,"JACARE, PERFIL DE TRILHO TR-57, ABERTURA NR 14, TIPO FIXO, SIMPLES, RETO, COM NUCLEO REMOVIVEL DE ACO MANGANES ENCRUADO, PERNAS E CALCANHARES DO JACARE PROLONGADOS EM 600MM, CONFECCIONADO COM TRILHOS FORNECIDOS PELA CPTM",2.ET.VP.08 - JACARÉ,0.0,0.0,2.0,28.0,-4.0,-197208.96,4,,0.0,0,0,0.0,Estratégico
92,008584,1.03.09.07.00072-8,5346908,9052.0,"JACARE, PERFIL DE TRILHO TR-57, ABERTURA NR 16, TIPO FIXO, SIMPLES, RETO, COM NUCLEO REMOVIVEL DE ACO MANGANES ENCRUADO, PERNAS E CALCANHARES DO JACARE PROLONGADOS EM 600MM, CONFECCIONADO COM TRILHOS FORNECIDOS PELA CPTM",2.ET.VP.08 - JACARÉ,0.0,0.166666666666667,1.5,48.0,0.0,0.0,0,,0.0,0,0,0.0,Estratégico
93,008574,1.03.09.07.00063-6,2695219,9052.0,"JACARE, PERFIL DE TRILHO TR-57, ABERTURA NR 8, TIPO FIXO, SIMPLES, RETO, COM NUCLEO REMOVIVEL DE ACO MANGANES ENCRUADO, PERNAS E CALCANHARES DO JACARE PROLONGADOS EM 600MM, CONFECCIONADO COM TRILHOS FORNECIDOS PELA CPTM",2.ET.VP.08 - JACARÉ,0.0,0.0,0.416666667,133.0,0.0,0.0,0,,0.0,0,0,0.0,Estratégico
94,008577,1.03.09.07.00066-7,2703629,9052.0,"JACARE, PERFIL DE TRILHO TR-68, ABERTURA NR 14, TIPO FIXO, SIMPLES, RETO, COM NUCLEO REMOVIVEL DE ACO MANGANES ENCRUADO, PERNAS E CALCANHARES DO JACARE PROLONGADOS EM 600MM, CONFECCIONADO COM TRILHOS FORNECIDOS PELA CPTM",2.ET.VP.08 - JACARÉ,0.0,0.0,0.25,222.0,0.0,0.0,0,,0.0,0,0,0.0,Estratégico
95,017556,1.04.02.00.00097-6,6057993,5925.0,"MINIDISJUNTOR, TRIPOLAR, CORRENTE NOMINAL 10A, CURVA DE DISPARO K, CAPACIDADE DE INTERRUPCAO 25KA (230/400VCA), CONFORME NBR IEC 60947-2, COM ENCAIXE PARA TRILHO DIN 35MM",2.ET.DM.04 - MATERIAIS ELÉTRICOS E ELETRÔNICOS,4.0,0.0833333333333333,0.416666667,153.0,-4.0,-4000.0,0,,0.0,0,0,0.0,Estratégico
96,017556,1.04.02.00.00097-6,6057993,5925.0,"MINIDISJUNTOR, TRIPOLAR, CORRENTE NOMINAL 10A, CURVA DE DISPARO K, CAPACIDADE DE INTERRUPCAO 25KA (230/400VCA), CONFORME NBR IEC 60947-2, COM ENCAIXE PARA TRILHO DIN 35MM",2.ET.DM.99 - OUTROS MATERIAIS,4.0,0.0833333333333333,0.416666667,153.0,-4.0,-4000.0,0,,0.0,0,0,0.0,Estratégico
97,087078,1.04.05.08.00149-0,B:6336701/C:479196,5990.0,"MINIVENTILADOR, C/ FUNCAO VENTILADOR E EXAUSTOR, C/ MASCARA, ALIMENTACAO BIVOLT CA, MANCAL DE ROLAMENTO, CARCACA DE ALUMINIO, FREQUENCIA 50/60HZ, POTENCIA 80W (50HZ) E 115W (60HZ), CORRENTE: A 115VCA E 50HZ 0,7AMP, A 115VCA E 60HZ 0.98AMP,",2.ET.DM.20 - MATERIAIS ESPECÍFICOS PARA SUBESTAÇÃO NÃO DETALHADO ANTERIORMENTE,5.0,0.0,0.416666667,133.0,-5.0,-4820.0,0,,0.0,0,0,0.0,Estratégico
98,087620,1.04.04.03.00129-8,B:6461166/C:458340,6350.0,"PAINEL REPETIDOR GLOBAL FIRE, ENDERECAVEL, COMPATIVEL COM A GAMA DE PAINEIS CHAMELEON: G-ONE, GEKKO, OCTO+ E NODE+, SUPORTA LIGACOES RS422 FIBRA OTICA OU TCP/IP, REGISTRO DE EVENTOS GLOBAL (1000 REGISTROS), LCD GRAFICO DE 240X64 PIXELS,",2.ET.DM.04 - MATERIAIS ELÉTRICOS E ELETRÔNICOS,6.0,0.0,0.5,111.0,-6.0,-23329.2,0,,0.0,0,0,0.0,Estratégico
99,087620,1.04.04.03.00129-8,B:6461166/C:458340,6350.0,"PAINEL REPETIDOR GLOBAL FIRE, ENDERECAVEL, COMPATIVEL COM A GAMA DE PAINEIS CHAMELEON: G-ONE, GEKKO, OCTO+ E NODE+, SUPORTA LIGACOES RS422 FIBRA OTICA OU TCP/IP, REGISTRO DE EVENTOS GLOBAL (1000 REGISTROS), LCD GRAFICO DE 240X64 PIXELS,",2.ET.DM.08 - EQUIPAMENTO DE PROTEÇÃO E SEGURANÇA,6.0,0.0,0.5,111.0,-6.0,-23329.2,0,,0.0,0,0,0.0,Estratégico
100,067869,1.04.02.06.00012-1,B:5459818/C:379978,9051.0,"PARA-RAIO DE DISTRIBUICAO, TIPO POLIMERICO, TENSAO NOMINAL 15KV, TENSAO DE OPERACAO 12,70KV, CORRENTE DE DESCARGA 10KA, VARISTORES DE OXIDO METALICO, COM DESLIGADOR AUTOMATICO, ACOMPANHA CONECTORES E FERRAGENS, CONFORME NORMAS IEC,",2.ET.DM.04 - MATERIAIS ELÉTRICOS E ELETRÔNICOS,8.0,3.16666666666667,9.333333333,40.0,-53.0,-17331.0,45,Sim,0.0,0,0,0.0,Estratégico
101,036929,1.04.02.06.00001-5,B:5070210/C:375101,9051.0,"PARA-RAIO DE DISTRIBUICAO, TIPO POLIMERICO, TENSAO NOMINAL 36KV, TENSAO DE OPERACAO 30,6KV, CORRENTE DE DESCARGA 10KA, VARISTORES DE OXIDO DE ZINCO, COM DESLIGADOR AUTOMATICO, ACOMPANHA CONECTORES E FERRAGENS PARA CRUZETA, CONFORME NORMAS ABNT NBR 16050 E",2.ET.RA.99 - OUTROS MATERIAIS UTILIZADOS NA REDE AÉREA,24.0,0.0,3.916666667,14.0,-24.0,-9384.0,0,Sim,0.0,0,0,0.0,Estratégico
102,087612,1.04.04.03.00123-0,B:6199704/C:467685,6390.0,"PLACA DE 4 LAÇOS LCEVO, PECA DE REPOSICAO PARA SISTEMA DE DETECCAO DE INCENDIO GLOBAL FIRE",2.ET.DM.04 - MATERIAIS ELÉTRICOS E ELETRÔNICOS,6.0,0.0,0.5,111.0,-6.0,-43044.06,0,,0.0,0,0,0.0,Estratégico
103,087612,1.04.04.03.00123-0,B:6199704/C:467685,6390.0,"PLACA DE 4 LAÇOS LCEVO, PECA DE REPOSICAO PARA SISTEMA DE DETECCAO DE INCENDIO GLOBAL FIRE",2.ET.DM.08 - EQUIPAMENTO DE PROTEÇÃO E SEGURANÇA,6.0,0.0,0.5,111.0,-6.0,-43044.06,0,,0.0,0,0,0.0,Estratégico
104,087606,1.04.04.03.00118-6,B:6199640/C:467685,6390.0,"PLACA ELETRONICA, EXPANSAO PARA 3 LACOS, PECA DE REPOSICAO PARA SISTEMA DE DETECCAO DE INCENDIO OCTO+ GLOBAL FIRE",2.ET.DM.08 - EQUIPAMENTO DE PROTEÇÃO E SEGURANÇA,6.0,0.0,0.5,111.0,-6.0,-57738.24,0,,0.0,0,0,0.0,Estratégico
105,087606,1.04.04.03.00118-6,B:6199640/C:467685,6390.0,"PLACA ELETRONICA, EXPANSAO PARA 3 LACOS, PECA DE REPOSICAO PARA SISTEMA DE DETECCAO DE INCENDIO OCTO+ GLOBAL FIRE",2.ET.DM.04 - MATERIAIS ELÉTRICOS E ELETRÔNICOS,6.0,0.0,0.5,111.0,-6.0,-57738.24,0,,0.0,0,0,0.0,Estratégico
106,087607,1.04.04.03.00119-9,B:6199658/C:610138,6390.0,"PLACA ELETRONICA, INTERFACE ANEL DE DADOS RS485/RS422, PECA DE REPOSICAO PARA SISTEMA DE DETECCAO DE INCENDIO OCTO+ GLOBAL FIRE",2.ET.DM.08 - EQUIPAMENTO DE PROTEÇÃO E SEGURANÇA,9.0,0.0,0.75,74.0,-9.0,-12661.83,0,,0.0,0,0,0.0,Estratégico
107,087607,1.04.04.03.00119-9,B:6199658/C:610138,6390.0,"PLACA ELETRONICA, INTERFACE ANEL DE DADOS RS485/RS422, PECA DE REPOSICAO PARA SISTEMA DE DETECCAO DE INCENDIO OCTO+ GLOBAL FIRE",2.ET.DM.04 - MATERIAIS ELÉTRICOS E ELETRÔNICOS,9.0,0.0,0.75,74.0,-9.0,-12661.83,0,,0.0,0,0,0.0,Estratégico
108,087608,1.04.04.03.00120-1,B:6199674/C:476619,6390.0,"PLACA ELETRONICA INTERFACE DE DADOS TCP/IP, PECA DE REPOSICAO PARA SISTEMA DE DETECCAO DE INCENDIO OCTO+ GLOBAL FIRE",2.ET.DM.04 - MATERIAIS ELÉTRICOS E ELETRÔNICOS,6.0,0.0,0.5,111.0,-6.0,-9325.02,0,,0.0,0,0,0.0,Estratégico
109,087608,1.04.04.03.00120-1,B:6199674/C:476619,6390.0,"PLACA ELETRONICA INTERFACE DE DADOS TCP/IP, PECA DE REPOSICAO PARA SISTEMA DE DETECCAO DE INCENDIO OCTO+ GLOBAL FIRE",2.ET.DM.08 - EQUIPAMENTO DE PROTEÇÃO E SEGURANÇA,6.0,0.0,0.5,111.0,-6.0,-9325.02,0,,0.0,0,0,0.0,Estratégico
110,070512,1.04.07.00.00137-7,4612744,9053.0,"RETIFICADOR, FLUTUADOR E CARREGADOR DE BATERIA, ENTRADA 127/220 VCA +- 15%, FREQUENCIA 45 A 65 HZ, POSITIVO E CARCACA ATERRADOS, TENSAO DE SAIDA - 48 VCC (AJUSTE 42VCC A 59 VCC), CORRENTE 10 A, POTENCIA MAXIMA DE SAIDA 565W, DISPLAY DIGITAL PARA MEDICAO",4.EQ.OM.02 - EQUIPAMENTOS DIVERSOS,11.0,0.916666666666667,0.916666667,161.0,-11.0,-36630.0,0,Sim,0.0,0,0,0.0,Estratégico
111,070512,1.04.07.00.00137-7,4612744,9053.0,"RETIFICADOR, FLUTUADOR E CARREGADOR DE BATERIA, ENTRADA 127/220 VCA +- 15%, FREQUENCIA 45 A 65 HZ, POSITIVO E CARCACA ATERRADOS, TENSAO DE SAIDA - 48 VCC (AJUSTE 42VCC A 59 VCC), CORRENTE 10 A, POTENCIA MAXIMA DE SAIDA 565W, DISPLAY DIGITAL PARA MEDICAO",2.ET.DM.04 - MATERIAIS ELÉTRICOS E ELETRÔNICOS,11.0,0.916666666666667,0.916666667,161.0,-11.0,-36630.0,0,Sim,0.0,0,0,0.0,Estratégico
112,089107,1.03.05.05.00357-3,0,,SAPATA DE FREIO FERROVIARIO SF-064 REF.816360064 GRUPO INBRA FILTRO,-,8.0,0.666666666666667,0.666666667,183.0,-8.0,-7424.6,0,,0.0,0,0,0.0,Estratégico
113,091709,1.04.09.00.00099-8,B:5252067/C:463605,9051.0,TECLADO TIPO MEMBRANA AUTOADESIVA COMPATÍVEL PARA IHM SIEMENS SITRAS PRO,2.ET.DM.04 - MATERIAIS ELÉTRICOS E ELETRÔNICOS,27.0,0.0833333333333333,2.75,23.0,-27.0,-15444.0,0,,0.0,0,0,0.0,Estratégico
114,089559,1.05.01.10.27-3,B:6500536/C:363644,9054.0,"TEE RANHURADO, GALVANIZADO, PINTURA NA COR VERMELHA, 2 1/2POL, PARA SISTEMA GROOVED DE 76MM","2.ET.DM.19 - MATERIAIS PARA CONSTRUÇÃO CIVIL ( CIMENTO, AREIA, MADEIRAS, CHAPAS METÁLICAS, ETC...)",20.0,0.0,1.666666667,33.0,-20.0,-1080.0,0,,0.0,0,0,0.0,Estratégico
115,089790,1.04.05.06.00045-7,B:6172520/C:349639,,"TRANSFORMADOR DE POTENCIAL - TP - PARA CUBÍCULOS DE 34,5 KV DE SUBESTAÇÕES DE TRAÇÃO, FABRICANTE ALCE ELEKTRIK SAN, MODELO VBF36-KDS",2.ET.DM.99 - OUTROS MATERIAIS,0.0,0.0,0.25,222.0,-3.0,0.0,3,,0.0,0,3,0.0,Estratégico
116,089537,1.03.03.04.00127-7,B:6500145/C:610948,9054.0,"TUBO GALVANIZADO RANHURADO, PINTURA NA COR VERMELHA, DIÂMETRO 2 1/2POL, PARA SISTEMA GROOVED DE 76MM DE ACORDO COM A NBR 5580 E 5590","2.ET.DM.19 - MATERIAIS PARA CONSTRUÇÃO CIVIL ( CIMENTO, AREIA, MADEIRAS, CHAPAS METÁLICAS, ETC...)",60.0,0.833333333333333,9.166666667,15.0,-60.0,-27180.0,0,,0.0,0,0,0.0,Estratégico
