cd_centro_custo;nm_centro_custo;sg_centro_custo;tp_centro_custo;dt_inicio_vigencia;dt_fim_vigencia;nm_linha;fl_ativo;ds_status
1545013;MANUTENÇÃO DE EDIFICAÇÕES - LINHA C;Sem Sigla;Manutenção;2002-07-01;2004-06-30;C099-Inativos;False;Inativo
1545014;MANUTENÇÃO DE EDIFICAÇÕES - LINHA D;Sem Sigla;Manutenção;2002-07-01;2004-06-30;C099-Inativos;False;Inativo
1545016;MANUTENÇÃO DE EDIFICAÇÕES - LINHA F;Sem Sigla;Manutenção;2002-07-01;2004-06-30;C099-Inativos;False;Inativo
1545021;MANUTENÇÃO DE OBRAS DE ARTE - LINHA A;Sem Sigla;Manutenção;2002-07-01;2004-06-30;C099-Inativos;False;Inativo
1545022;MANUTENÇÃO DE OBRAS DE ARTE - LINHA B;Sem Sigla;Manutenção;2002-07-01;2004-06-30;C099-Inativos;False;Inativo
1545023;MANUTENÇÃO DE OBRAS DE ARTE - LINHA C;Sem Sigla;Manutenção;2002-07-01;2004-06-30;C099-Inativos;False;Inativo
1545024;MANUTENÇÃO DE OBRAS DE ARTE - LINHA D;Sem Sigla;Manutenção;2002-07-01;2004-06-30;C099-Inativos;False;Inativo
1545025;MANUTENÇÃO DE OBRAS DE ARTE - LINHA E;Sem Sigla;Manutenção;2002-07-01;2004-06-30;C099-Inativos;False;Inativo
1545026;MANUTENÇÃO DE OBRAS DE ARTE - LINHA F;Sem Sigla;Manutenção;2002-07-01;2004-06-30;C099-Inativos;False;Inativo
1545032;OFICINAS GERAIS - PRESIDENTE ALTINO;Sem Sigla;Manutenção;2002-07-01;2004-06-30;C099-Inativos;False;Inativo
1544021;OFICINA DE MÁQUINAS DE VIA PERMANENTE;Sem Sigla;Manutenção;2002-07-01;2004-06-30;C099-Inativos;False;Inativo
1544022;OFIC. SOLDA DE VIA PERMANENTE - LAPA;Sem Sigla;Manutenção;2002-07-01;2004-06-30;C099-Inativos;False;Inativo
1544023;OFIC. SOLDA VIA PERMANENTE - PIRITUBA;Sem Sigla;Manutenção;2002-07-01;2004-06-30;C099-Inativos;False;Inativo
1544024;OFICINA SOLDA V. P. - PRESID. ALTINO;Sem Sigla;Manutenção;2002-07-01;2004-06-30;C099-Inativos;False;Inativo
1544025;OFICINA PRODUÇÃO COMPON. - V.P. - LAPA;Sem Sigla;Manutenção;2002-07-01;2004-06-30;C099-Inativos;False;Inativo
1551000;DEPTO DE EFETIVO E LOGÍSTICA;DOSE;Operacional;2002-07-01;2004-06-30;C099-Inativos;False;Inativo
1552000;DEPTO DE SEGURANÇA E VIGILÂNCIA;DOSV;Operacional;2002-07-01;2004-06-30;C099-Inativos;False;Inativo
1552100;SEGURANÇA OPERACIONAL - LINHA A;Sem Sigla;Operacional;2002-07-01;2004-06-30;C099-Inativos;False;Inativo
1552200;SEGURANÇA OPERACIONAL - LINHA B;Sem Sigla;Operacional;2002-07-01;2004-06-30;C099-Inativos;False;Inativo
1552300;SEGURANÇA OPERACIONAL - LINHA C;Sem Sigla;Operacional;2002-07-01;2004-06-30;C099-Inativos;False;Inativo
1552400;SEGURANÇA OPERACIONAL - LINHA D;Sem Sigla;Operacional;2002-07-01;2004-06-30;C099-Inativos;False;Inativo
1552500;SEGURANÇA OPERACIONAL - LINHA E;Sem Sigla;Operacional;2002-07-01;2004-06-30;C099-Inativos;False;Inativo
1552600;SEGURANÇA OPERACIONAL - LINHA F;Sem Sigla;Operacional;2002-07-01;2004-06-30;C099-Inativos;False;Inativo
1560000;GERÊNCIA DE LOGÍSTICA DO TRANSPORTE;GOT;Operacional;2002-07-01;2004-06-30;C099-Inativos;False;Inativo
1910000;DIVERSOS;Sem Sigla;Administrativo;2002-07-01;2004-06-30;C099-Inativos;False;Inativo
1910001;CÂMARA MUNICIPAL DE CONCHAS;Sem Sigla;Administrativo;2002-07-01;2004-06-30;C099-Inativos;False;Inativo
1910002;CÂMARA MUNICIPAL DE SANTO ANDRÉ;Sem Sigla;Administrativo;2002-07-01;2004-06-30;C099-Inativos;False;Inativo
1910003;CASA CIVIL - GESP;Sem Sigla;Administrativo;2002-07-01;2004-06-30;C099-Inativos;False;Inativo
1910004;CIA. BRAS. TRENS URBANOS - CBTU (ERSP);Sem Sigla;Administrativo;2002-07-01;2004-06-30;C099-Inativos;False;Inativo
1910006;CIA. DO METROPOLITANO DE SÃO PAULO;Sem Sigla;Administrativo;2002-07-01;2004-06-30;C099-Inativos;False;Inativo
1910008;COMPANHIA BRASILEIRA DE TRENS URBANOS;Sem Sigla;Administrativo;2002-07-01;2004-06-30;C099-Inativos;False;Inativo
1910009;COMPANHIA BRASILEIRA DE TRENS URBANOS;Sem Sigla;Operacional;2002-07-01;2004-06-30;C099-Inativos;False;Inativo
1910010;DIVERSOS MANUTENÇÃO;Sem Sigla;Manutenção;2002-07-01;2004-06-30;C099-Inativos;False;Inativo
1910011;DIVERSOS OPERAÇÃO;Sem Sigla;Operacional;2002-07-01;2004-06-30;C099-Inativos;False;Inativo
1910012;EMPR. METROPOL. GRANDE SÃO PAULO S/A;Sem Sigla;Administrativo;2002-07-01;2004-06-30;C099-Inativos;False;Inativo
1910013;ENCONTRO DE CONTAS - ADMINISTRAÇÃO;Sem Sigla;Administrativo;2002-07-01;2004-06-30;C099-Inativos;False;Inativo
1910014;FERROVIA BANDEIRANTE - FERROBAN;Sem Sigla;Administrativo;2002-07-01;2004-06-30;C099-Inativos;False;Inativo
1910015;FERROVIA BANDEIRANTE - FERROBAN;Sem Sigla;Operacional;2002-07-01;2004-06-30;C099-Inativos;False;Inativo
1910016;MRS LOGÍSTICA S/A;Sem Sigla;Administrativo;2002-07-01;2004-06-30;C099-Inativos;False;Inativo
1910018;PESSOAL CEDIDO;Sem Sigla;Administrativo;2002-07-01;2004-06-30;C099-Inativos;False;Inativo
1910019;REDE FERROVIÁRIA FEDERAL S/A;Sem Sigla;Administrativo;2002-07-01;2004-06-30;C099-Inativos;False;Inativo
1910020;REDE FERROVIÁRIA FEDERAL S/A;Sem Sigla;Operacional;2002-07-01;2004-06-30;C099-Inativos;False;Inativo
1910021;REFER - DIFERENCIAL DE ALÍQUOTA;Sem Sigla;Administrativo;2002-07-01;2004-06-30;C099-Inativos;False;Inativo
1910022;SECRET. ADM. E MODERN. SERV. PÚBLICOS;Sem Sigla;Administrativo;2002-07-01;2004-06-30;C099-Inativos;False;Inativo
1910023;SECRET. EMPREGOS E RELAÇÕES DO TRABALHO;Sem Sigla;Administrativo;2002-07-01;2004-06-30;C099-Inativos;False;Inativo
1910024;SECRET. GOVERNO GESTÃO ESTRATÉGICA;Sem Sigla;Administrativo;2002-07-01;2004-06-30;C099-Inativos;False;Inativo
1910025;SECRETARIA DA FAZENDA;Sem Sigla;Administrativo;2002-07-01;2004-06-30;C099-Inativos;False;Inativo
1910026;SECR. ESTADO AGRICULT. ABASTEC.;Sem Sigla;Administrativo;2002-07-01;2004-06-30;C099-Inativos;False;Inativo
1910028;SIND. TRAB. EMPR. FERROV. Z. SOROCABANA;Sem Sigla;Administrativo;2002-07-01;2004-06-30;C099-Inativos;False;Inativo
1100000;PRESIDÊNCIA;PR;Administrativo;2002-07-01;2004-06-30;C099-Inativos;False;Inativo
1110000;GABINETE DA PRESIDÊNCIA;PRG;Administrativo;2002-07-01;2004-06-30;C099-Inativos;False;Inativo
1120000;GER. GESTÃO EMPRESARIAL E AUDITORIA;GRG;Administrativo;2003-09-01;2004-06-30;C099-Inativos;False;Inativo
1132000;DEPTO DE ADMINISTRAÇÃO DE PESSOAL;DRHP;Administrativo;2002-07-01;2004-06-30;C099-Inativos;False;Inativo
1133000;DEPTO DE HIGIENE E SEGURANÇA DO TRABALHO;DRHS;Administrativo;2002-07-01;2004-06-30;C099-Inativos;False;Inativo
1140000;OUVIDORIA;PRO;Administrativo;2002-07-01;2004-06-30;C099-Inativos;False;Inativo
1150000;GERÊNCIA DE TECNOLOGIA DA INFORMAÇÃO;GRI;Administrativo;2003-09-01;2004-06-30;C099-Inativos;False;Inativo
1160000;GERÊNCIA DE COMUNICAÇÃO E MARKETING;GRC;Administrativo;2002-07-01;2004-06-30;C099-Inativos;False;Inativo
1170000;NÚCLEO EXECUTIVO DE OPERAÇÕES;NEO;Administrativo;2002-07-01;2004-06-30;C099-Inativos;False;Inativo
1180000;GERÊNCIA DE GESTÃO DA QUALIDADE;GRQ;Administrativo;2003-09-01;2004-06-30;C099-Inativos;False;Inativo
1190000;GERÊNCIA DE PROJETOS DE TRANSPORTE;GRT;Administrativo;2003-09-01;2004-06-30;C099-Inativos;False;Inativo
1200000;DIRETORIA ADMINISTRATIVA E FINANCEIRA;DF;Administrativo;2002-07-01;2004-06-30;C099-Inativos;False;Inativo
1210000;GERÊNCIA DE SUPRIMENTO;GFS;Administrativo;2002-07-01;2004-06-30;C099-Inativos;False;Inativo
1211000;DEPTO DE MATERIAIS;DFSM;Administrativo;2002-07-01;2004-06-30;C099-Inativos;False;Inativo
1212000;DEPTO DE CONTRATAÇÕES;DFST;Administrativo;2002-07-01;2004-06-30;C099-Inativos;False;Inativo
1220000;GER. FINANÇAS E CONTR. ORÇAMENTÁRIO;GFF;Administrativo;2002-07-01;2004-06-30;C099-Inativos;False;Inativo
1222000;DEPTO DE FINANÇAS;DFAF;Administrativo;2002-07-01;2004-06-30;C099-Inativos;False;Inativo
1231000;DEPTO DE SERVIÇOS GERAIS;DFPS;Administrativo;2002-07-01;2004-06-30;C099-Inativos;False;Inativo
1240000;GERÊNCIA JURÍDICA;GFJ;Administrativo;2002-07-01;2004-06-30;C099-Inativos;False;Inativo
1300000;DIRETORIA DE PLANEJAMENTO;DP;Administrativo;2002-07-01;2004-06-30;C099-Inativos;False;Inativo
1400000;DIRETORIA DE ENGENHARIA E OBRAS;DE;Administrativo;2002-07-01;2004-06-30;C099-Inativos;False;Inativo
1410000;GERÊNCIA DE OBRAS E MONTAGENS;GEO;Administrativo;2002-07-01;2004-06-30;C099-Inativos;False;Inativo
1420000;GERÊNCIA DE COORDENAÇÃO;GEC;Administrativo;2002-07-01;2004-06-30;C099-Inativos;False;Inativo
1430000;GERÊNCIA DE ENGENHARIA DE INFRAESTRUTURA;GEE;Administrativo;2002-07-01;2004-06-30;C099-Inativos;False;Inativo
1440000;GERÊNCIA DE ENGENHARIA DE SISTEMAS;GES;Administrativo;2002-07-01;2004-06-30;C099-Inativos;False;Inativo
1500000;DIRETORIA DE OPERAÇÃO E MANUTENÇÃO;DO;Manutenção;2002-07-01;2004-06-30;C099-Inativos;False;Inativo
1501000;DEPTO DE ATENDIMENTO AO USUÁRIO;SAU;Operacional;2002-07-01;2004-06-30;C099-Inativos;False;Inativo
1510000;GERÊNCIA DE OPERAÇÃO - LINHAS E - F;GOE;Operacional;2002-07-01;2004-06-30;C099-Inativos;False;Inativo
1511100;MOVIMENTO DE TRENS - LINHA E;Sem Sigla;Operacional;2002-07-01;2004-06-30;C099-Inativos;False;Inativo
1511200;MOVIMENTO DE TRENS - LINHA F;Sem Sigla;Operacional;2002-07-01;2004-06-30;C099-Inativos;False;Inativo
1511400;LIMPEZA TUE´s NOS TERMINAIS - LINHA F;Sem Sigla;Operacional;2002-07-01;2004-06-30;C099-Inativos;False;Inativo
1511500;SOCORRO A ACIDENTES - LINHA E;Sem Sigla;Operacional;2002-07-01;2004-06-30;C099-Inativos;False;Inativo
1511600;SOCORRO A ACIDENTES - LINHA F;Sem Sigla;Operacional;2002-07-01;2004-06-30;C099-Inativos;False;Inativo
1512000;DEPTO DE ESTAÇÕES LINHAS E - F;DOEL;Operacional;2002-07-01;2004-06-30;C099-Inativos;False;Inativo
1512100;LAVADOR DE CARROS JUNDIAPEBA;Sem Sigla;Operacional;2002-07-01;2004-06-30;C099-Inativos;False;Inativo
1512200;OPERAÇÃO DE ESTAÇÕES LINHA E;Sem Sigla;Operacional;2002-07-01;2004-06-30;C099-Inativos;False;Inativo
1512201;ESTAÇÃO ANTONIO GIANETTI NETO;AGN;Operacional;2002-07-01;2004-06-30;C099-Inativos;False;Inativo
1512202;ESTAÇÃO FERRAZ DE VASCONCELOS;FVC;Operacional;2002-07-01;2004-06-30;C099-Inativos;False;Inativo
1512203;ESTAÇÃO POÁ;POA;Operacional;2002-07-01;2004-06-30;C099-Inativos;False;Inativo
1512204;ESTAÇÃO CALMON VIANA;CVN;Operacional;2002-07-01;2004-06-30;C099-Inativos;False;Inativo
1512205;ESTAÇÃO SUZANO;SUZ;Operacional;2002-07-01;2004-06-30;C099-Inativos;False;Inativo
1512206;ESTAÇÃO JUNDIAPEBA;JPB;Operacional;2002-07-01;2004-06-30;C099-Inativos;False;Inativo
1512207;ESTAÇÃO BRÁS CUBAS;BCB;Operacional;2002-07-01;2004-06-30;C099-Inativos;False;Inativo
1512209;ESTAÇÃO ESTUDANTES;EST;Operacional;2002-07-01;2004-06-30;C099-Inativos;False;Inativo
1512300;OPERAÇÃO DE ESTAÇÕES - LINHA F;Sem Sigla;Operacional;2002-07-01;2004-06-30;C099-Inativos;False;Inativo
1512301;ESTAÇÃO BRÁS;BAS;Operacional;2002-07-01;2004-06-30;C099-Inativos;False;Inativo
1512302;ESTAÇÃO TATUAPÉ;TAT;Operacional;2002-07-01;2004-06-30;C099-Inativos;False;Inativo
1512304;ESTAÇÃO ENGº GOULART;EGO;Operacional;2002-07-01;2004-06-30;C099-Inativos;False;Inativo
1512305;ESTAÇÃO COM. ERMELINO MATARAZZO;ERM;Operacional;2002-07-01;2004-06-30;C099-Inativos;False;Inativo
1512306;ESTAÇÃO SÃO MIGUEL PAULISTA;SMP;Operacional;2002-07-01;2004-06-30;C099-Inativos;False;Inativo
1512307;ESTAÇÃO ITAIM PAULISTA;ITI;Operacional;2002-07-01;2004-06-30;C099-Inativos;False;Inativo
1512308;ESTAÇÃO ENGº MANOEL FEIO;EMF;Operacional;2002-07-01;2004-06-30;C099-Inativos;False;Inativo
1512309;ESTAÇÃO ITAQUAQUECETUBA;IQC;Operacional;2002-07-01;2004-06-30;C099-Inativos;False;Inativo
1512310;ESTAÇÃO ARACARÉ;ARC;Operacional;2002-07-01;2004-06-30;C099-Inativos;False;Inativo
1512400;OPERAÇÃO DE ESTAÇÕES (EXPRESSO LESTE);Sem Sigla;Operacional;2002-07-01;2004-06-30;C099-Inativos;False;Inativo
1512401;ESTAÇÃO BRÁS (EXPRESSO LESTE);BAS;Operacional;2002-07-01;2004-06-30;C099-Inativos;False;Inativo
1512402;ESTAÇÃO TATUAPÉ (EXPRESSO LESTE);TAT;Operacional;2002-07-01;2004-06-30;C099-Inativos;False;Inativo
1512403;ESTAÇÃO ITAQUERA (EXPRESSO LESTE);ITQ;Operacional;2002-07-01;2004-06-30;C099-Inativos;False;Inativo
1512404;ESTAÇÃO DOM BOSCO (EXPRESSO LESTE);DOB;Operacional;2002-07-01;2004-06-30;C099-Inativos;False;Inativo
1512405;ESTAÇÃO JOSÉ BONIFÁCIO (EXPR. LESTE);JBO;Operacional;2002-07-01;2004-06-30;C099-Inativos;False;Inativo
1520000;GERÊNCIA DE OPERAÇÃO - LINHAS A - D;GOA;Operacional;2002-07-01;2004-06-30;C099-Inativos;False;Inativo
1521000;DEPTO DE PRODUÇÃO DE VIAGENS - A - D;DOAV;Operacional;2002-07-01;2004-06-30;C099-Inativos;False;Inativo
1521100;LAV. CARROS BARRA FUNDA - A - D;Sem Sigla;Operacional;2002-07-01;2004-06-30;C099-Inativos;False;Inativo
1521200;MOVIMENTO DE TRENS - LINHA A;Sem Sigla;Operacional;2002-07-01;2004-06-30;C099-Inativos;False;Inativo
1521400;LIMPEZA TUE´s NOS TERMINAIS - LINHA A;Sem Sigla;Operacional;2002-07-01;2004-06-30;C099-Inativos;False;Inativo
1521500;LIMPEZA TUE´s NOS TERMINAIS - LINHA D;Sem Sigla;Operacional;2002-07-01;2004-06-30;C099-Inativos;False;Inativo
1521600;SOCORRO A ACIDENTES - LINHA A;Sem Sigla;Operacional;2002-07-01;2004-06-30;C099-Inativos;False;Inativo
1521700;SOCORRO A ACIDENTES - LINHA D;Sem Sigla;Operacional;2002-07-01;2004-06-30;C099-Inativos;False;Inativo
1521800;CONTROLE DE TRÁFEGO - CCO LUZ;Sem Sigla;Operacional;2002-07-01;2004-06-30;C099-Inativos;False;Inativo
1522000;DEPTO DE ESTAÇÕES LINHAS A - D;DOAL;Operacional;2002-07-01;2004-06-30;C099-Inativos;False;Inativo
1522100;OPERAÇÃO DE ESTAÇÕES - LINHA A;Sem Sigla;Operacional;2002-07-01;2004-06-30;C099-Inativos;False;Inativo
1522102;ESTAÇÃO ÁGUA BRANCA;ABR;Operacional;2002-07-01;2004-06-30;C099-Inativos;False;Inativo
1522103;ESTAÇÃO LAPA;LPA;Operacional;2002-07-01;2004-06-30;C099-Inativos;False;Inativo
1522104;ESTAÇÃO PIQUERI;PQR;Operacional;2002-07-01;2004-06-30;C099-Inativos;False;Inativo
1522105;ESTAÇÃO PIRITUBA;PRT;Operacional;2002-07-01;2004-06-30;C099-Inativos;False;Inativo
1522106;ESTAÇÃO VILA CLARISSE;VCL;Operacional;2002-07-01;2004-06-30;C099-Inativos;False;Inativo
1522107;ESTAÇÃO JARAGUÁ;JRG;Operacional;2002-07-01;2004-06-30;C099-Inativos;False;Inativo
1522109;ESTAÇÃO CAIEIRAS;CAI;Operacional;2002-07-01;2004-06-30;C099-Inativos;False;Inativo
1522110;ESTAÇÃO FRANCO DA ROCHA;FDR;Operacional;2002-07-01;2004-06-30;C099-Inativos;False;Inativo
1522111;ESTAÇÃO BALTAZAR FIDELIS;BFI;Operacional;2002-07-01;2004-06-30;C099-Inativos;False;Inativo
1522112;ESTAÇÃO FRANCISCO MORATO;FMO;Operacional;2002-07-01;2004-06-30;C099-Inativos;False;Inativo
1522113;ESTAÇÃO BOTUJURÚ;BTJ;Operacional;2002-07-01;2004-06-30;C099-Inativos;False;Inativo
1522115;ESTAÇÃO VÁRZEA PAULISTA;VLP;Operacional;2002-07-01;2004-06-30;C099-Inativos;False;Inativo
1522116;ESTAÇÃO JUNDIAÍ;JUN;Operacional;2002-07-01;2004-06-30;C099-Inativos;False;Inativo
1522200;OPERAÇÃO DE ESTAÇÕES - LINHA D;Sem Sigla;Operacional;2002-07-01;2004-06-30;C099-Inativos;False;Inativo
1522201;ESTAÇÃO PARANAPIACABA;PNP;Operacional;2002-07-01;2004-06-30;C099-Inativos;False;Inativo
1522202;ESTAÇÃO CAMPO GRANDE;CGR;Operacional;2002-07-01;2004-06-30;C099-Inativos;False;Inativo
1522203;ESTAÇÃO RIO GRANDE DA SERRA;RGS;Operacional;2002-07-01;2004-06-30;C099-Inativos;False;Inativo
1522204;ESTAÇÃO RIBEIRÃO PIRES;RPI;Operacional;2002-07-01;2004-06-30;C099-Inativos;False;Inativo
1522206;ESTAÇÃO MAUÁ;MAU;Operacional;2002-07-01;2004-06-30;C099-Inativos;False;Inativo
1522207;ESTAÇÃO CAPUAVA;CPV;Operacional;2002-07-01;2004-06-30;C099-Inativos;False;Inativo
1522208;ESTAÇÃO SANTO ANDRÉ;SAN;Operacional;2002-07-01;2004-06-30;C099-Inativos;False;Inativo
1522209;ESTAÇÃO PREFEITO SALADINO;PSA;Operacional;2002-07-01;2004-06-30;C099-Inativos;False;Inativo
1522210;ESTAÇÃO UTINGA;UTG;Operacional;2002-07-01;2004-06-30;C099-Inativos;False;Inativo
1522212;ESTAÇÃO TAMANDUATEÍ;TMD;Operacional;2002-07-01;2004-06-30;C099-Inativos;False;Inativo
1522213;ESTAÇÃO IPIRANGA;IPG;Operacional;2002-07-01;2004-06-30;C099-Inativos;False;Inativo
1522214;ESTAÇÃO MOÓCA;MOC;Operacional;2002-07-01;2004-06-30;C099-Inativos;False;Inativo
1522215;ESTAÇÃO BRÁS;BAS;Operacional;2002-07-01;2004-06-30;C099-Inativos;False;Inativo
1522216;ESTAÇÃO LUZ;LUZ;Operacional;2002-07-01;2004-06-30;C099-Inativos;False;Inativo
1530000;GERÊNCIA DE OPERAÇÃO - LINHAS B - C;GOB;Operacional;2002-07-01;2004-06-30;C099-Inativos;False;Inativo
1531000;DEPTO DE PRODUÇÃO DE VIAGENS - B - C;DOBV;Operacional;2002-07-01;2004-06-30;C099-Inativos;False;Inativo
1531100;LAV. CARROS PRES. ALTINO - B / C;Sem Sigla;Operacional;2002-07-01;2004-06-30;C099-Inativos;False;Inativo
1531300;MOVIMENTO DE TRENS - LINHA C;Sem Sigla;Operacional;2002-07-01;2004-06-30;C099-Inativos;False;Inativo
1531400;LIMPEZA TUE´s NOS TERMINAIS - LINHA B;Sem Sigla;Operacional;2002-07-01;2004-06-30;C099-Inativos;False;Inativo
1531500;LIMPEZA TUE´s NOS TERMINAIS - LINHA C;Sem Sigla;Operacional;2002-07-01;2004-06-30;C099-Inativos;False;Inativo
1531700;SOCORRO A ACIDENTES - LINHA C;Sem Sigla;Operacional;2002-07-01;2004-06-30;C099-Inativos;False;Inativo
1531800;CONTR. TRÁFEGO - CC0 PRESID. ALTINO;Sem Sigla;Operacional;2002-07-01;2004-06-30;C099-Inativos;False;Inativo
1532000;DEPTO DE ESTAÇÕES LINHAS B - C;DOBL;Operacional;2002-07-01;2004-06-30;C099-Inativos;False;Inativo
1532100;OPERAÇÃO DE ESTAÇÕES - LINHA B;Sem Sigla;Operacional;2002-07-01;2004-06-30;C099-Inativos;False;Inativo
1532101;ESTAÇÃO JULIO PRESTES;JPR;Operacional;2002-07-01;2004-06-30;C099-Inativos;False;Inativo
1532102;ESTAÇÃO BARRA FUNDA;BFU;Operacional;2002-07-01;2004-06-30;C099-Inativos;False;Inativo
1532103;ESTAÇÃO LAPA;LAB;Operacional;2002-07-01;2004-06-30;C099-Inativos;False;Inativo
1532104;ESTAÇÃO DOMINGOS DE MORAIS;DMO;Operacional;2002-07-01;2004-06-30;C099-Inativos;False;Inativo
1532105;ESTAÇÃO IMPERATRIZ LEOPOLDINA;ILE;Operacional;2002-07-01;2004-06-30;C099-Inativos;False;Inativo
1532106;ESTAÇÃO PRESIDENTE ALTINO;PAL;Operacional;2002-07-01;2004-06-30;C099-Inativos;False;Inativo
1532108;ESTAÇÃO COMANDANTE SAMPAIO;CSA;Operacional;2002-07-01;2004-06-30;C099-Inativos;False;Inativo
1532110;ESTAÇÃO GENERAL MIGUEL COSTA;GMC;Operacional;2002-07-01;2004-06-30;C099-Inativos;False;Inativo
1532111;ESTAÇÃO CARAPICUÍBA;CPB;Operacional;2002-07-01;2004-06-30;C099-Inativos;False;Inativo
1532112;ESTAÇÃO SANTA TEREZINHA;STE;Operacional;2002-07-01;2004-06-30;C099-Inativos;False;Inativo
1532113;ESTAÇÃO ANTONIO JOÃO;AJO;Operacional;2002-07-01;2004-06-30;C099-Inativos;False;Inativo
1532114;ESTAÇÃO BARUERI;BRU;Operacional;2002-07-01;2004-06-30;C099-Inativos;False;Inativo
1532115;ESTAÇÃO JARDIM BELVAL;JBE;Operacional;2002-07-01;2004-06-30;C099-Inativos;False;Inativo
1532116;ESTAÇÃO JARDIM SILVEIRA;JSI;Operacional;2002-07-01;2004-06-30;C099-Inativos;False;Inativo
1532117;ESTAÇÃO JANDIRA;JDI;Operacional;2002-07-01;2004-06-30;C099-Inativos;False;Inativo
1532119;ESTAÇÃO ENGENHEIRO CARDOSO;ECD;Operacional;2002-07-01;2004-06-30;C099-Inativos;False;Inativo
1532120;ESTAÇÃO ITAPEVI;IPV;Operacional;2002-07-01;2004-06-30;C099-Inativos;False;Inativo
1532121;ESTAÇÃO SANTA RITA;SRT;Operacional;2002-07-01;2004-06-30;C099-Inativos;False;Inativo
1532122;ESTAÇÃO CIMENRITA;CMR;Operacional;2002-07-01;2004-06-30;C099-Inativos;False;Inativo
1532123;ESTAÇÃO AMBUITÁ;AMB;Operacional;2002-07-01;2004-06-30;C099-Inativos;False;Inativo
1532124;ESTAÇÃO AMADOR BUENO;ABU;Operacional;2002-07-01;2004-06-30;C099-Inativos;False;Inativo
1532201;ESTAÇÃO OSASCO;OSA;Operacional;2002-07-01;2004-06-30;C099-Inativos;False;Inativo
1532202;ESTAÇÃO PRESIDENTE ALTINO;PAL;Operacional;2002-07-01;2004-06-30;C099-Inativos;False;Inativo
1532203;ESTAÇÃO CEASA;CEA;Operacional;2002-07-01;2004-06-30;C099-Inativos;False;Inativo
1532204;ESTAÇÃO JAGUARÉ;JAG;Operacional;2002-07-01;2004-06-30;C099-Inativos;False;Inativo
1532205;ESTAÇÃO CIDADE UNIVERSITÁRIA;USP;Operacional;2002-07-01;2004-06-30;C099-Inativos;False;Inativo
1532207;ESTAÇÃO HEBRAICA/REBOUÇAS;REB;Operacional;2002-07-01;2004-06-30;C099-Inativos;False;Inativo
1532208;ESTAÇÃO CIDADE JARDIM;CJD;Operacional;2002-07-01;2004-06-30;C099-Inativos;False;Inativo
1532209;ESTAÇÃO VILA OLIMPIA;VOL;Operacional;2002-07-01;2004-06-30;C099-Inativos;False;Inativo
1532210;ESTAÇÃO BERRINI;BRR;Operacional;2002-07-01;2004-06-30;C099-Inativos;False;Inativo
1532211;ESTAÇÃO MORUMBI;MRB;Operacional;2002-07-01;2004-06-30;C099-Inativos;False;Inativo
1532212;ESTAÇÃO GRANJA JULIETA;GJT;Operacional;2002-07-01;2004-06-30;C099-Inativos;False;Inativo
1532213;ESTAÇÃO SANTO AMARO;SAM;Operacional;2002-07-01;2004-06-30;C099-Inativos;False;Inativo
1532214;ESTAÇÃO SOCORRO;SOC;Operacional;2002-07-01;2004-06-30;C099-Inativos;False;Inativo
1532215;ESTAÇÃO JURUBATUBA;JUR;Operacional;2002-07-01;2004-06-30;C099-Inativos;False;Inativo
1532217;ESTAÇÃO GRAJAÚ;GRA;Operacional;2002-07-01;2004-06-30;C099-Inativos;False;Inativo
1540000;GERÊNCIA DE MANUTENÇÃO;GOM;Manutenção;2002-07-01;2004-06-30;C099-Inativos;False;Inativo
1541000;DEPTO DE ACOMP. CONTRÔLE DA PROD.;DOMA;Manutenção;2002-07-01;2004-06-30;C099-Inativos;False;Inativo
1542000;DEPTO MANUT. SIST. ELÉTR. ELETRÔN.;DOMS;Manutenção;2002-07-01;2004-06-30;C099-Inativos;False;Inativo
1542011;MANUTENÇÃO DE REDE AÉREA - LINHA A;Sem Sigla;Manutenção;2002-07-01;2004-06-30;C099-Inativos;False;Inativo
1542012;MANUTENÇÃO DE REDE AÉREA - LINHA B;Sem Sigla;Manutenção;2002-07-01;2004-06-30;C099-Inativos;False;Inativo
1542013;MANUTENÇÃO DE REDE AÉREA - LINHA C;Sem Sigla;Manutenção;2002-07-01;2004-06-30;C099-Inativos;False;Inativo
1542014;MANUTENÇÃO DE REDE AÉREA - LINHA D;Sem Sigla;Manutenção;2002-07-01;2004-06-30;C099-Inativos;False;Inativo
1542015;MANUTENÇÃO DE REDE AÉREA - LINHA E;Sem Sigla;Manutenção;2002-07-01;2004-06-30;C099-Inativos;False;Inativo
1542016;MANUTENÇÃO DE REDE AÉREA - LINHA F;Sem Sigla;Manutenção;2002-07-01;2004-06-30;C099-Inativos;False;Inativo
1542021;MANUTENÇÃO DE SUBESTAÇÕES - LINHA A;Sem Sigla;Manutenção;2002-07-01;2004-06-30;C099-Inativos;False;Inativo
1542022;MANUTENÇÃO DE SUBESTAÇÕES - LINHA B;Sem Sigla;Manutenção;2002-07-01;2004-06-30;C099-Inativos;False;Inativo
1542025;MANUTENÇÃO DE SUBESTAÇÕES - LINHA E;Sem Sigla;Manutenção;2002-07-01;2004-06-30;C099-Inativos;False;Inativo
1542026;MANUTENÇÃO DE SUBESTAÇÕES - LINHA F;Sem Sigla;Manutenção;2002-07-01;2004-06-30;C099-Inativos;False;Inativo
1542031;DISTRIBUIÇÃO - LINHA A;Sem Sigla;Manutenção;2002-07-01;2004-06-30;C099-Inativos;False;Inativo
1542032;DISTRIBUIÇÃO - LINHA B;Sem Sigla;Manutenção;2002-07-01;2004-06-30;C099-Inativos;False;Inativo
1542033;DISTRIBUIÇÃO - LINHA C;Sem Sigla;Manutenção;2002-07-01;2004-06-30;C099-Inativos;False;Inativo
1542034;DISTRIBUIÇÃO - LINHA D;Sem Sigla;Manutenção;2002-07-01;2004-06-30;C099-Inativos;False;Inativo
1542035;DISTRIBUIÇÃO - LINHA E;Sem Sigla;Manutenção;2002-07-01;2004-06-30;C099-Inativos;False;Inativo
1542036;DISTRIBUIÇÃO - LINHA F;Sem Sigla;Manutenção;2002-07-01;2004-06-30;C099-Inativos;False;Inativo
1542041;MANUTENÇÃO DA SINALIZAÇÃO - LINHA A;Sem Sigla;Manutenção;2002-07-01;2004-06-30;C099-Inativos;False;Inativo
1542042;MANUTENÇÃO DA SINALIZAÇÃO - LINHA B;Sem Sigla;Manutenção;2002-07-01;2004-06-30;C099-Inativos;False;Inativo
1542043;MANUTENÇÃO DA SINALIZAÇÃO - LINHA C;Sem Sigla;Manutenção;2002-07-01;2004-06-30;C099-Inativos;False;Inativo
1542044;MANUTENÇÃO DA SINALIZAÇÃO - LINHA D;Sem Sigla;Manutenção;2002-07-01;2004-06-30;C099-Inativos;False;Inativo
1542046;MANUTENÇÃO DA SINALIZAÇÃO - LINHA F;Sem Sigla;Manutenção;2002-07-01;2004-06-30;C099-Inativos;False;Inativo
1542051;MANUTENÇÃO DE TELECOM. - LINHA A;Sem Sigla;Manutenção;2002-07-01;2004-06-30;C099-Inativos;False;Inativo
1542053;MANUTENÇÃO DE TELECOM. - LINHA C;Sem Sigla;Manutenção;2002-07-01;2004-06-30;C099-Inativos;False;Inativo
1542054;MANUTENÇÃO DE TELECOM. - LINHA D;Sem Sigla;Manutenção;2002-07-01;2004-06-30;C099-Inativos;False;Inativo
1542055;MANUTENÇÃO DE TELECOM. - LINHA E;Sem Sigla;Manutenção;2002-07-01;2004-06-30;C099-Inativos;False;Inativo
1542056;MANUTENÇÃO DE TELECOM. - LINHA F;Sem Sigla;Manutenção;2002-07-01;2004-06-30;C099-Inativos;False;Inativo
1542061;MANUTENÇÃO CORRETIVA - LINHA A;Sem Sigla;Manutenção;2002-07-01;2004-06-30;C099-Inativos;False;Inativo
1542062;MANUTENÇÃO CORRETIVA - LINHA B;Sem Sigla;Manutenção;2002-07-01;2004-06-30;C099-Inativos;False;Inativo
1542063;MANUTENÇÃO CORRETIVA - LINHA C;Sem Sigla;Manutenção;2002-07-01;2004-06-30;C099-Inativos;False;Inativo
1542064;MANUTENÇÃO CORRETIVA - LINHA D;Sem Sigla;Manutenção;2002-07-01;2004-06-30;C099-Inativos;False;Inativo
1542065;MANUTENÇÃO CORRETIVA - LINHA E;Sem Sigla;Manutenção;2002-07-01;2004-06-30;C099-Inativos;False;Inativo
1542066;MANUTENÇÃO CORRETIVA - LINHA F;Sem Sigla;Manutenção;2002-07-01;2004-06-30;C099-Inativos;False;Inativo
1542072;OFICINA ELETRÔNICA - LAPA;Sem Sigla;Manutenção;2002-07-01;2004-06-30;C099-Inativos;False;Inativo
1542073;OFICINA ELÉTRICA - PRESIDENTE ALTINO;Sem Sigla;Manutenção;2002-07-01;2004-06-30;C099-Inativos;False;Inativo
1542074;OFICINA ELÉTRICA - LAPA;Sem Sigla;Manutenção;2002-07-01;2004-06-30;C099-Inativos;False;Inativo
1543000;DEPTO DE MANUTENÇÃO DE MATERIAL RODANTE;DOMR;Manutenção;2002-07-01;2004-06-30;C099-Inativos;False;Inativo
1543012;MANUTENÇÃO DE TRENS - ABRIGO LUZ;Sem Sigla;Manutenção;2002-07-01;2004-06-30;C099-Inativos;False;Inativo
1543013;MANUT. TRENS - ABRIGO PRES. ALTINO;Sem Sigla;Manutenção;2002-07-01;2004-06-30;C099-Inativos;False;Inativo
1543014;MANUT. TRENS - ABRIGO ENGª SÃO PAULO;Sem Sigla;Manutenção;2002-07-01;2004-06-30;C099-Inativos;False;Inativo
1543015;MANUTENÇÃO DE TRENS - ABRIGO ROOSEVELT;Sem Sigla;Manutenção;2002-07-01;2004-06-30;C099-Inativos;False;Inativo
1543017;MANUT. TRENS E EQUIP. - LAPA;Sem Sigla;Manutenção;2002-07-01;2004-06-30;C099-Inativos;False;Inativo
1543018;MANUT. INDUSTRIAL - LOCOMOTIVAS E VAGÔES;Sem Sigla;Manutenção;2002-07-01;2004-06-30;C099-Inativos;False;Inativo
1543019;SERVIÇOS EXTERNOS - TRENS E EQUIPAM.;Sem Sigla;Manutenção;2002-07-01;2004-06-30;C099-Inativos;False;Inativo
1544000;DEPTO DE MANUTENÇÃO DE VIAS;DOMV;Manutenção;2002-07-01;2004-06-30;C099-Inativos;False;Inativo
1544011;MANUTENÇÃO - VIA PERMANENTE - LINHA A;Sem Sigla;Manutenção;2002-07-01;2004-06-30;C099-Inativos;False;Inativo
1544012;MANUTENÇÃO - VIA PERMANENTE - LINHA B;Sem Sigla;Manutenção;2002-07-01;2004-06-30;C099-Inativos;False;Inativo
1544013;MANUTENÇÃO - VIA PERMANENTE - LINHA C;Sem Sigla;Manutenção;2002-07-01;2004-06-30;C099-Inativos;False;Inativo
1544014;MANUTENÇÃO - VIA PERMANENTE - LINHA D;Sem Sigla;Manutenção;2002-07-01;2004-06-30;C099-Inativos;False;Inativo
1544015;MANUTENÇÃO - VIA PERMANENTE - LINHA E;Sem Sigla;Manutenção;2002-07-01;2004-06-30;C099-Inativos;False;Inativo
1545000;DEPTO MANUT. O. ARTE, EDIF. EQUIPAM.;DOMO;Manutenção;2002-07-01;2004-06-30;C099-Inativos;False;Inativo
1545011;MANUTENÇÃO DE EDIFICAÇÕES - LINHA A;Sem Sigla;Manutenção;2002-07-01;2004-06-30;C099-Inativos;False;Inativo
1545012;MANUTENÇÃO DE EDIFICAÇÕES - LINHA B;Sem Sigla;Manutenção;2002-07-01;2004-06-30;C099-Inativos;False;Inativo
1910029;SIND. TRAB. EMPR. FERROV. S.P. - STEFSP;Sem Sigla;Administrativo;2002-07-01;2004-06-30;C099-Inativos;False;Inativo
1910030;UNIVERSIDADE DE CAMPINAS - UNICAMP;Sem Sigla;Administrativo;2002-07-01;2004-06-30;C099-Inativos;False;Inativo
1920000;ENERG. ELETRICA DE TRACAO;Sem Sigla;Operacional;2002-07-01;2004-06-30;C099-Inativos;False;Inativo
1920100;ENERGIA ELÉTRICA DE TRAÇÃO - LINHA A;Sem Sigla;Operacional;2002-07-01;2004-06-30;C099-Inativos;False;Inativo
1920200;ENERGIA ELÉTRICA DE TRAÇÃO - LINHA B;Sem Sigla;Operacional;2002-07-01;2004-06-30;C099-Inativos;False;Inativo
1920300;ENERGIA ELÉTRICA DE TRAÇÃO - LINHA C;Sem Sigla;Operacional;2002-07-01;2004-06-30;C099-Inativos;False;Inativo
1920500;ENERGIA ELÉTRICA DE TRAÇÃO - LINHA E;Sem Sigla;Operacional;2002-07-01;2004-06-30;C099-Inativos;False;Inativo
1920600;ENERGIA ELÉTRICA DE TRAÇÃO - LINHA F;Sem Sigla;Operacional;2002-07-01;2004-06-30;C099-Inativos;False;Inativo
1930000;DEPRECIACAO;Sem Sigla;Administrativo;2002-07-01;2004-06-30;C099-Inativos;False;Inativo
1931001;DEPRECIAÇÃO - AF;Sem Sigla;Administrativo;2002-07-01;2004-06-30;C099-Inativos;False;Inativo
1931002;DEPRECIAÇÃO - EO;Sem Sigla;Administrativo;2002-07-01;2004-06-30;C099-Inativos;False;Inativo
1931003;DEPRECIAÇÃO - PL;Sem Sigla;Administrativo;2002-07-01;2004-06-30;C099-Inativos;False;Inativo
1931004;DEPRECIAÇÃO - PR;Sem Sigla;Administrativo;2002-07-01;2004-06-30;C099-Inativos;False;Inativo
1932100;DEPRECIAÇÃO - EDIF. DEPEND. - LINHA A;Sem Sigla;Manutenção;2002-07-01;2004-06-30;C099-Inativos;False;Inativo
1932300;DEPRECIAÇÃO - EDIF. DEPEND. - LINHA C;Sem Sigla;Manutenção;2002-07-01;2004-06-30;C099-Inativos;False;Inativo
1932400;DEPRECIAÇÃO - EDIF. DEPEND. - LINHA D;Sem Sigla;Manutenção;2002-07-01;2004-06-30;C099-Inativos;False;Inativo
1932500;DEPRECIAÇÃO - EDIF. DEPEND. - LINHA E;Sem Sigla;Manutenção;2002-07-01;2004-06-30;C099-Inativos;False;Inativo
1932600;DEPRECIAÇÃO - EDIF. DEPEND. - LINHA F;Sem Sigla;Manutenção;2002-07-01;2004-06-30;C099-Inativos;False;Inativo
1933100;DEPRECIAÇÃO - EQUIP. MÁQ. FERRAM. - A;Sem Sigla;Manutenção;2002-07-01;2004-06-30;C099-Inativos;False;Inativo
1933200;DEPRECIAÇÃO - EQUIP. MÁQ. FERRAM. - B;Sem Sigla;Manutenção;2002-07-01;2004-06-30;C099-Inativos;False;Inativo
1933400;DEPRECIAÇÃO - EQUIP. MÁQ. FERRAM. - D;Sem Sigla;Manutenção;2002-07-01;2004-06-30;C099-Inativos;False;Inativo
1933500;DEPRECIAÇÃO - EQUIP. MÁQ. FERRAM. - E;Sem Sigla;Manutenção;2002-07-01;2004-06-30;C099-Inativos;False;Inativo
1933600;DEPRECIAÇÃO - EQUIP. MÁQ. FERRAM. - F;Sem Sigla;Manutenção;2002-07-01;2004-06-30;C099-Inativos;False;Inativo
1934100;DEPRECIAÇÃO - ESTAÇÕES - LINHA A;Sem Sigla;Operacional;2002-07-01;2004-06-30;C099-Inativos;False;Inativo
1934200;DEPRECIAÇÃO - ESTAÇÕES - LINHA B;Sem Sigla;Operacional;2002-07-01;2004-06-30;C099-Inativos;False;Inativo
1934300;DEPRECIAÇÃO - ESTAÇÕES - LINHA C;Sem Sigla;Operacional;2002-07-01;2004-06-30;C099-Inativos;False;Inativo
1934400;DEPRECIAÇÃO - ESTAÇÕES - LINHA D;Sem Sigla;Operacional;2002-07-01;2004-06-30;C099-Inativos;False;Inativo
1934500;DEPRECIAÇÃO - ESTAÇÕES - LINHA E;Sem Sigla;Operacional;2002-07-01;2004-06-30;C099-Inativos;False;Inativo
1934600;DEPRECIAÇÃO - ESTAÇÕES - LINHA F;Sem Sigla;Operacional;2002-07-01;2004-06-30;C099-Inativos;False;Inativo
1935100;DEPRECIAÇÃO - SIST. ELÉTR. ELETRÔN. - A;Sem Sigla;Manutenção;2002-07-01;2004-06-30;C099-Inativos;False;Inativo
1935200;DEPRECIAÇÃO - SIST. ELÉTR. ELETRÔN. - B;Sem Sigla;Manutenção;2002-07-01;2004-06-30;C099-Inativos;False;Inativo
1935300;DEPRECIAÇÃO - SIST. ELÉTR. ELETRÔN. - C;Sem Sigla;Manutenção;2002-07-01;2004-06-30;C099-Inativos;False;Inativo
1935400;DEPRECIAÇÃO - SIST. ELÉTR. ELETRÔN. - D;Sem Sigla;Manutenção;2002-07-01;2004-06-30;C099-Inativos;False;Inativo
1935500;DEPRECIAÇÃO - SIST. ELÉTR. ELETRÔN. - E;Sem Sigla;Manutenção;2002-07-01;2004-06-30;C099-Inativos;False;Inativo
1936100;DEPRECIAÇÃO - SUPERESTR. V. P. - A;Sem Sigla;Manutenção;2002-07-01;2004-06-30;C099-Inativos;False;Inativo
1936200;DEPRECIAÇÃO - SUPERESTR. V. P. - B;Sem Sigla;Manutenção;2002-07-01;2004-06-30;C099-Inativos;False;Inativo
1936300;DEPRECIAÇÃO - SUPERESTR. V. P. - C;Sem Sigla;Manutenção;2002-07-01;2004-06-30;C099-Inativos;False;Inativo
1936400;DEPRECIAÇÃO - SUPERESTR. V. P. - D;Sem Sigla;Manutenção;2002-07-01;2004-06-30;C099-Inativos;False;Inativo
1936500;DEPRECIAÇÃO - SUPERESTR. V. P. - E;Sem Sigla;Manutenção;2002-07-01;2004-06-30;C099-Inativos;False;Inativo
1937200;DEPRECIAÇÃO - TUE´s E LOCOM. - LINHA B;Sem Sigla;Operacional;2002-07-01;2004-06-30;C099-Inativos;False;Inativo
1937300;DEPRECIAÇÃO - TUE´s E LOCOM. - LINHA C;Sem Sigla;Operacional;2002-07-01;2004-06-30;C099-Inativos;False;Inativo
1937500;DEPRECIAÇÃO - TUE´s E LOCOM. - LINHA E;Sem Sigla;Operacional;2002-07-01;2004-06-30;C099-Inativos;False;Inativo
1937600;DEPRECIAÇÃO - TUE´s E LOCOM. - LINHA F;Sem Sigla;Operacional;2002-07-01;2004-06-30;C099-Inativos;False;Inativo
1938001;DEPRECIAÇÃO - VEÍCULOS RODOV. - MANUT.;Sem Sigla;Manutenção;2002-07-01;2004-06-30;C099-Inativos;False;Inativo
1990000;CENTRO DE CUSTOS INATIVOS;Sem Sigla;Administrativo;2002-07-01;2004-06-30;C099-Inativos;False;Inativo
1990001;PRESIDÊNCIA;Sem Sigla;Produtivo;2002-07-01;2003-08-31;C099-Inativos;False;Inativo
1990002;PRESIDÊNCIA;Sem Sigla;Produtivo;2002-07-01;2003-08-31;C099-Inativos;False;Inativo
1990003;PRESIDÊNCIA;Sem Sigla;Produtivo;2002-07-01;2003-08-31;C099-Inativos;False;Inativo
1990004;PRESIDÊNCIA;Sem Sigla;Produtivo;2002-07-01;2003-08-31;C099-Inativos;False;Inativo
1990005;GABINETE DA PRESIDÊNCIA;Sem Sigla;Produtivo;2002-07-01;2003-08-31;C099-Inativos;False;Inativo
1990006;GABINETE DA PRESIDÊNCIA;Sem Sigla;Produtivo;2002-07-01;2003-08-31;C099-Inativos;False;Inativo
1990007;GABINETE DA PRESIDÊNCIA;Sem Sigla;Produtivo;2002-07-01;2003-08-31;C099-Inativos;False;Inativo
1990008;GABINETE DA PRESIDÊNCIA;Sem Sigla;Produtivo;2002-07-01;2003-08-31;C099-Inativos;False;Inativo
1990009;AUDITORIA GERAL;Sem Sigla;Produtivo;2002-07-01;2003-08-31;C099-Inativos;False;Inativo
1990010;AUDITORIA GERAL;Sem Sigla;Produtivo;2002-07-01;2003-08-31;C099-Inativos;False;Inativo
1990011;AUDITORIA GERAL;Sem Sigla;Produtivo;2002-07-01;2003-08-31;C099-Inativos;False;Inativo
1990012;AUDITORIA GERAL;Sem Sigla;Produtivo;2002-07-01;2003-08-31;C099-Inativos;False;Inativo
1990013;DESENV. ORGANIZACIONAL E ADM.;Sem Sigla;Produtivo;2002-07-01;2003-08-31;C099-Inativos;False;Inativo
1990014;DESENV. ORGANIZACIONAL E ADM.;Sem Sigla;Produtivo;2002-07-01;2003-08-31;C099-Inativos;False;Inativo
1990016;DESENV. ORGANIZACIONAL E ADM.;Sem Sigla;Produtivo;2002-07-01;2003-08-31;C099-Inativos;False;Inativo
1990017;ADMINSTRTIVA E FINANCEIRA;Sem Sigla;Produtivo;2002-07-01;2003-08-31;C099-Inativos;False;Inativo
1990018;ADMINSTRTIVA E FINANCEIRA;Sem Sigla;Produtivo;2002-07-01;2003-08-31;C099-Inativos;False;Inativo
1990019;ADMINSTRTIVA E FINANCEIRA;Sem Sigla;Produtivo;2002-07-01;2003-08-31;C099-Inativos;False;Inativo
1990020;ADMINSTRTIVA E FINANCEIRA;Sem Sigla;Produtivo;2002-07-01;2003-08-31;C099-Inativos;False;Inativo
1990021;ADMINSTRTIVA E FINANCEIRA;Sem Sigla;Produtivo;2002-07-01;2003-08-31;C099-Inativos;False;Inativo
1990022;SUPRIMENTO;Sem Sigla;Produtivo;2002-07-01;2003-08-31;C099-Inativos;False;Inativo
1990023;SUPRIMENTO;Sem Sigla;Produtivo;2002-07-01;2003-08-31;C099-Inativos;False;Inativo
1990024;SUPRIMENTO;Sem Sigla;Produtivo;2002-07-01;2003-08-31;C099-Inativos;False;Inativo
1990025;SUPRIMENTO;Sem Sigla;Produtivo;2002-07-01;2003-08-31;C099-Inativos;False;Inativo
1990026;MATERIAIS;Sem Sigla;Produtivo;2002-07-01;2003-08-31;C099-Inativos;False;Inativo
1990027;MATERIAIS;Sem Sigla;Produtivo;2002-07-01;2003-08-31;C099-Inativos;False;Inativo
1990028;MATERIAIS;Sem Sigla;Produtivo;2002-07-01;2003-08-31;C099-Inativos;False;Inativo
1990030;FINANÇAS E CONTROLE;Sem Sigla;Produtivo;2002-07-01;2003-08-31;C099-Inativos;False;Inativo
1990031;FINANÇAS E CONTROLE;Sem Sigla;Produtivo;2002-07-01;2003-08-31;C099-Inativos;False;Inativo
1990032;FINANÇAS E CONTROLE;Sem Sigla;Produtivo;2002-07-01;2003-08-31;C099-Inativos;False;Inativo
1990033;CONTROLE;Sem Sigla;Produtivo;2002-07-01;2003-08-31;C099-Inativos;False;Inativo
1990034;CONTROLE;Sem Sigla;Produtivo;2002-07-01;2003-08-31;C099-Inativos;False;Inativo
1990035;CONTROLE;Sem Sigla;Produtivo;2002-07-01;2003-08-31;C099-Inativos;False;Inativo
1990036;FINANÇAS;Sem Sigla;Produtivo;2002-07-01;2003-08-31;C099-Inativos;False;Inativo
1990037;FINANÇAS;Sem Sigla;Produtivo;2002-07-01;2003-08-31;C099-Inativos;False;Inativo
1990038;FINANÇAS;Sem Sigla;Produtivo;2002-07-01;2003-08-31;C099-Inativos;False;Inativo
1990039;PATRIMONIO E SERV. GERAIS;Sem Sigla;Produtivo;2002-07-01;2003-08-31;C099-Inativos;False;Inativo
1990040;PATRIMONIO E SERV. GERAIS;Sem Sigla;Produtivo;2002-07-01;2003-08-31;C099-Inativos;False;Inativo
1990041;PATRIMONIO E SERV. GERAIS;Sem Sigla;Produtivo;2002-07-01;2003-08-31;C099-Inativos;False;Inativo
1990042;PATRIMONIO E SERV. GERAIS;Sem Sigla;Produtivo;2002-07-01;2003-08-31;C099-Inativos;False;Inativo
1990043;ADM.;Sem Sigla;Produtivo;2002-07-01;2003-08-31;C099-Inativos;False;Inativo
1990044;ADM.;Sem Sigla;Produtivo;2002-07-01;2003-08-31;C099-Inativos;False;Inativo
1990045;ADM.;Sem Sigla;Produtivo;2002-07-01;2003-08-31;C099-Inativos;False;Inativo
1990046;JURÍDICO;Sem Sigla;Produtivo;2002-07-01;2003-08-31;C099-Inativos;False;Inativo
1990047;JURÍDICO;Sem Sigla;Produtivo;2002-07-01;2003-08-31;C099-Inativos;False;Inativo
1990048;JURÍDICO;Sem Sigla;Produtivo;2002-07-01;2003-08-31;C099-Inativos;False;Inativo
1990049;JURÍDICO;Sem Sigla;Produtivo;2002-07-01;2003-08-31;C099-Inativos;False;Inativo
1990050;PLANEJAMENTO;Sem Sigla;Produtivo;2002-07-01;2003-08-31;C099-Inativos;False;Inativo
1990051;PLANEJAMENTO;Sem Sigla;Produtivo;2002-07-01;2003-08-31;C099-Inativos;False;Inativo
1990052;PLANEJAMENTO;Sem Sigla;Produtivo;2002-07-01;2003-08-31;C099-Inativos;False;Inativo
1990053;PLANEJAMENTO;Sem Sigla;Produtivo;2002-07-01;2003-08-31;C099-Inativos;False;Inativo
1990054;PLANEJAMENTO;Sem Sigla;Produtivo;2002-07-01;2003-08-31;C099-Inativos;False;Inativo
1990056;PLANEJAMENTO E MONITORAÇÃO DA QUALIDADE;Sem Sigla;Produtivo;2002-07-01;2003-08-31;C099-Inativos;False;Inativo
1990057;PLANEJAMENTO E MONITORAÇÃO DA QUALIDADE;Sem Sigla;Produtivo;2002-07-01;2003-08-31;C099-Inativos;False;Inativo
1990058;PLANEJAMENTO E MONITORAÇÃO DA QUALIDADE;Sem Sigla;Produtivo;2002-07-01;2003-08-31;C099-Inativos;False;Inativo
1990059;PROJ. DE TRANSP.;Sem Sigla;Produtivo;2002-07-01;2003-08-31;C099-Inativos;False;Inativo
1990060;PROJ. DE TRANSP.;Sem Sigla;Produtivo;2002-07-01;2003-08-31;C099-Inativos;False;Inativo
1990061;PROJ. DE TRANSP.;Sem Sigla;Produtivo;2002-07-01;2003-08-31;C099-Inativos;False;Inativo
1990062;PROJ. DE TRANSP.;Sem Sigla;Produtivo;2002-07-01;2003-08-31;C099-Inativos;False;Inativo
1990063;PLANEJAMENTO EMPRESARIAL;Sem Sigla;Produtivo;2002-07-01;2003-08-31;C099-Inativos;False;Inativo
1990065;PLANEJAMENTO EMPRESARIAL;Sem Sigla;Produtivo;2002-07-01;2003-08-31;C099-Inativos;False;Inativo
1990066;PLANEJAMENTO EMPRESARIAL;Sem Sigla;Produtivo;2002-07-01;2003-08-31;C099-Inativos;False;Inativo
1990067;TECNOLOGIA DA INF.;Sem Sigla;Produtivo;2002-07-01;2003-08-31;C099-Inativos;False;Inativo
1990068;TECNOLOGIA DA INF.;Sem Sigla;Produtivo;2002-07-01;2003-08-31;C099-Inativos;False;Inativo
1990069;TECNOLOGIA DA INF.;Sem Sigla;Produtivo;2002-07-01;2003-08-31;C099-Inativos;False;Inativo
1990070;TECNOLOGIA DA INF.;Sem Sigla;Produtivo;2002-07-01;2003-08-31;C099-Inativos;False;Inativo
1990071;ENGENHARIA E OBRAS;Sem Sigla;Produtivo;2002-07-01;2003-08-31;C099-Inativos;False;Inativo
1990072;ENGENHARIA E OBRAS;Sem Sigla;Produtivo;2002-07-01;2003-08-31;C099-Inativos;False;Inativo
1990073;ENGENHARIA E OBRAS;Sem Sigla;Produtivo;2002-07-01;2003-08-31;C099-Inativos;False;Inativo
1990074;ENGENHARIA E OBRAS;Sem Sigla;Produtivo;2002-07-01;2003-08-31;C099-Inativos;False;Inativo
1990075;ENGENHARIA E OBRAS;Sem Sigla;Produtivo;2002-07-01;2003-08-31;C099-Inativos;False;Inativo
1990077;COORDENAÇÃO DE PROJ.;Sem Sigla;Produtivo;2002-07-01;2003-08-31;C099-Inativos;False;Inativo
1990447;SEG.PATRIMONIAL-LINHA D-EXEC;Sem Sigla;Produtivo;1900-01-01;2002-06-30;C099-Inativos;False;Inativo
1990449;SEG.PATRIMONIAL-LINHA B/C-CHEFIA;Sem Sigla;Produtivo;1900-01-01;2002-06-30;C099-Inativos;False;Inativo
1990450;SEG.PATRIMONIAL-LINHA B-EXEC;Sem Sigla;Produtivo;1900-01-01;2002-06-30;C099-Inativos;False;Inativo
1990451;SEG.PATRIMONIAL-LINHA C-EXEC;Sem Sigla;Produtivo;1900-01-01;2002-06-30;C099-Inativos;False;Inativo
1990452;SEG.PATRIMONIAL-LINHA E/F;Sem Sigla;Produtivo;1900-01-01;2002-06-30;C099-Inativos;False;Inativo
1990453;SEG.PATRIMONIAL-LINHA E/F-CHEFIA;Sem Sigla;Produtivo;1900-01-01;2002-06-30;C099-Inativos;False;Inativo
1990455;SEG.PATRIMONIAL-LINHA F-EXEC;Sem Sigla;Produtivo;1900-01-01;2002-06-30;C099-Inativos;False;Inativo
1990457;SEG.PATRIMONIAL-EXPRESSO LESTE;Sem Sigla;Produtivo;1900-01-01;2002-06-30;C099-Inativos;False;Inativo
1990458;SEG.PATRIMONIAL-EXPRESSO LESTE;Sem Sigla;Produtivo;1900-01-01;2002-06-30;C099-Inativos;False;Inativo
1990459;PATRIMONIO;Sem Sigla;Produtivo;1900-01-01;2002-06-30;C099-Inativos;False;Inativo
1990460;PATRIMONIO;Sem Sigla;Produtivo;1900-01-01;2002-06-30;C099-Inativos;False;Inativo
1990461;PATRIMONIO;Sem Sigla;Produtivo;1900-01-01;2002-06-30;C099-Inativos;False;Inativo
1990462;DEPTO. DE PATRIMONIO;Sem Sigla;Produtivo;1900-01-01;2002-06-30;C099-Inativos;False;Inativo
1990463;RECURSOS ADM.;Sem Sigla;Produtivo;1900-01-01;2002-06-30;C099-Inativos;False;Inativo
1990464;RECURSOS ADM.;Sem Sigla;Produtivo;1900-01-01;2002-06-30;C099-Inativos;False;Inativo
1990465;RECURSOS ADM.;Sem Sigla;Produtivo;1900-01-01;2002-06-30;C099-Inativos;False;Inativo
1990467;SIST. E PROCESSOS;Sem Sigla;Produtivo;1900-01-01;2002-06-30;C099-Inativos;False;Inativo
1990468;SIST. E PROCESSOS;Sem Sigla;Produtivo;1900-01-01;2002-06-30;C099-Inativos;False;Inativo
1990469;SIST. E PROCESSOS;Sem Sigla;Produtivo;1900-01-01;2002-06-30;C099-Inativos;False;Inativo
1990470;DEPTO. DE SIST. E PROCESSOS;Sem Sigla;Produtivo;1900-01-01;2002-06-30;C099-Inativos;False;Inativo
1990471;INF. E DOCUMENTAÇÃO;Sem Sigla;Produtivo;1900-01-01;2002-06-30;C099-Inativos;False;Inativo
1990473;INF. E DOCUMENTAÇÃO;Sem Sigla;Produtivo;1900-01-01;2002-06-30;C099-Inativos;False;Inativo
1990474;DEPTO.DE INF. E DOCUMENTAÇÃO;Sem Sigla;Produtivo;1900-01-01;2002-06-30;C099-Inativos;False;Inativo
1990475;OBRAS CIVIS E VIA PERM.;Sem Sigla;Produtivo;1900-01-01;2002-06-30;C099-Inativos;False;Inativo
1990476;OBRAS CIVIS E VIA PERM.;Sem Sigla;Produtivo;1900-01-01;2002-06-30;C099-Inativos;False;Inativo
1990477;OBRAS CIVIS E VIA PERM.;Sem Sigla;Produtivo;1900-01-01;2002-06-30;C099-Inativos;False;Inativo
1990479;IMPLANTAÇÃO DE SIST.;Sem Sigla;Produtivo;1900-01-01;2002-06-30;C099-Inativos;False;Inativo
1990480;IMPLANTAÇÃO DE SIST.;Sem Sigla;Produtivo;1900-01-01;2002-06-30;C099-Inativos;False;Inativo
1990481;IMPLANTAÇÃO DE SIST.;Sem Sigla;Produtivo;1900-01-01;2002-06-30;C099-Inativos;False;Inativo
1990483;ENGENHARIA DE INFRAEST.- LAPA - PATIO;Sem Sigla;Produtivo;1900-01-01;2002-06-30;C099-Inativos;False;Inativo
1990484;ENGENHARIA DE SIST. - LAPA - PATIO;Sem Sigla;Produtivo;1900-01-01;2002-06-30;C099-Inativos;False;Inativo
1990485;MOVIMENTO DE TRENS EXPRESSO LESTE;Sem Sigla;Produtivo;1900-01-01;2002-06-30;C099-Inativos;False;Inativo
1990486;MOVIMENTO DE TRENS EXPRESSO LESTE;Sem Sigla;Produtivo;1900-01-01;2002-06-30;C099-Inativos;False;Inativo
1990487;ESCALA MAQUINISTAS BRAS;Sem Sigla;Produtivo;1900-01-01;2002-06-30;C099-Inativos;False;Inativo
1990489;MOVIMENTO DE TRENS LINHA E;Sem Sigla;Produtivo;1900-01-01;2002-06-30;C099-Inativos;False;Inativo
1990490;MOVIMENTO DE TRENS LINHA E-EXEC;Sem Sigla;Produtivo;1900-01-01;2002-06-30;C099-Inativos;False;Inativo
1990491;ESCALA MAQUINISTAS GUAIANASES-LINHA E;Sem Sigla;Produtivo;1900-01-01;2002-06-30;C099-Inativos;False;Inativo
1990492;MOVIMENTO DE TRENS LINHA F-EXEC;Sem Sigla;Produtivo;1900-01-01;2002-06-30;C099-Inativos;False;Inativo
1990493;ESCALA MAQUINISTAS ITAIM PAULISTA;Sem Sigla;Produtivo;1900-01-01;2002-06-30;C099-Inativos;False;Inativo
1990495;LIMPEZA DE TUE´s NOS TERMINAIS-EXPRE;Sem Sigla;Produtivo;1900-01-01;2002-06-30;C099-Inativos;False;Inativo
1990498;CTRL. DE TRÁFEGO LINHA F;Sem Sigla;Produtivo;1900-01-01;2002-06-30;C099-Inativos;False;Inativo
1990499;CTRL. DE TRÁFEGO LINHA F-EXEC;Sem Sigla;Produtivo;1900-01-01;2002-06-30;C099-Inativos;False;Inativo
1990500;ORCA-EXPRESSO LESTE;Sem Sigla;Produtivo;1900-01-01;2002-06-30;C099-Inativos;False;Inativo
1990501;ORCA-EXPRESSO LESTE (DOM BOSCO E JOSÉ;Sem Sigla;Produtivo;1900-01-01;2002-06-30;C099-Inativos;False;Inativo
1990502;ORCA-EXPRESSO LESTE (DOM BOSCO E JOSÉ;Sem Sigla;Produtivo;1900-01-01;2002-06-30;C099-Inativos;False;Inativo
1990504;ESCALA MAQUINISTAS FRANCISCO MORATO;Sem Sigla;Produtivo;1900-01-01;2002-06-30;C099-Inativos;False;Inativo
1990505;ESCALA MAQUINISTAS LUZ;Sem Sigla;Produtivo;1900-01-01;2002-06-30;C099-Inativos;False;Inativo
1990506;ESCALA MAQUINISTAS MAUÁ;Sem Sigla;Produtivo;1900-01-01;2002-06-30;C099-Inativos;False;Inativo
1990507;CTRL. DE TRÁFEGO LINHAS A;Sem Sigla;Produtivo;1900-01-01;2002-06-30;C099-Inativos;False;Inativo
1990508;CTRL. DE TRÁFEGO LINHAS A-EXEC;Sem Sigla;Produtivo;1900-01-01;2002-06-30;C099-Inativos;False;Inativo
1990509;CTRL. DE TRÁFEGO LINHA D;Sem Sigla;Produtivo;1900-01-01;2002-06-30;C099-Inativos;False;Inativo
1990511;ORCA-LINHA D-LUZ;Sem Sigla;Produtivo;1900-01-01;2002-06-30;C099-Inativos;False;Inativo
1990512;ORCA-LINHA D-LUZ;Sem Sigla;Produtivo;1900-01-01;2002-06-30;C099-Inativos;False;Inativo
1990513;ORCA-LINHA D-LUZ;Sem Sigla;Produtivo;1900-01-01;2002-06-30;C099-Inativos;False;Inativo
1990514;SEG.OPER. LINHA D;Sem Sigla;Produtivo;1900-01-01;2002-06-30;C099-Inativos;False;Inativo
1990515;ESCALA MAQUINISTAS JULIO PRESTES;Sem Sigla;Produtivo;1900-01-01;2002-06-30;C099-Inativos;False;Inativo
1990517;ESCALA MAQUINISTAS OSASCO;Sem Sigla;Produtivo;1900-01-01;2002-06-30;C099-Inativos;False;Inativo
1990518;ESCALA MAQUINISTAS ITAPEVI;Sem Sigla;Produtivo;1900-01-01;2002-06-30;C099-Inativos;False;Inativo
1990519;CTRL. DE TRÁFEGO LINHA B-EXEC;Sem Sigla;Produtivo;1900-01-01;2002-06-30;C099-Inativos;False;Inativo
1990521;CTRL. DE TRÁFEGO LINHA C-EXEC;Sem Sigla;Produtivo;1900-01-01;2002-06-30;C099-Inativos;False;Inativo
1990522;POSTO CTRL. LOCAL-GRAJAÚ;Sem Sigla;Produtivo;1900-01-01;2002-06-30;C099-Inativos;False;Inativo
1990523;POSTO CTRL. LOCAL-INTERLAGOS;Sem Sigla;Produtivo;1900-01-01;2002-06-30;C099-Inativos;False;Inativo
1990078;COORDENAÇÃO DE PROJ.;Sem Sigla;Produtivo;2002-07-01;2003-08-31;C099-Inativos;False;Inativo
1990079;COORDENAÇÃO DE PROJ.;Sem Sigla;Produtivo;2002-07-01;2003-08-31;C099-Inativos;False;Inativo
1990080;OBRAS E MONTAGENS;Sem Sigla;Produtivo;2002-07-01;2003-08-31;C099-Inativos;False;Inativo
1990081;OBRAS E MONTAGENS;Sem Sigla;Produtivo;2002-07-01;2003-08-31;C099-Inativos;False;Inativo
1990082;OBRAS E MONTAGENS;Sem Sigla;Produtivo;2002-07-01;2003-08-31;C099-Inativos;False;Inativo
1990083;OBRAS E MONTAGENS;Sem Sigla;Produtivo;2002-07-01;2003-08-31;C099-Inativos;False;Inativo
1990084;CONTROLE E GESTÃO;Sem Sigla;Produtivo;2002-07-01;2003-08-31;C099-Inativos;False;Inativo
1990085;CONTROLE E GESTÃO;Sem Sigla;Produtivo;2002-07-01;2003-08-31;C099-Inativos;False;Inativo
1990086;CONTROLE E GESTÃO;Sem Sigla;Produtivo;2002-07-01;2003-08-31;C099-Inativos;False;Inativo
1990087;CONTROLE E GESTÃO;Sem Sigla;Produtivo;2002-07-01;2003-08-31;C099-Inativos;False;Inativo
1990089;ENGENHARIA DE INFRAESTRUTURA;Sem Sigla;Produtivo;2002-07-01;2003-08-31;C099-Inativos;False;Inativo
1990090;ENGENHARIA DE INFRAESTRUTURA;Sem Sigla;Produtivo;2002-07-01;2003-08-31;C099-Inativos;False;Inativo
1990091;ENGENHARIA DE INFRAESTRUTURA;Sem Sigla;Produtivo;2002-07-01;2003-08-31;C099-Inativos;False;Inativo
1990092;ENGENHARIA DE SIST.;Sem Sigla;Produtivo;2002-07-01;2003-08-31;C099-Inativos;False;Inativo
1990093;ENGENHARIA DE SIST.;Sem Sigla;Produtivo;2002-07-01;2003-08-31;C099-Inativos;False;Inativo
1990094;ENGENHARIA DE SIST.;Sem Sigla;Produtivo;2002-07-01;2003-08-31;C099-Inativos;False;Inativo
1990095;ENGENHARIA DE SIST.;Sem Sigla;Produtivo;2002-07-01;2003-08-31;C099-Inativos;False;Inativo
1990096;OPERAÇÃO E MANUTENÇÃO;Sem Sigla;Produtivo;2002-07-01;2003-08-31;C099-Inativos;False;Inativo
1990097;OPERAÇÃO E MANUTENÇÃO;Sem Sigla;Produtivo;2002-07-01;2003-08-31;C099-Inativos;False;Inativo
1990099;OPERAÇÃO E MANUTENÇÃO;Sem Sigla;Produtivo;2002-07-01;2003-08-31;C099-Inativos;False;Inativo
1990100;OPERAÇÃO E MANUTENÇÃO;Sem Sigla;Produtivo;2002-07-01;2003-08-31;C099-Inativos;False;Inativo
1990101;OPERERAÇÃO E MANUTENÇÃO;Sem Sigla;Produtivo;2002-07-01;2003-08-31;C099-Inativos;False;Inativo
1990102;OPER.-LINHAS E-F;Sem Sigla;Produtivo;2002-07-01;2003-08-31;C099-Inativos;False;Inativo
1990103;OPER.-LINHAS E-F;Sem Sigla;Produtivo;2002-07-01;2003-08-31;C099-Inativos;False;Inativo
1990104;OPER.-LINHAS E-F;Sem Sigla;Produtivo;2002-07-01;2003-08-31;C099-Inativos;False;Inativo
1990105;OPER.-LINHAS E-F;Sem Sigla;Produtivo;2002-07-01;2003-08-31;C099-Inativos;False;Inativo
1990109;MOVIMENTO DE TRENS;Sem Sigla;Produtivo;2002-07-01;2003-08-31;C099-Inativos;False;Inativo
1990110;MOVIMENTO DE TRENS LINHA E;Sem Sigla;Produtivo;2002-07-01;2003-08-31;C099-Inativos;False;Inativo
1990111;MOVIMENTO DE TRENS LINHA F;Sem Sigla;Produtivo;2002-07-01;2003-08-31;C099-Inativos;False;Inativo
1990112;LIMPEZA DE TUE´s NOS TERMINAIS;Sem Sigla;Produtivo;2002-07-01;2003-08-31;C099-Inativos;False;Inativo
1990113;LIMPEZA DE TUE´s NOS TERMINAIS-LINHA;Sem Sigla;Produtivo;2002-07-01;2003-08-31;C099-Inativos;False;Inativo
1990114;LIMPEZA DE TUE´s NOS TERMINAIS-LINHA;Sem Sigla;Produtivo;2002-07-01;2003-08-31;C099-Inativos;False;Inativo
1990115;SOCORRO A ACIDENTES;Sem Sigla;Produtivo;2002-07-01;2003-08-31;C099-Inativos;False;Inativo
1990117;SOCORRO A ACIDENTES-LINHA F;Sem Sigla;Produtivo;2002-07-01;2003-08-31;C099-Inativos;False;Inativo
1990118;CTRL. DE TRÁFEGO;Sem Sigla;Produtivo;2002-07-01;2003-08-31;C099-Inativos;False;Inativo
1990119;CTRL. DE TRÁFEGO-CCO BRAS;Sem Sigla;Produtivo;2002-07-01;2003-08-31;C099-Inativos;False;Inativo
1990120;ESTAÇÕES,SEG.E MANUT. CIVIL LINH;Sem Sigla;Produtivo;2002-07-01;2003-08-31;C099-Inativos;False;Inativo
1990121;ESTAÇÕES,SEG.E MANUT. CIVIL LINH;Sem Sigla;Produtivo;2002-07-01;2003-08-31;C099-Inativos;False;Inativo
1990122;ESTAÇÕES,SEG.E MANUT. CIVIL LINH;Sem Sigla;Produtivo;2002-07-01;2003-08-31;C099-Inativos;False;Inativo
1990124;OPER. DE ESTAÇÕES (EXPRESSO LESTE);Sem Sigla;Produtivo;2002-07-01;2003-08-31;C099-Inativos;False;Inativo
1990125;ESTAÇÕES (EXPRESSO LESTE);Sem Sigla;Produtivo;2002-07-01;2003-08-31;C099-Inativos;False;Inativo
1990126;OPER. DE ESTAÇÕES LINHA E;Sem Sigla;Produtivo;2002-07-01;2003-08-31;C099-Inativos;False;Inativo
1990127;OPER. DE ESTAÇÕES LINHA E;Sem Sigla;Produtivo;2002-07-01;2003-08-31;C099-Inativos;False;Inativo
1990128;ESTAÇÕES LINHA E;Sem Sigla;Produtivo;2002-07-01;2003-08-31;C099-Inativos;False;Inativo
1990129;OPER. DE ESTAÇÕES LINHA F;Sem Sigla;Produtivo;2002-07-01;2003-08-31;C099-Inativos;False;Inativo
1990130;OPER. DE ESTAÇÕES LINHA F;Sem Sigla;Produtivo;2002-07-01;2003-08-31;C099-Inativos;False;Inativo
1990131;OPER. DE ESTAÇÕES LINHA F;Sem Sigla;Produtivo;2002-07-01;2003-08-31;C099-Inativos;False;Inativo
1990133;OPER.-LINHAS A-D;Sem Sigla;Produtivo;2002-07-01;2003-08-31;C099-Inativos;False;Inativo
1990134;OPER.-LINHAS A-D;Sem Sigla;Produtivo;2002-07-01;2003-08-31;C099-Inativos;False;Inativo
1990135;OPER.-LINHAS A-D;Sem Sigla;Produtivo;2002-07-01;2003-08-31;C099-Inativos;False;Inativo
1990136;CIRCULAÇÃO E CONDUÇÃO-LINHAS A-D;Sem Sigla;Produtivo;2002-07-01;2003-08-31;C099-Inativos;False;Inativo
1990137;CIRCULAÇÃO E CONDUÇÃO-LINHAS A-D;Sem Sigla;Produtivo;2002-07-01;2003-08-31;C099-Inativos;False;Inativo
1990138;CIRCULAÇÃO E CONDUÇÃO-LINHAS A-D;Sem Sigla;Produtivo;2002-07-01;2003-08-31;C099-Inativos;False;Inativo
1990139;LAVADOR DE CARROS;Sem Sigla;Produtivo;2002-07-01;2003-08-31;C099-Inativos;False;Inativo
1990141;MOVIMENTO DE TRENS;Sem Sigla;Produtivo;2002-07-01;2003-08-31;C099-Inativos;False;Inativo
1990142;MOVIMENTO DE TRENS LINHAS A;Sem Sigla;Produtivo;2002-07-01;2003-08-31;C099-Inativos;False;Inativo
1990143;MOVIMENTO DE TRENS LINHA D;Sem Sigla;Produtivo;2002-07-01;2003-08-31;C099-Inativos;False;Inativo
1990144;LIMPEZA DE TUE´s NOS TERMINAIS;Sem Sigla;Produtivo;2002-07-01;2003-08-31;C099-Inativos;False;Inativo
1990145;LIMPEZA DE TUE´s NOS TERMINAIS-LINHA;Sem Sigla;Produtivo;2002-07-01;2003-08-31;C099-Inativos;False;Inativo
1990146;LIMPEZA DE TUE´s NOS TERMINAIS-LINHA;Sem Sigla;Produtivo;2002-07-01;2003-08-31;C099-Inativos;False;Inativo
1990147;SOCORRO A ACIDENTES;Sem Sigla;Produtivo;2002-07-01;2003-08-31;C099-Inativos;False;Inativo
1990149;SOCORRO A ACIDENTES-LINHA D;Sem Sigla;Produtivo;2002-07-01;2003-08-31;C099-Inativos;False;Inativo
1990150;CTRL. DE TRÁFEGO;Sem Sigla;Produtivo;2002-07-01;2003-08-31;C099-Inativos;False;Inativo
1990151;CTRL. DE TRÁFEGO-CCO;Sem Sigla;Produtivo;2002-07-01;2003-08-31;C099-Inativos;False;Inativo
1990152;ESTAÇÕES,SEG.E MANUT. CIVIL LINH;Sem Sigla;Produtivo;2002-07-01;2003-08-31;C099-Inativos;False;Inativo
1990153;ESTAÇÕES,SEG.E MANUT. CIVIL LINH;Sem Sigla;Produtivo;2002-07-01;2003-08-31;C099-Inativos;False;Inativo
1990154;ESTAÇÕES,SEG.E MANUT. CIVIL LINH;Sem Sigla;Produtivo;2002-07-01;2003-08-31;C099-Inativos;False;Inativo
1990156;OPER. DE ESTAÇÕES LINHA D;Sem Sigla;Produtivo;2002-07-01;2003-08-31;C099-Inativos;False;Inativo
1990157;ESTAÇÕES LINHA D;Sem Sigla;Produtivo;2002-07-01;2003-08-31;C099-Inativos;False;Inativo
1990158;OPER. DE ESTAÇÕES LINHA A;Sem Sigla;Produtivo;2002-07-01;2003-08-31;C099-Inativos;False;Inativo
1990159;OPER. DE ESTAÇÕES LINHA A;Sem Sigla;Produtivo;2002-07-01;2003-08-31;C099-Inativos;False;Inativo
1990160;ESTAÇÕES LINHA A;Sem Sigla;Produtivo;2002-07-01;2003-08-31;C099-Inativos;False;Inativo
1990161;OPERAÇÕES-LINHAS B-C;Sem Sigla;Produtivo;2002-07-01;2003-08-31;C099-Inativos;False;Inativo
1990162;OPERAÇÕES-LINHAS B-C;Sem Sigla;Produtivo;2002-07-01;2003-08-31;C099-Inativos;False;Inativo
1990163;OPERAÇÕES-LINHAS B-C;Sem Sigla;Produtivo;2002-07-01;2003-08-31;C099-Inativos;False;Inativo
1990164;OPERAÇÕES-LINHAS B-C;Sem Sigla;Produtivo;2002-07-01;2003-08-31;C099-Inativos;False;Inativo
1990167;CIRCULAÇÃO E CONDUÇÃO-LINHAS B-C;Sem Sigla;Produtivo;2002-07-01;2003-08-31;C099-Inativos;False;Inativo
1990168;LAVADOR DE CARROS;Sem Sigla;Produtivo;2002-07-01;2003-08-31;C099-Inativos;False;Inativo
1990169;LAVADOR DE CARROS PRES. ALTINO;Sem Sigla;Produtivo;2002-07-01;2003-08-31;C099-Inativos;False;Inativo
1990170;MOVIMENTO DE TRENS;Sem Sigla;Produtivo;2002-07-01;2003-08-31;C099-Inativos;False;Inativo
1990171;MOVIMENTO DE TRENS LINHA B;Sem Sigla;Produtivo;2002-07-01;2003-08-31;C099-Inativos;False;Inativo
1990172;MOVIMENTO DE TRENS LINHA C;Sem Sigla;Produtivo;2002-07-01;2003-08-31;C099-Inativos;False;Inativo
1990173;LIMPEZA DE TUE´s NOS TERMINAIS;Sem Sigla;Produtivo;2002-07-01;2003-08-31;C099-Inativos;False;Inativo
1990175;LIMPEZA DE TUE´s NOS TERMINAIS-LINHA;Sem Sigla;Produtivo;2002-07-01;2003-08-31;C099-Inativos;False;Inativo
1990176;SOCORRO A ACIDENTES;Sem Sigla;Produtivo;2002-07-01;2003-08-31;C099-Inativos;False;Inativo
1990177;SOCORRO A ACIDENTES-LINHA B;Sem Sigla;Produtivo;2002-07-01;2003-08-31;C099-Inativos;False;Inativo
1990178;SOCORRO A ACIDENTES-LINHA C;Sem Sigla;Produtivo;2002-07-01;2003-08-31;C099-Inativos;False;Inativo
1990179;CTRL. DE TRÁFEGO;Sem Sigla;Produtivo;2002-07-01;2003-08-31;C099-Inativos;False;Inativo
1990180;CTRL. DE TRÁFEGO-CC0;Sem Sigla;Produtivo;2002-07-01;2003-08-31;C099-Inativos;False;Inativo
1990181;CTRL. DE TRÁFEGO LINHA B;Sem Sigla;Produtivo;2002-07-01;2003-08-31;C099-Inativos;False;Inativo
1990183;ESTAÇÕES,SEG.E MANUT. CIVIL LINH;Sem Sigla;Produtivo;2002-07-01;2003-08-31;C099-Inativos;False;Inativo
1990185;ESTAÇÕES,SEG.E MANUT. CIVIL LINH;Sem Sigla;Produtivo;2002-07-01;2003-08-31;C099-Inativos;False;Inativo
1990186;OPER. DE ESTAÇÕES-LINHA B;Sem Sigla;Produtivo;2002-07-01;2003-08-31;C099-Inativos;False;Inativo
1990187;OPER. DE ESTAÇÕES-LINHA B;Sem Sigla;Produtivo;2002-07-01;2003-08-31;C099-Inativos;False;Inativo
1990188;ESTAÇÕES-LINHA B;Sem Sigla;Produtivo;2002-07-01;2003-08-31;C099-Inativos;False;Inativo
1990189;OPER. DE ESTAÇÕES-LINHA C;Sem Sigla;Produtivo;2002-07-01;2003-08-31;C099-Inativos;False;Inativo
1990190;OPER. DE ESTAÇÕES-LINHA C;Sem Sigla;Produtivo;2002-07-01;2003-08-31;C099-Inativos;False;Inativo
1990191;ESTAÇÕES-LINHA C;Sem Sigla;Produtivo;2002-07-01;2003-08-31;C099-Inativos;False;Inativo
1990192;MANUTENÇÃO;Sem Sigla;Produtivo;2002-07-01;2003-08-31;C099-Inativos;False;Inativo
1990193;MANUTENÇÃO;Sem Sigla;Produtivo;2002-07-01;2003-08-31;C099-Inativos;False;Inativo
1990194;MANUTENÇÃO;Sem Sigla;Produtivo;2002-07-01;2003-08-31;C099-Inativos;False;Inativo
1990195;MANUTENÇÃO;Sem Sigla;Produtivo;2002-07-01;2003-08-31;C099-Inativos;False;Inativo
1990197;MANUT. DE SIST. DE ALIMENT. EL;Sem Sigla;Produtivo;2002-07-01;2003-08-31;C099-Inativos;False;Inativo
1990198;MANUT. DE SIST. DE ALIMENT. EL;Sem Sigla;Produtivo;2002-07-01;2003-08-31;C099-Inativos;False;Inativo
1990199;MANUT.SIST. DE ENERG.;Sem Sigla;Produtivo;2002-07-01;2003-08-31;C099-Inativos;False;Inativo
1990200;MANUT.SIST. DE ENERG. LINHA;Sem Sigla;Produtivo;2002-07-01;2003-08-31;C099-Inativos;False;Inativo
1990201;MANUT. SIST. DE ENERG. LINHAS;Sem Sigla;Produtivo;2002-07-01;2003-08-31;C099-Inativos;False;Inativo
1990202;MANUT. SIST. DE ENERG. LINHAS;Sem Sigla;Produtivo;2002-07-01;2003-08-31;C099-Inativos;False;Inativo
1990204;MANUT.SIST. DE ENERG. LINHA;Sem Sigla;Produtivo;2002-07-01;2003-08-31;C099-Inativos;False;Inativo
1990205;MANUT.SIST. DE ENERG. LINHA;Sem Sigla;Produtivo;2002-07-01;2003-08-31;C099-Inativos;False;Inativo
1990206;MANUT. DE MAT. RODANTE;Sem Sigla;Produtivo;2002-07-01;2003-08-31;C099-Inativos;False;Inativo
1990207;MANUT. DE MAT. RODANTE;Sem Sigla;Produtivo;2002-07-01;2003-08-31;C099-Inativos;False;Inativo
1990208;MANUT. DE MAT. RODANTE;Sem Sigla;Produtivo;2002-07-01;2003-08-31;C099-Inativos;False;Inativo
1990209;MANUT. DE TRENS;Sem Sigla;Produtivo;2002-07-01;2003-08-31;C099-Inativos;False;Inativo
1990210;MANUT. DE TRENS ABRIGO LAPA;Sem Sigla;Produtivo;2002-07-01;2003-08-31;C099-Inativos;False;Inativo
1990211;MANUT. DE TRENS ABRIGO PRES. ALTINO;Sem Sigla;Produtivo;2002-07-01;2003-08-31;C099-Inativos;False;Inativo
1990213;MANUT. DE TRENS E EQUIP;Sem Sigla;Produtivo;2002-07-01;2003-08-31;C099-Inativos;False;Inativo
1990214;MANUT. TRENS E EQUIP-PRES. ALTIN;Sem Sigla;Produtivo;2002-07-01;2003-08-31;C099-Inativos;False;Inativo
1990215;MANUT. TRENS E EQUIP-LAPA;Sem Sigla;Produtivo;2002-07-01;2003-08-31;C099-Inativos;False;Inativo
1990216;MANUT. INDUSTRIAL-LOCOMOTIVAS E VAGÔES;Sem Sigla;Produtivo;2002-07-01;2003-08-31;C099-Inativos;False;Inativo
1990217;SERV. EXT.-TRENS E EQUIPPAM.-CHEF;Sem Sigla;Produtivo;2002-07-01;2003-08-31;C099-Inativos;False;Inativo
1990218;MANUT. SINALIZ.,TELECOMUN. E EQUIP;Sem Sigla;Produtivo;2002-07-01;2003-08-31;C099-Inativos;False;Inativo
1990220;MANUT.SINALIZAÇÃO LINHA A;Sem Sigla;Produtivo;2002-07-01;2003-08-31;C099-Inativos;False;Inativo
1990221;MANUT. SINALIZAÇÃO LINHAS B;Sem Sigla;Produtivo;2002-07-01;2003-08-31;C099-Inativos;False;Inativo
1990222;MANUT. SINALIZAÇÃO LINHAS C;Sem Sigla;Produtivo;2002-07-01;2003-08-31;C099-Inativos;False;Inativo
1990223;MANUT.SINALIZAÇÃO LINHA D;Sem Sigla;Produtivo;2002-07-01;2003-08-31;C099-Inativos;False;Inativo
1990224;MANUT.SINALIZAÇÃO LINHA E;Sem Sigla;Produtivo;2002-07-01;2003-08-31;C099-Inativos;False;Inativo
1990225;MANUT.SINALIZAÇÃO LINHA F;Sem Sigla;Produtivo;2002-07-01;2003-08-31;C099-Inativos;False;Inativo
1990226;MANUT.TELECOMUNIC.;Sem Sigla;Produtivo;2002-07-01;2003-08-31;C099-Inativos;False;Inativo
1990228;MANUT. DE TELECOMUNIC. LINHA B;Sem Sigla;Produtivo;2002-07-01;2003-08-31;C099-Inativos;False;Inativo
1990229;MANUT. DE TELECOMUNIC. LINHA C;Sem Sigla;Produtivo;2002-07-01;2003-08-31;C099-Inativos;False;Inativo
1990230;MANUT. DE TELECOMUNIC. LINHA D;Sem Sigla;Produtivo;2002-07-01;2003-08-31;C099-Inativos;False;Inativo
1990231;MANUT. DE TELECOMUNIC. LINHA E;Sem Sigla;Produtivo;2002-07-01;2003-08-31;C099-Inativos;False;Inativo
1990232;MANUT. DE TELECOMUNIC. LINHA F;Sem Sigla;Produtivo;2002-07-01;2003-08-31;C099-Inativos;False;Inativo
1990233;REST.;Sem Sigla;Produtivo;2002-07-01;2003-08-31;C099-Inativos;False;Inativo
1990234;REST. LINHA A;Sem Sigla;Produtivo;2002-07-01;2003-08-31;C099-Inativos;False;Inativo
1990235;REST. LINHAS B;Sem Sigla;Produtivo;2002-07-01;2003-08-31;C099-Inativos;False;Inativo
1990237;REST. LINHA D;Sem Sigla;Produtivo;2002-07-01;2003-08-31;C099-Inativos;False;Inativo
1990238;REST. LINHA E;Sem Sigla;Produtivo;2002-07-01;2003-08-31;C099-Inativos;False;Inativo
1990239;REST. LINHA F;Sem Sigla;Produtivo;2002-07-01;2003-08-31;C099-Inativos;False;Inativo
1990240;MANUT. DE SIST.-OFICINA ELETRÔN;Sem Sigla;Produtivo;2002-07-01;2003-08-31;C099-Inativos;False;Inativo
1990241;MANUT. DE SIST.-OFICINA ELETRÔN;Sem Sigla;Produtivo;2002-07-01;2003-08-31;C099-Inativos;False;Inativo
1990242;OFICINA ELETRÔNICA-PRES. ALTINO;Sem Sigla;Produtivo;2002-07-01;2003-08-31;C099-Inativos;False;Inativo
1990243;OFICINA ELETRÔNICA-LAPA;Sem Sigla;Produtivo;2002-07-01;2003-08-31;C099-Inativos;False;Inativo
1990245;OFICINA ELETRICA-PRES. ALTINO;Sem Sigla;Produtivo;2002-07-01;2003-08-31;C099-Inativos;False;Inativo
1990246;OFICINA ELETRICA-LAPA;Sem Sigla;Produtivo;2002-07-01;2003-08-31;C099-Inativos;False;Inativo
1990247;MANUT. VIAS,EDIFI. E EQUIPP;Sem Sigla;Produtivo;2002-07-01;2003-08-31;C099-Inativos;False;Inativo
1990248;MANUT. VIAS,EDIFI. E EQUIPP;Sem Sigla;Produtivo;2002-07-01;2003-08-31;C099-Inativos;False;Inativo
1990249;MANUT. VIAS,EDIFI. E EQUIPP;Sem Sigla;Produtivo;2002-07-01;2003-08-31;C099-Inativos;False;Inativo
1990250;MANUT.VIA PERM.;Sem Sigla;Produtivo;2002-07-01;2003-08-31;C099-Inativos;False;Inativo
1990251;MANUT.VIA PERM. LINHA A;Sem Sigla;Produtivo;2002-07-01;2003-08-31;C099-Inativos;False;Inativo
1990252;MANUT. VIA PERM. LINHA B;Sem Sigla;Produtivo;2002-07-01;2003-08-31;C099-Inativos;False;Inativo
1990254;MANUT.VIA PERM. LINHA D;Sem Sigla;Produtivo;2002-07-01;2003-08-31;C099-Inativos;False;Inativo
1990255;MANUT.VIA PERM. LINHAS E;Sem Sigla;Produtivo;2002-07-01;2003-08-31;C099-Inativos;False;Inativo
1990257;ENCONTRO DE CONTAS;Sem Sigla;Produtivo;2002-07-01;2003-08-31;C099-Inativos;False;Inativo
1990258;ENCONTRO DE CONTAS;Sem Sigla;Produtivo;2002-07-01;2003-08-31;C099-Inativos;False;Inativo
1990259;ENCONTRO DE CONTAS;Sem Sigla;Produtivo;2002-07-01;2003-08-31;C099-Inativos;False;Inativo
1990260;ENCONTRO DE CONTAS;Sem Sigla;Produtivo;2002-07-01;2003-08-31;C099-Inativos;False;Inativo
1990261;PESSOAL CEDIDO;Sem Sigla;Produtivo;2002-07-01;2003-08-31;C099-Inativos;False;Inativo
1990262;PESSOAL CEDIDO;Sem Sigla;Produtivo;2002-07-01;2003-08-31;C099-Inativos;False;Inativo
1990263;PESSOAL CEDIDO;Sem Sigla;Produtivo;2002-07-01;2003-08-31;C099-Inativos;False;Inativo
1990264;PESSOAL CEDIDO;Sem Sigla;Produtivo;2002-07-01;2003-08-31;C099-Inativos;False;Inativo
1990265;PESSOAL CEDIDO;Sem Sigla;Produtivo;2002-07-01;2003-08-31;C099-Inativos;False;Inativo
1990267;ENCONTRO DE CONTAS-OPER./MANUT;Sem Sigla;Produtivo;2002-07-01;2003-08-31;C099-Inativos;False;Inativo
1990268;ENCONTRO DE CONTAS-OPER./MANUT;Sem Sigla;Produtivo;2002-07-01;2003-08-31;C099-Inativos;False;Inativo
1990269;ENCONTRO DE CONTAS-OPER./MANUT;Sem Sigla;Produtivo;2002-07-01;2003-08-31;C099-Inativos;False;Inativo
1990270;DIVERSOS;Sem Sigla;Produtivo;2002-07-01;2003-08-31;C099-Inativos;False;Inativo
1990271;DIVERSOS;Sem Sigla;Produtivo;2002-07-01;2003-08-31;C099-Inativos;False;Inativo
1990272;DIVERSOS;Sem Sigla;Produtivo;2002-07-01;2003-08-31;C099-Inativos;False;Inativo
1990273;DIVERSOS;Sem Sigla;Produtivo;2002-07-01;2003-08-31;C099-Inativos;False;Inativo
1990275;ADMINISTRAÇÃO;Sem Sigla;Produtivo;2002-07-01;2003-08-31;C099-Inativos;False;Inativo
1990276;PRESIDÊNCIA;Sem Sigla;Produtivo;2002-07-01;2003-08-31;C099-Inativos;False;Inativo
1990277;ENERG. ELETRICA DE TRACAO;Sem Sigla;Produtivo;2002-07-01;2003-08-31;C099-Inativos;False;Inativo
1990278;ENERG. ELETRICA DE TRACAO;Sem Sigla;Produtivo;2002-07-01;2003-08-31;C099-Inativos;False;Inativo
1990280;DEPRECIACAO-PR;Sem Sigla;Produtivo;2002-07-01;2003-08-31;C099-Inativos;False;Inativo
1990281;DEPRECIACAO-DAF;Sem Sigla;Produtivo;2002-07-01;2003-08-31;C099-Inativos;False;Inativo
1990282;DEPRECIACAO-DPL;Sem Sigla;Produtivo;2002-07-01;2003-08-31;C099-Inativos;False;Inativo
1990285;DEPRECIACAO;Sem Sigla;Produtivo;2002-07-01;2003-08-31;C099-Inativos;False;Inativo
1990286;DEPRECIACAO;Sem Sigla;Produtivo;2002-07-01;2003-08-31;C099-Inativos;False;Inativo
1990287;DEPRECIACAO-SIST. ELETRICOS E ELETRON;Sem Sigla;Produtivo;2002-07-01;2003-08-31;C099-Inativos;False;Inativo
1990288;DEPR. OBRAS DE ARTE E SUPERESTR. V.P;Sem Sigla;Produtivo;2002-07-01;2003-08-31;C099-Inativos;False;Inativo
1990290;DEPRECIACAO EQUIP MAQ. E FERRAM.;Sem Sigla;Produtivo;2002-07-01;2003-08-31;C099-Inativos;False;Inativo
1990291;DEPRECIACAO-VEIC. RODOVIARIOS;Sem Sigla;Produtivo;2002-07-01;2003-08-31;C099-Inativos;False;Inativo
1990292;OUVIDORIA;Sem Sigla;Produtivo;2002-07-01;2003-08-31;C099-Inativos;False;Inativo
1990293;OUVIDORIA;Sem Sigla;Produtivo;2002-07-01;2003-08-31;C099-Inativos;False;Inativo
1990294;OUVIDORIA;Sem Sigla;Produtivo;2002-07-01;2003-08-31;C099-Inativos;False;Inativo
1990295;OUVIDORIA;Sem Sigla;Produtivo;2002-07-01;2003-08-31;C099-Inativos;False;Inativo
1990296;REL.COMUN. PROG. CORPORATIVOS;Sem Sigla;Produtivo;2002-07-01;2003-08-31;C099-Inativos;False;Inativo
1990297;REL.COMUN. PROG. CORPORATIVOS;Sem Sigla;Produtivo;2002-07-01;2003-08-31;C099-Inativos;False;Inativo
1990298;REL.COMUN. PROG. CORPORATIVOS;Sem Sigla;Produtivo;2002-07-01;2003-08-31;C099-Inativos;False;Inativo
1990299;REL.COMUN. PROG. CORPORATIVOS;Sem Sigla;Produtivo;2002-07-01;2003-08-31;C099-Inativos;False;Inativo
1990301;COMUNIC. E MARKETING;Sem Sigla;Produtivo;2002-07-01;2003-08-31;C099-Inativos;False;Inativo
1990302;COMUNIC. E MARKETING;Sem Sigla;Produtivo;2002-07-01;2003-08-31;C099-Inativos;False;Inativo
1990303;COMUNIC. E MARKETING;Sem Sigla;Produtivo;2002-07-01;2003-08-31;C099-Inativos;False;Inativo
1990304;COMPRAS E CONTRATACOES;Sem Sigla;Produtivo;2002-07-01;2003-08-31;C099-Inativos;False;Inativo
1990305;COMPRAS E CONTRATACOES;Sem Sigla;Produtivo;2002-07-01;2003-08-31;C099-Inativos;False;Inativo
1990306;COMPRAS E CONTRATACOES;Sem Sigla;Produtivo;2002-07-01;2003-08-31;C099-Inativos;False;Inativo
1990307;ATENDIMENTO AO USUARIO;Sem Sigla;Produtivo;2002-07-01;2003-08-31;C099-Inativos;False;Inativo
1990308;ATENDIMENTO AO USUARIO;Sem Sigla;Produtivo;2002-07-01;2003-08-31;C099-Inativos;False;Inativo
1990309;ATENDIMENTO AO USUARIO;Sem Sigla;Produtivo;2002-07-01;2003-08-31;C099-Inativos;False;Inativo
1990311;COORDENACAO TECNICA DE PROJETOS;Sem Sigla;Produtivo;2002-07-01;2003-08-31;C099-Inativos;False;Inativo
1990312;COORDENACAO TECNICA DE PROJETOS;Sem Sigla;Produtivo;2002-07-01;2003-08-31;C099-Inativos;False;Inativo
1990313;COORDENACAO TECNICA DE PROJETOS;Sem Sigla;Produtivo;2002-07-01;2003-08-31;C099-Inativos;False;Inativo
1990314;CESG - SEGURANCA E PROTECAO;Sem Sigla;Produtivo;2002-07-01;2003-08-31;C099-Inativos;False;Inativo
1990315;CESG - SEGURANCA E PROTECAO;Sem Sigla;Produtivo;2002-07-01;2003-08-31;C099-Inativos;False;Inativo
1990316;CESG - SEGURANCA E PROTECAO;Sem Sigla;Produtivo;2002-07-01;2003-08-31;C099-Inativos;False;Inativo
1990318;DSGL - EFETIVO E LOGISTICA;Sem Sigla;Produtivo;2002-07-01;2003-08-31;C099-Inativos;False;Inativo
1990319;DSGL - EFETIVO E LOGISTICA;Sem Sigla;Produtivo;2002-07-01;2003-08-31;C099-Inativos;False;Inativo
1990320;DSGL - EFETIVO E LOGISTICA;Sem Sigla;Produtivo;2002-07-01;2003-08-31;C099-Inativos;False;Inativo
1990321;DSGV - SEGURANCA E VIGILANCIA;Sem Sigla;Produtivo;2002-07-01;2003-08-31;C099-Inativos;False;Inativo
1990322;DSGV - SEGURANCA E VIGILANCIA;Sem Sigla;Produtivo;2002-07-01;2003-08-31;C099-Inativos;False;Inativo
1990323;DSGV - SEGURANCA E VIGILANCIA;Sem Sigla;Produtivo;2002-07-01;2003-08-31;C099-Inativos;False;Inativo
1990325;RECRUT. SELECAO E TREINAMENTO;Sem Sigla;Produtivo;2002-07-01;2003-08-31;C099-Inativos;False;Inativo
1990326;RECRUT. SELECAO E TREINAMENTO;Sem Sigla;Produtivo;2002-07-01;2003-08-31;C099-Inativos;False;Inativo
1990327;ADMINISTRACAO DE PESSOAL;Sem Sigla;Produtivo;2002-07-01;2003-08-31;C099-Inativos;False;Inativo
1990328;ADMINISTRACAO DE PESSOAL;Sem Sigla;Produtivo;2002-07-01;2003-08-31;C099-Inativos;False;Inativo
1990329;ADMINISTRACAO DE PESSOAL;Sem Sigla;Produtivo;2002-07-01;2003-08-31;C099-Inativos;False;Inativo
1990330;HIGIENE E SEGURANCA DO TRABALHO;Sem Sigla;Produtivo;2002-07-01;2003-08-31;C099-Inativos;False;Inativo
1990332;HIGIENE E SEGURANCA DO TRABALHO;Sem Sigla;Produtivo;2002-07-01;2003-08-31;C099-Inativos;False;Inativo
1990333;LOGISTICA DO TRANSPORTE;Sem Sigla;Produtivo;2002-07-01;2003-08-31;C099-Inativos;False;Inativo
1990334;LOGISTICA DO TRANSPORTE;Sem Sigla;Produtivo;2002-07-01;2003-08-31;C099-Inativos;False;Inativo
1990335;LOGISTICA DO TRANSPORTE;Sem Sigla;Produtivo;2002-07-01;2003-08-31;C099-Inativos;False;Inativo
1990336;LOGISTICA DO TRANSPORTE;Sem Sigla;Produtivo;2002-07-01;2003-08-31;C099-Inativos;False;Inativo
1990337;ACOMPANHAMENTO E CONTROLE DA PRODUÇÃO;Sem Sigla;Produtivo;2002-07-01;2003-08-31;C099-Inativos;False;Inativo
1990338;ACOMPANHAMENTO E CONTROLE DA PRODUÇÃO;Sem Sigla;Produtivo;2002-07-01;2003-08-31;C099-Inativos;False;Inativo
1990340;MANUT - O.ARTE, EDIFÍCIOS E EQUIPAMENTOS;Sem Sigla;Produtivo;2002-07-01;2003-08-31;C099-Inativos;False;Inativo
1990341;MANUT - O.ARTE, EDIFÍCIOS E EQUIPAMENTOS;Sem Sigla;Produtivo;2002-07-01;2003-08-31;C099-Inativos;False;Inativo
1990342;MANUT - O.ARTE, EDIFÍCIOS E EQUIPAMENTOS;Sem Sigla;Produtivo;2002-07-01;2003-08-31;C099-Inativos;False;Inativo
1990343;NUCLEO EXECUTIVO DE OPERAÇÕES;Sem Sigla;Produtivo;2002-07-01;2003-08-31;C099-Inativos;False;Inativo
1990345;NUCLEO EXECUTIVO DE OPERAÇÕES;Sem Sigla;Produtivo;2002-07-01;2003-08-31;C099-Inativos;False;Inativo
1990346;NUCLEO EXECUTIVO DE OPERAÇÕES;Sem Sigla;Produtivo;2002-07-01;2003-08-31;C099-Inativos;False;Inativo
1990347;IMPORTAÇÃO CPTM;Sem Sigla;Produtivo;2002-07-01;2003-08-31;C099-Inativos;False;Inativo
1990348;SDR - PORTAO 7;Sem Sigla;Produtivo;1900-01-01;2002-06-30;C099-Inativos;False;Inativo
1990349;SDR - LAPA;Sem Sigla;Produtivo;1900-01-01;2002-06-30;C099-Inativos;False;Inativo
1990350;CENTRO FORM. PROFISSIONAL - LAPA;Sem Sigla;Produtivo;1900-01-01;2002-06-30;C099-Inativos;False;Inativo
1990352;PESSOAL E BENEFICIOS;Sem Sigla;Produtivo;1900-01-01;2002-06-30;C099-Inativos;False;Inativo
1990353;FOLHA DE PAGAMENTO;Sem Sigla;Produtivo;1900-01-01;2002-06-30;C099-Inativos;False;Inativo
1990354;BENEFICIOS - LAPA;Sem Sigla;Produtivo;1900-01-01;2002-06-30;C099-Inativos;False;Inativo
1990355;RELACOES DO TRABALHO - BRAS;Sem Sigla;Produtivo;1900-01-01;2002-06-30;C099-Inativos;False;Inativo
1990357;SEGURANCA DO TRABALHO - LAPA;Sem Sigla;Produtivo;1900-01-01;2002-06-30;C099-Inativos;False;Inativo
1990358;SEGURANCA DO TRABALHO - PRESID. ALTINO;Sem Sigla;Produtivo;1900-01-01;2002-06-30;C099-Inativos;False;Inativo
1990359;SEGURANCA DO TRABALHO - BRAS;Sem Sigla;Produtivo;1900-01-01;2002-06-30;C099-Inativos;False;Inativo
1990360;TECNICA MED. OCUP. E DESENV. SOCIAL;Sem Sigla;Produtivo;1900-01-01;2002-06-30;C099-Inativos;False;Inativo
1990361;MED. OCUPAC. E DESENV. SOCIAL - LAPA;Sem Sigla;Produtivo;1900-01-01;2002-06-30;C099-Inativos;False;Inativo
1990363;MED. OCUPAC. E DESENV. SOCIAL - BRAS;Sem Sigla;Produtivo;1900-01-01;2002-06-30;C099-Inativos;False;Inativo
1990364;SUPER. COMUNIC. E MARKETING;Sem Sigla;Produtivo;1900-01-01;2002-06-30;C099-Inativos;False;Inativo
1990365;SUPER. COMUNIC. E MARKETING;Sem Sigla;Produtivo;1900-01-01;2002-06-30;C099-Inativos;False;Inativo
1990366;SUPER. COMUNIC. E MARKETING;Sem Sigla;Produtivo;1900-01-01;2002-06-30;C099-Inativos;False;Inativo
1990367;RECURSOS HUMANOS;Sem Sigla;Produtivo;1900-01-01;2002-06-30;C099-Inativos;False;Inativo
1990368;RECURSOS HUMANOS;Sem Sigla;Produtivo;1900-01-01;2002-06-30;C099-Inativos;False;Inativo
1990369;RECURSOS HUMANOS;Sem Sigla;Produtivo;1900-01-01;2002-06-30;C099-Inativos;False;Inativo
1990371;COORD. EXEC. REC. HUMANOS;Sem Sigla;Produtivo;1900-01-01;2002-06-30;C099-Inativos;False;Inativo
1990373;RECRUT.,SELEÇÃO E TREINAMENTO;Sem Sigla;Produtivo;1900-01-01;2002-06-30;C099-Inativos;False;Inativo
1990374;RECRUT.,SELEÇÃO E TREINAMENTO;Sem Sigla;Produtivo;1900-01-01;2002-06-30;C099-Inativos;False;Inativo
1990375;DEPTO. DE RECRUT.,SELEÇÃO E TRE;Sem Sigla;Produtivo;1900-01-01;2002-06-30;C099-Inativos;False;Inativo
1990376;CENTRO DE FORMAÇÃO PROF.;Sem Sigla;Produtivo;1900-01-01;2002-06-30;C099-Inativos;False;Inativo
1990377;CENTRO DE FORMAÇÃO PROF.-OFICI;Sem Sigla;Produtivo;1900-01-01;2002-06-30;C099-Inativos;False;Inativo
1990378;ADM. DE PESSOAL;Sem Sigla;Produtivo;1900-01-01;2002-06-30;C099-Inativos;False;Inativo
1990379;ADM. DE PESSOAL;Sem Sigla;Produtivo;1900-01-01;2002-06-30;C099-Inativos;False;Inativo
1990380;ADM. DE PESSOAL;Sem Sigla;Produtivo;1900-01-01;2002-06-30;C099-Inativos;False;Inativo
1990382;PESSOAL E BENEFÍCIOS;Sem Sigla;Produtivo;1900-01-01;2002-06-30;C099-Inativos;False;Inativo
1990383;FOLHA DE PAGAMENTO-LAPA;Sem Sigla;Produtivo;1900-01-01;2002-06-30;C099-Inativos;False;Inativo
1990384;CTRL. FUNCIONAL-LAPA;Sem Sigla;Produtivo;1900-01-01;2002-06-30;C099-Inativos;False;Inativo
1990385;BENEFÍCIOS-LAPA;Sem Sigla;Produtivo;1900-01-01;2002-06-30;C099-Inativos;False;Inativo
1990386;CTRL. FUNCIONAL-PRES. ALTINO;Sem Sigla;Produtivo;1900-01-01;2002-06-30;C099-Inativos;False;Inativo
1990388;HIGIENE E SEG.DO TRABALHO;Sem Sigla;Produtivo;1900-01-01;2002-06-30;C099-Inativos;False;Inativo
1990389;HIGIENE E SEG.DO TRABALHO;Sem Sigla;Produtivo;1900-01-01;2002-06-30;C099-Inativos;False;Inativo
1990390;HIGIENE E SEG.DO TRABALHO;Sem Sigla;Produtivo;1900-01-01;2002-06-30;C099-Inativos;False;Inativo
1990392;RELAÇÕES DO TRABALHO-BRÁS;Sem Sigla;Produtivo;1900-01-01;2002-06-30;C099-Inativos;False;Inativo
1990393;TÉCNICA DE SEG.DO TRABALHO;Sem Sigla;Produtivo;1900-01-01;2002-06-30;C099-Inativos;False;Inativo
1990394;SEG.DO TRABALHO-LAPA;Sem Sigla;Produtivo;1900-01-01;2002-06-30;C099-Inativos;False;Inativo
1990395;SEG.DO TRABALHO-PRES. ALT;Sem Sigla;Produtivo;1900-01-01;2002-06-30;C099-Inativos;False;Inativo
1990396;SEG.DO TRABALHO-BRÁS;Sem Sigla;Produtivo;1900-01-01;2002-06-30;C099-Inativos;False;Inativo
1990397;TÉCNICA DE MEDICINA OCUP. E DESENV;Sem Sigla;Produtivo;1900-01-01;2002-06-30;C099-Inativos;False;Inativo
1990398;MEDICINA OCUP. E DESENV;Sem Sigla;Produtivo;1900-01-01;2002-06-30;C099-Inativos;False;Inativo
1990399;MEDICINA OCUP. E DESENV;Sem Sigla;Produtivo;1900-01-01;2002-06-30;C099-Inativos;False;Inativo
1990400;MEDICINA OCUP. E DESENV;Sem Sigla;Produtivo;1900-01-01;2002-06-30;C099-Inativos;False;Inativo
1990402;GESTÃO DE ESTOQUES - CHEFIA;Sem Sigla;Produtivo;1900-01-01;2002-06-30;C099-Inativos;False;Inativo
1990403;GESTÃO DE ESTOQUES-CHEFIA;Sem Sigla;Produtivo;1900-01-01;2002-06-30;C099-Inativos;False;Inativo
1990404;GESTÃO DE ESTOQUES - CHEFIA;Sem Sigla;Produtivo;1900-01-01;2002-06-30;C099-Inativos;False;Inativo
1990405;ALM.-LAPA;Sem Sigla;Produtivo;1900-01-01;2002-06-30;C099-Inativos;False;Inativo
1990406;ALM. LAPA-RECEBEDOR (A-001);Sem Sigla;Produtivo;1900-01-01;2002-06-30;C099-Inativos;False;Inativo
1990407;ALM. LAPA-ESTOCAGEM (A-002);Sem Sigla;Produtivo;1900-01-01;2002-06-30;C099-Inativos;False;Inativo
1990409;ALM. LAPA-EPI'S (A-003);Sem Sigla;Produtivo;1900-01-01;2002-06-30;C099-Inativos;False;Inativo
1990410;ALMOX. LAPA - PROD. ALIEN.( A-004);Sem Sigla;Produtivo;1900-01-01;2002-06-30;C099-Inativos;False;Inativo
1990411;ALM.-ALTINO;Sem Sigla;Produtivo;1900-01-01;2002-06-30;C099-Inativos;False;Inativo
1990412;ALM. ALTINO-APOIO ADM.;Sem Sigla;Produtivo;1900-01-01;2002-06-30;C099-Inativos;False;Inativo
1990413;ALM. ALTINO-INFLAMÁVEIS;Sem Sigla;Produtivo;1900-01-01;2002-06-30;C099-Inativos;False;Inativo
1990415;ALM.-ALTINO - ESTOCAGEM ( B-401 );Sem Sigla;Produtivo;1900-01-01;2002-06-30;C099-Inativos;False;Inativo
1990417;ARRECADAÇÃO-LUZ;Sem Sigla;Produtivo;1900-01-01;2002-06-30;C099-Inativos;False;Inativo
1990418;PATRIMONIO E SERV. GERAIS-PRES;Sem Sigla;Produtivo;1900-01-01;2002-06-30;C099-Inativos;False;Inativo
1990419;APOIO ADM.;Sem Sigla;Produtivo;1900-01-01;2002-06-30;C099-Inativos;False;Inativo
1990421;APOIO ADM.-PAULISTA;Sem Sigla;Produtivo;1900-01-01;2002-06-30;C099-Inativos;False;Inativo
1990422;APOIO ADM.-PRES. ALTI;Sem Sigla;Produtivo;1900-01-01;2002-06-30;C099-Inativos;False;Inativo
1990423;APOIO ADM.-LAPA;Sem Sigla;Produtivo;1900-01-01;2002-06-30;C099-Inativos;False;Inativo
1990424;APOIO ADM.-ADM .-LUZ;Sem Sigla;Produtivo;1900-01-01;2002-06-30;C099-Inativos;False;Inativo
1990425;APOIO ADM.-PRES. ALTI;Sem Sigla;Produtivo;1900-01-01;2002-06-30;C099-Inativos;False;Inativo
1990426;SERV. GERAIS;Sem Sigla;Produtivo;1900-01-01;2002-06-30;C099-Inativos;False;Inativo
1990427;SERV. GERAIS;Sem Sigla;Produtivo;1900-01-01;2002-06-30;C099-Inativos;False;Inativo
1990428;SERV. GERAIS-PAULISTA;Sem Sigla;Produtivo;1900-01-01;2002-06-30;C099-Inativos;False;Inativo
1990429;SERV. GERAIS-PRES. ALTINO;Sem Sigla;Produtivo;1900-01-01;2002-06-30;C099-Inativos;False;Inativo
1990431;SERV. GERAIS-LUZ;Sem Sigla;Produtivo;1900-01-01;2002-06-30;C099-Inativos;False;Inativo
1990432;SERV. GERAIS-APOIO-PRES.ALTINO;Sem Sigla;Produtivo;1900-01-01;2002-06-30;C099-Inativos;False;Inativo
1990433;SEG.PATRIMONIAL;Sem Sigla;Produtivo;1900-01-01;2002-06-30;C099-Inativos;False;Inativo
1990434;SEG.PATRIMONIAL;Sem Sigla;Produtivo;1900-01-01;2002-06-30;C099-Inativos;False;Inativo
1990435;SEG.PATRIMONIAL-CHEFIA;Sem Sigla;Produtivo;1900-01-01;2002-06-30;C099-Inativos;False;Inativo
1990437;SEG.PATRIMONIAL-LAPA;Sem Sigla;Produtivo;1900-01-01;2002-06-30;C099-Inativos;False;Inativo
1990438;SEG.PATRIMONIAL-LUZ;Sem Sigla;Produtivo;1900-01-01;2002-06-30;C099-Inativos;False;Inativo
1990439;SEG.PATRIMONIAL-BRÁS;Sem Sigla;Produtivo;1900-01-01;2002-06-30;C099-Inativos;False;Inativo
1990440;SEG.PATRIMONIAL-ORCA/SUL;Sem Sigla;Produtivo;1900-01-01;2002-06-30;C099-Inativos;False;Inativo
1990442;SEG.PATRIMONIAL-ORCA/LESTE;Sem Sigla;Produtivo;1900-01-01;2002-06-30;C099-Inativos;False;Inativo
1990443;SEG.PATRIMONIAL-ORCA/LESTE;Sem Sigla;Produtivo;1900-01-01;2002-06-30;C099-Inativos;False;Inativo
1990444;SEG.PATRIMONIAL-LINHA A/D;Sem Sigla;Produtivo;1900-01-01;2002-06-30;C099-Inativos;False;Inativo
1990445;SEG.PATRIMONIAL-LINHA A/D-CHEF;Sem Sigla;Produtivo;1900-01-01;2002-06-30;C099-Inativos;False;Inativo
1990446;SEG.PATRIMONIAL-LINHA A-EXEC;Sem Sigla;Produtivo;1900-01-01;2002-06-30;C099-Inativos;False;Inativo
1990554;SUBESTAÇÃO SÃO CAETANO;Sem Sigla;Produtivo;1900-01-01;2002-06-30;C099-Inativos;False;Inativo
1990572;ELETRICA-ABRIGO LAPA;Sem Sigla;Produtivo;1900-01-01;2002-06-30;C099-Inativos;False;Inativo
1990600;PORTICO ROOSEVELT-ABR. ENG SP;Sem Sigla;Produtivo;1900-01-01;2002-06-30;C099-Inativos;False;Inativo
1990619;USINAGEM E METALURGIA-FUNDIÇÃO;Sem Sigla;Produtivo;1900-01-01;2002-06-30;C099-Inativos;False;Inativo
1990638;MANUT.SINALIZAÇÃO LINHA D-EXE;Sem Sigla;Produtivo;1900-01-01;2002-06-30;C099-Inativos;False;Inativo
1990658;RÁDIO-SONORIZAÇÃO-CRONOMETRIA-BLOQ;Sem Sigla;Produtivo;1900-01-01;2002-06-30;C099-Inativos;False;Inativo
1990677;REST.-CENTRO INFORM. MANUTE;Sem Sigla;Produtivo;1900-01-01;2002-06-30;C099-Inativos;False;Inativo
1990696;OFICINA ELETRICA-PRES. ALTINO;Sem Sigla;Produtivo;1900-01-01;2002-06-30;C099-Inativos;False;Inativo
1990709;VIA PERM. PRES. ALTINO;Sem Sigla;Produtivo;1900-01-01;2002-06-30;C099-Inativos;False;Inativo
1990727;OFICINA DE SOLDA DE VIA PERM.-P;Sem Sigla;Produtivo;1900-01-01;2002-06-30;C099-Inativos;False;Inativo
1990746;OPER. DE MÁQ. DE TERRAPLENAGEM;Sem Sigla;Produtivo;1900-01-01;2002-06-30;C099-Inativos;False;Inativo
1990765;MANUT.EDIFI.-LINHA D;Sem Sigla;Produtivo;1900-01-01;2002-06-30;C099-Inativos;False;Inativo
1990801;SUPERINTENDÊNCIA DE PLANEJAMENTO E MONIT;Sem Sigla;Produtivo;2002-07-01;2003-08-31;C099-Inativos;False;Inativo
1990015;DESENV. ORGANIZACIONAL E ADM.;Sem Sigla;Produtivo;2002-07-01;2003-08-31;C099-Inativos;False;Inativo
1990029;FINANÇAS E CONTORLE;Sem Sigla;Produtivo;2002-07-01;2003-08-31;C099-Inativos;False;Inativo
1990055;PLANEJAMENTO E MONITORAÇÃO DA QUALIDADE;Sem Sigla;Produtivo;2002-07-01;2003-08-31;C099-Inativos;False;Inativo
1990064;PLANEJAMENTO EMPRESARIAL;Sem Sigla;Produtivo;2002-07-01;2003-08-31;C099-Inativos;False;Inativo
1990076;COORDENAÇÃO DE PROJ.;Sem Sigla;Produtivo;2002-07-01;2003-08-31;C099-Inativos;False;Inativo
1990088;ENGENHARIA DE INFRAESTRUTURA;Sem Sigla;Produtivo;2002-07-01;2003-08-31;C099-Inativos;False;Inativo
1990098;OPERAÇÃO E MANUTENÇÃO;Sem Sigla;Produtivo;2002-07-01;2003-08-31;C099-Inativos;False;Inativo
1990107;CIRCULAÇÃO E CONDUÇÃO-LINHAS E-F;Sem Sigla;Produtivo;2002-07-01;2003-08-31;C099-Inativos;False;Inativo
1990108;CIRCULAÇÃO E CONDUÇÃO-LINHAS E-F;Sem Sigla;Produtivo;2002-07-01;2003-08-31;C099-Inativos;False;Inativo
1990116;SOCORRO A ACIDENTES-LINHA E;Sem Sigla;Produtivo;2002-07-01;2003-08-31;C099-Inativos;False;Inativo
1990123;OPER. DE ESTAÇÕES (EXPRESSO LESTE);Sem Sigla;Produtivo;2002-07-01;2003-08-31;C099-Inativos;False;Inativo
1990132;OPER.-LINHAS A-D;Sem Sigla;Produtivo;2002-07-01;2003-08-31;C099-Inativos;False;Inativo
1990140;LAVADOR DE CARROS BARRA FUNDA LINHA;Sem Sigla;Produtivo;2002-07-01;2003-08-31;C099-Inativos;False;Inativo
1990148;SOCORRO A ACIDENTES-LINHA A;Sem Sigla;Produtivo;2002-07-01;2003-08-31;C099-Inativos;False;Inativo
1990155;OPER. DE ESTAÇÕES LINHA D;Sem Sigla;Produtivo;2002-07-01;2003-08-31;C099-Inativos;False;Inativo
1990165;CIRCULAÇÃO E CONDUÇÃO-LINHAS B-C;Sem Sigla;Produtivo;2002-07-01;2003-08-31;C099-Inativos;False;Inativo
1990166;CIRCULAÇÃO E CONDUÇÃO-LINHAS B-C;Sem Sigla;Produtivo;2002-07-01;2003-08-31;C099-Inativos;False;Inativo
1990174;LIMPEZA DE TUE´s NOS TERMINAIS-LINHA;Sem Sigla;Produtivo;2002-07-01;2003-08-31;C099-Inativos;False;Inativo
1990184;ESTAÇÕES,SEG.E MANUT. CIVIL LINH;Sem Sigla;Produtivo;2002-07-01;2003-08-31;C099-Inativos;False;Inativo
1990196;MANUT. DE SIST. DE ALIMENT. EL;Sem Sigla;Produtivo;2002-07-01;2003-08-31;C099-Inativos;False;Inativo
1990203;MANUT.SIST. DE ENERG. LINHA;Sem Sigla;Produtivo;2002-07-01;2003-08-31;C099-Inativos;False;Inativo
1990212;MANUT. DE TRENS ABRIGO ENG SÃO PAULO;Sem Sigla;Produtivo;2002-07-01;2003-08-31;C099-Inativos;False;Inativo
1990219;MANUT.SINALIZAÇÃO;Sem Sigla;Produtivo;2002-07-01;2003-08-31;C099-Inativos;False;Inativo
1990227;MANUT.TELECOMUNIC. LINHA A;Sem Sigla;Produtivo;2002-07-01;2003-08-31;C099-Inativos;False;Inativo
1990236;REST.-LINHA C;Sem Sigla;Produtivo;2002-07-01;2003-08-31;C099-Inativos;False;Inativo
1990244;MANUT. DE SIST.-OFICINA ELÉTR.;Sem Sigla;Produtivo;2002-07-01;2003-08-31;C099-Inativos;False;Inativo
1990253;MANUT. DE VIA PERM. LINHA C;Sem Sigla;Produtivo;2002-07-01;2003-08-31;C099-Inativos;False;Inativo
1990266;ENCONTRO DE CONTAS-OPER./MANUT;Sem Sigla;Produtivo;2002-07-01;2003-08-31;C099-Inativos;False;Inativo
1990283;DEPRECIACAO-DEO;Sem Sigla;Produtivo;2002-07-01;2003-08-31;C099-Inativos;False;Inativo
1990289;DEPRECIACAO EDIF. E DEPEND.;Sem Sigla;Produtivo;2002-07-01;2003-08-31;C099-Inativos;False;Inativo
1990300;COMUNIC. E MARKETING;Sem Sigla;Produtivo;2002-07-01;2003-08-31;C099-Inativos;False;Inativo
1990310;COORDENACAO TECNICA DE PROJETOS;Sem Sigla;Produtivo;2002-07-01;2003-08-31;C099-Inativos;False;Inativo
1990317;CESG - SEGURANCA E PROTECAO;Sem Sigla;Produtivo;2002-07-01;2003-08-31;C099-Inativos;False;Inativo
1990324;RECRUT. SELECAO E TREINAMENTO;Sem Sigla;Produtivo;2002-07-01;2003-08-31;C099-Inativos;False;Inativo
1990331;HIGIENE E SEGURANCA DO TRABALHO;Sem Sigla;Produtivo;2002-07-01;2003-08-31;C099-Inativos;False;Inativo
1990339;ACOMPANHAMENTO E CONTROLE DA PRODUÇÃO;Sem Sigla;Produtivo;2002-07-01;2003-08-31;C099-Inativos;False;Inativo
1990344;NUCLEO EXECUTIVO DE OPERAÇÕES;Sem Sigla;Produtivo;2002-07-01;2003-08-31;C099-Inativos;False;Inativo
1990356;TECNICA DE SEGURANCA DO TRABALHO;Sem Sigla;Produtivo;1900-01-01;2002-06-30;C099-Inativos;False;Inativo
1990362;MED. OCUPAC. E DESENV. SOCIAL - P. ALTIN;Sem Sigla;Produtivo;1900-01-01;2002-06-30;C099-Inativos;False;Inativo
1990372;RECRUT.,SELEÇÃO E TREINAMENTO;Sem Sigla;Produtivo;1900-01-01;2002-06-30;C099-Inativos;False;Inativo
1990381;DEPTO. DE ADM. DE PESSOAL;Sem Sigla;Produtivo;1900-01-01;2002-06-30;C099-Inativos;False;Inativo
1990391;DEPTO. DE HIGIENE E SEG.DO TRABALHO;Sem Sigla;Produtivo;1900-01-01;2002-06-30;C099-Inativos;False;Inativo
1990401;GESTÃO DE ESTOQUES;Sem Sigla;Produtivo;1900-01-01;2002-06-30;C099-Inativos;False;Inativo
1990408;ALM. LAPA-SUCATA (A-003);Sem Sigla;Produtivo;1900-01-01;2002-06-30;C099-Inativos;False;Inativo
1990416;DEPART. DE COMPRAS E CONTRATACOES;Sem Sigla;Produtivo;1900-01-01;2002-06-30;C099-Inativos;False;Inativo
1990430;SERV. GERAIS-LAPA;Sem Sigla;Produtivo;1900-01-01;2002-06-30;C099-Inativos;False;Inativo
1990441;SEG.PATRIMONIAL-ORCA/SUL;Sem Sigla;Produtivo;1900-01-01;2002-06-30;C099-Inativos;False;Inativo
1990448;SEG.PATRIMONIAL-LINHA B/C;Sem Sigla;Produtivo;1900-01-01;2002-06-30;C099-Inativos;False;Inativo
1990456;SEG.PATRIMONIAL-EXPRESSO LESTE;Sem Sigla;Produtivo;1900-01-01;2002-06-30;C099-Inativos;False;Inativo
1990472;INF. E DOCUMENTAÇÃO;Sem Sigla;Produtivo;1900-01-01;2002-06-30;C099-Inativos;False;Inativo
1990482;DEPTO.DE IMPLANTAÇÃO DE SIST.;Sem Sigla;Produtivo;1900-01-01;2002-06-30;C099-Inativos;False;Inativo
1990488;ESCALA MAQUINISTAS GUAIANASES;Sem Sigla;Produtivo;1900-01-01;2002-06-30;C099-Inativos;False;Inativo
1990494;LIMPEZA DE TUE´s NOS TERMINAIS-EXPRE;Sem Sigla;Produtivo;1900-01-01;2002-06-30;C099-Inativos;False;Inativo
1990503;SEG.OPERACIONAL;Sem Sigla;Produtivo;1900-01-01;2002-06-30;C099-Inativos;False;Inativo
1990510;CTRL. DE TRÁFEGO LINHA D-EXEC;Sem Sigla;Produtivo;1900-01-01;2002-06-30;C099-Inativos;False;Inativo
1990520;POSTO COMANDO PÁTIO-PRES. ALTINO;Sem Sigla;Produtivo;1900-01-01;2002-06-30;C099-Inativos;False;Inativo
1990527;ORCA-LINHA C (CIDADE UNIVERSITÁRIA);Sem Sigla;Produtivo;1900-01-01;2002-06-30;C099-Inativos;False;Inativo
1990528;GESTÃO DE QUALIDADE;Sem Sigla;Produtivo;1900-01-01;2002-06-30;C099-Inativos;False;Inativo
1990537;MANUT.SIST. DE ENERG. LINHA;Sem Sigla;Produtivo;1900-01-01;2002-06-30;C099-Inativos;False;Inativo
1990547;REDE AÉREA DOMINGOS DE MORAES;Sem Sigla;Produtivo;1900-01-01;2002-06-30;C099-Inativos;False;Inativo
1990558;MANUT.SIST. DE ENERG. LINHA;Sem Sigla;Produtivo;1900-01-01;2002-06-30;C099-Inativos;False;Inativo
1990567;SUBESTAÇÃO ERMELINO MATARAZZO;Sem Sigla;Produtivo;1900-01-01;2002-06-30;C099-Inativos;False;Inativo
1990577;MANUT. DE TRENS ABRIGO PRES. ALTINO;Sem Sigla;Produtivo;1900-01-01;2002-06-30;C099-Inativos;False;Inativo
1990583;APOIO PORTICOS-ABRIGO PRES. ALTINO;Sem Sigla;Produtivo;1900-01-01;2002-06-30;C099-Inativos;False;Inativo
1990591;PREVENTIVA MEC.-APOIO CORRETIVA;Sem Sigla;Produtivo;1900-01-01;2002-06-30;C099-Inativos;False;Inativo
1990597;CORRETIVA-MANOBRA-ABR. ENG SP;Sem Sigla;Produtivo;1900-01-01;2002-06-30;C099-Inativos;False;Inativo
1990605;USINAGEM E METALURGIA-PRES. ALTINO;Sem Sigla;Produtivo;1900-01-01;2002-06-30;C099-Inativos;False;Inativo
1990615;MANUT. DE EQUIP ELETROPNEUMÁT;Sem Sigla;Produtivo;1900-01-01;2002-06-30;C099-Inativos;False;Inativo
1990621;REPARAÇÃO INTERNA E TESTES DE TUE`S-LA;Sem Sigla;Produtivo;1900-01-01;2002-06-30;C099-Inativos;False;Inativo
1990628;MANUT. SINALIZ.,TELECOMUN. E EQUIP;Sem Sigla;Produtivo;1900-01-01;2002-06-30;C099-Inativos;False;Inativo
1990635;SINALIZAÇÃO LINHA B-PRES. ALTINO;Sem Sigla;Produtivo;1900-01-01;2002-06-30;C099-Inativos;False;Inativo
1990645;SINALIZAÇÃO ENG SEB. GUALBERTO;Sem Sigla;Produtivo;1900-01-01;2002-06-30;C099-Inativos;False;Inativo
1990650;TELECOMUNIC. LAPA;Sem Sigla;Produtivo;1900-01-01;2002-06-30;C099-Inativos;False;Inativo
1990656;MANUT. DE TELECOMUNIC. LINHA C-EX;Sem Sigla;Produtivo;1900-01-01;2002-06-30;C099-Inativos;False;Inativo
1990668;TELECOMUNIC.-RÁDIO-BRAS;Sem Sigla;Produtivo;1900-01-01;2002-06-30;C099-Inativos;False;Inativo
1990679;REST.-LINHA D-EXEC;Sem Sigla;Produtivo;1900-01-01;2002-06-30;C099-Inativos;False;Inativo
1990690;OFICINA ELETRÔNICA-PRES. ALTINO;Sem Sigla;Produtivo;1900-01-01;2002-06-30;C099-Inativos;False;Inativo
1990697;OFICINA DE MANUT. DE SIST. ELÉTRICOS;Sem Sigla;Produtivo;1900-01-01;2002-06-30;C099-Inativos;False;Inativo
1990704;MANUT.VIA PERM. LINHA A;Sem Sigla;Produtivo;1900-01-01;2002-06-30;C099-Inativos;False;Inativo
1990714;MANUT.VIA PERM. LINHA D;Sem Sigla;Produtivo;1900-01-01;2002-06-30;C099-Inativos;False;Inativo
1990723;OFICINA DE SOLDA DE VIA PERM.;Sem Sigla;Produtivo;1900-01-01;2002-06-30;C099-Inativos;False;Inativo
1990731;PROD. DE COMPONENTES-VIA PERM.;Sem Sigla;Produtivo;1900-01-01;2002-06-30;C099-Inativos;False;Inativo
1990737;OFICINA DE MÁQ. DE VIA PERM.;Sem Sigla;Produtivo;1900-01-01;2002-06-30;C099-Inativos;False;Inativo
1990744;OPER. DE EQUIP DE CAPINA QUIMI;Sem Sigla;Produtivo;1900-01-01;2002-06-30;C099-Inativos;False;Inativo
1990756;MANUT. EDIFI.-LINHA B-CHEFIA;Sem Sigla;Produtivo;1900-01-01;2002-06-30;C099-Inativos;False;Inativo
1990764;MANUT. EDIFI.-LINHA C-EXEC;Sem Sigla;Produtivo;1900-01-01;2002-06-30;C099-Inativos;False;Inativo
1990775;EDIFI.-CIVIL-BRAS;Sem Sigla;Produtivo;1900-01-01;2002-06-30;C099-Inativos;False;Inativo
1990783;MANUT. DE OFICINAS GERAIS-LAPA-C;Sem Sigla;Produtivo;1900-01-01;2002-06-30;C099-Inativos;False;Inativo
1990793;PINTURA-PRES. ALTINO;Sem Sigla;Produtivo;1900-01-01;2002-06-30;C099-Inativos;False;Inativo
1990800;SUP.REL.COMUN.PROG. CORPORATIVOS;Sem Sigla;Produtivo;2002-07-01;2003-08-31;C099-Inativos;False;Inativo
1990806;COORDENACAO TECNICA DE PROJETOS;Sem Sigla;Produtivo;2002-07-01;2003-08-31;C099-Inativos;False;Inativo
1101000;DEPARTAMENTO DE AUDITORIA;DRAU;Administrativo;2004-04-01;2004-06-30;C099-Inativos;False;Inativo
1103000;ASSESSORIA DE RELAÇÕES COMUNITÁRIAS;ARC;Administrativo;2004-04-01;2004-06-30;C099-Inativos;False;Inativo
1104000;ASSESSORIA DE GESTÃO EMPRESARIAL;ARG;Administrativo;2004-04-01;2004-06-30;C099-Inativos;False;Inativo
1223000;DEPARTAMENTO DE CONTABILIDADE;DFFC;Administrativo;2004-04-01;2004-06-30;C099-Inativos;False;Inativo
1241000;DEPTO. JURIDICO CONSULTIVO;DFJS;Administrativo;2004-04-01;2004-06-30;C099-Inativos;False;Inativo
1242000;DEPTO. JURÍDICO CONTENCIOSO;DFJC;Administrativo;2004-04-01;2004-06-30;C099-Inativos;False;Inativo
1243000;DEPTO. JURIDICO CONTENCIOSO TRABALHISTA;DFJT;Administrativo;2004-04-01;2004-06-30;C099-Inativos;False;Inativo
1502000;DEPTO. DE PLANEJAMENTO,CONTRÔLE E GESTÃO;DOPC;Operacional;2004-04-01;2004-06-30;C099-Inativos;False;Inativo
1513000;DEPTO. DE ESTAÇÕES;DOPE;Operacional;2004-04-01;2004-06-30;C099-Inativos;False;Inativo
1570000;GERÊNCIA DE MANUT. DE MATERIAL RODANTE;GOR;Manutenção;2004-04-01;2004-06-30;C099-Inativos;False;Inativo
1580000;GERÊNCIA DE CIRCUL. E CONTR.OPERACIONAL;GOC;Operacional;2004-04-01;2004-06-30;C099-Inativos;False;Inativo
1581000;DEPTO. DE CONTROLE OPERACIONAL;DOCO;Operacional;2004-04-01;2004-06-30;C099-Inativos;False;Inativo
1582000;DEPTO. DE CIRCULAÇÃO;DOCC;Operacional;2004-04-01;2004-06-30;C099-Inativos;False;Inativo
1910035;SECRET.DE ESTADO - ADM. PENITENCIÁRIA;Sem Sigla;Administrativo;2004-04-01;2004-06-30;C099-Inativos;False;Inativo
1990524;POSTO CTRL. LOCAL-VARGINHA;Sem Sigla;Produtivo;1900-01-01;2002-06-30;C099-Inativos;False;Inativo
1990525;ORCA-LINHA C (CIDADE UNIVERSITÁRIA);Sem Sigla;Produtivo;1900-01-01;2002-06-30;C099-Inativos;False;Inativo
1990526;ORCA-LINHA C (CIDADE UNIVERSITÁRIA);Sem Sigla;Produtivo;1900-01-01;2002-06-30;C099-Inativos;False;Inativo
1990529;GESTÃO DE QUALIDADE;Sem Sigla;Produtivo;1900-01-01;2002-06-30;C099-Inativos;False;Inativo
1990530;GESTÃO DE QUALIDADE;Sem Sigla;Produtivo;1900-01-01;2002-06-30;C099-Inativos;False;Inativo
1990531;DEPTO.DE GESTÃO DE QUALIDADE;Sem Sigla;Produtivo;1900-01-01;2002-06-30;C099-Inativos;False;Inativo
1990532;ENGENHARIA DE OPERACAO;Sem Sigla;Produtivo;1900-01-01;2002-06-30;C099-Inativos;False;Inativo
1990533;INFORMACAO E QUALIDADE;Sem Sigla;Produtivo;1900-01-01;2002-06-30;C099-Inativos;False;Inativo
1990534;PLANEJAMENTO E GESTÃO;Sem Sigla;Produtivo;1900-01-01;2002-06-30;C099-Inativos;False;Inativo
1990536;DEPART. DE MANUT. DE SISTEMAS DE ALIMENT;Sem Sigla;Produtivo;1900-01-01;2002-06-30;C099-Inativos;False;Inativo
1990538;REDE AÉREA CAIEIRAS;Sem Sigla;Produtivo;1900-01-01;2002-06-30;C099-Inativos;False;Inativo
1990539;REDE AÉREA BARRA FUNDA;Sem Sigla;Produtivo;1900-01-01;2002-06-30;C099-Inativos;False;Inativo
1990540;SUBESTAÇÃO TIETE;Sem Sigla;Produtivo;1900-01-01;2002-06-30;C099-Inativos;False;Inativo
1990541;SUBESTAÇÃO CAIEIRAS;Sem Sigla;Produtivo;1900-01-01;2002-06-30;C099-Inativos;False;Inativo
1990542;SUBESTAÇÃO CAMPO LIMPO;Sem Sigla;Produtivo;1900-01-01;2002-06-30;C099-Inativos;False;Inativo
1990543;SUBESTAÇÃO FRANCISCO MORATO;Sem Sigla;Produtivo;1900-01-01;2002-06-30;C099-Inativos;False;Inativo
1990544;DISTRIBUIÇÃO LAPA;Sem Sigla;Produtivo;1900-01-01;2002-06-30;C099-Inativos;False;Inativo
1990545;MANUT. SIST. DE ENERG. LINHAS;Sem Sigla;Produtivo;1900-01-01;2002-06-30;C099-Inativos;False;Inativo
1990546;REDE AÉREA PRES. ALTINO;Sem Sigla;Produtivo;1900-01-01;2002-06-30;C099-Inativos;False;Inativo
1990548;SUBESTAÇÃO PRES. ALTINO;Sem Sigla;Produtivo;1900-01-01;2002-06-30;C099-Inativos;False;Inativo
1990549;DISTRIBUIÇÃO PRES. ALTINO;Sem Sigla;Produtivo;1900-01-01;2002-06-30;C099-Inativos;False;Inativo
1990550;MANUT. SIST. DE ENERG. LINHAS;Sem Sigla;Produtivo;1900-01-01;2002-06-30;C099-Inativos;False;Inativo
1990551;MANUT.SIST. DE ENERG. LINHA;Sem Sigla;Produtivo;1900-01-01;2002-06-30;C099-Inativos;False;Inativo
1990552;REDE AÉREA MAUÁ;Sem Sigla;Produtivo;1900-01-01;2002-06-30;C099-Inativos;False;Inativo
1990553;SUBESTAÇÃO MAUÁ;Sem Sigla;Produtivo;1900-01-01;2002-06-30;C099-Inativos;False;Inativo
1990555;SUBESTAÇÃO PARI;Sem Sigla;Produtivo;1900-01-01;2002-06-30;C099-Inativos;False;Inativo
1990556;DISTRIBUIÇÃO LUZ;Sem Sigla;Produtivo;1900-01-01;2002-06-30;C099-Inativos;False;Inativo
1990557;DISTRIBUIÇÃO SÃO CAETANO;Sem Sigla;Produtivo;1900-01-01;2002-06-30;C099-Inativos;False;Inativo
1990559;REDE AÉREA CALMON VIANA;Sem Sigla;Produtivo;1900-01-01;2002-06-30;C099-Inativos;False;Inativo
1990560;SUBESTAÇÃO ENG SÃO PAULO;Sem Sigla;Produtivo;1900-01-01;2002-06-30;C099-Inativos;False;Inativo
1990561;SUBESTAÇÃO ITAQUERA;Sem Sigla;Produtivo;1900-01-01;2002-06-30;C099-Inativos;False;Inativo
1990562;SUBESTAÇÃO BRAS CUBAS;Sem Sigla;Produtivo;1900-01-01;2002-06-30;C099-Inativos;False;Inativo
1990563;DISTRIBUIÇÃO BRAS;Sem Sigla;Produtivo;1900-01-01;2002-06-30;C099-Inativos;False;Inativo
1990564;MANUT.SIST. DE ENERG. LINHA;Sem Sigla;Produtivo;1900-01-01;2002-06-30;C099-Inativos;False;Inativo
1990565;REDE AÉREA SEBASTIÇO GUALBERTO;Sem Sigla;Produtivo;1900-01-01;2002-06-30;C099-Inativos;False;Inativo
1990566;SUBESTAÇÃO ENG SEB. GUALBERTO;Sem Sigla;Produtivo;1900-01-01;2002-06-30;C099-Inativos;False;Inativo
1990568;SUBESTAÇÃO CALMON VIANA;Sem Sigla;Produtivo;1900-01-01;2002-06-30;C099-Inativos;False;Inativo
1990569;MANUT. DE TRENS ABRIGO LAPA-EXEC;Sem Sigla;Produtivo;1900-01-01;2002-06-30;C099-Inativos;False;Inativo
1990570;PNEUMÁTICA-ABRIGO LAPA;Sem Sigla;Produtivo;1900-01-01;2002-06-30;C099-Inativos;False;Inativo
1990571;MEC.-ABRIGO LAPA;Sem Sigla;Produtivo;1900-01-01;2002-06-30;C099-Inativos;False;Inativo
1990573;CORRETIVA-ABRIGO LAPA;Sem Sigla;Produtivo;1900-01-01;2002-06-30;C099-Inativos;False;Inativo
1990574;MANOBRA-ABRIGO LAPA;Sem Sigla;Produtivo;1900-01-01;2002-06-30;C099-Inativos;False;Inativo
1990575;FRESADORA-ABRIGO LAPA;Sem Sigla;Produtivo;1900-01-01;2002-06-30;C099-Inativos;False;Inativo
1990576;ALM. DE FERRAM.-ABRIGO LAP;Sem Sigla;Produtivo;1900-01-01;2002-06-30;C099-Inativos;False;Inativo
1990578;PREVENTIVA-MEC.PNEUMÁTICA-ABRIGO;Sem Sigla;Produtivo;1900-01-01;2002-06-30;C099-Inativos;False;Inativo
1990579;PREVENTIVA-ELETROELETRÔNICA-ABRIGO P;Sem Sigla;Produtivo;1900-01-01;2002-06-30;C099-Inativos;False;Inativo
1990580;CORRETIVA-ABRIGO PRES. ALTINO;Sem Sigla;Produtivo;1900-01-01;2002-06-30;C099-Inativos;False;Inativo
1990581;APOIO MANOBRA-ABRIGO PRES. ALTINO;Sem Sigla;Produtivo;1900-01-01;2002-06-30;C099-Inativos;False;Inativo
1990582;APOIO TORNO SUBTERRANEO-ABRIGO PRES. A;Sem Sigla;Produtivo;1900-01-01;2002-06-30;C099-Inativos;False;Inativo
1990584;MANUT. DE TRENS ABRIGO ENG SÃO PAULO;Sem Sigla;Produtivo;1900-01-01;2002-06-30;C099-Inativos;False;Inativo
1990585;PREVENTIVA MEC.-COMPRESSORES/F;Sem Sigla;Produtivo;1900-01-01;2002-06-30;C099-Inativos;False;Inativo
1990586;PREVENTIVA MEC.-PORTAS E PANTOGR;Sem Sigla;Produtivo;1900-01-01;2002-06-30;C099-Inativos;False;Inativo
1990587;PREVENTIVA MEC.-FRESA-ABR. ENG;Sem Sigla;Produtivo;1900-01-01;2002-06-30;C099-Inativos;False;Inativo
1990588;PREVENTIVA MEC.-TRUQUES E RODEIRO;Sem Sigla;Produtivo;1900-01-01;2002-06-30;C099-Inativos;False;Inativo
1990589;PREVENTIVA MEC.-SOLDA-ABR. ENG;Sem Sigla;Produtivo;1900-01-01;2002-06-30;C099-Inativos;False;Inativo
1990590;PREVENTIVA MEC.-ACABAMENTO E CONF;Sem Sigla;Produtivo;1900-01-01;2002-06-30;C099-Inativos;False;Inativo
1990592;PREVENTIVA ELETRICA-MOTORES DE TRAÇÃO;Sem Sigla;Produtivo;1900-01-01;2002-06-30;C099-Inativos;False;Inativo
1990593;PREVENTIVA ELETRICA-SUPRIMENTOS ELTR;Sem Sigla;Produtivo;1900-01-01;2002-06-30;C099-Inativos;False;Inativo
1990594;PREVENTIVA ELETRICA-SIST. DE PROPU;Sem Sigla;Produtivo;1900-01-01;2002-06-30;C099-Inativos;False;Inativo
1990595;PREVENTIVA ELETRICA-SIST. DE COMAN;Sem Sigla;Produtivo;1900-01-01;2002-06-30;C099-Inativos;False;Inativo
1990596;CORRETIVA-ABR. ENG SP;Sem Sigla;Produtivo;1900-01-01;2002-06-30;C099-Inativos;False;Inativo
1990598;CORRETIVA BRAS-ABR. ENG SP;Sem Sigla;Produtivo;1900-01-01;2002-06-30;C099-Inativos;False;Inativo
1990599;CORRETIVA MOGI DAS CRUZES-ABR. ENG SP;Sem Sigla;Produtivo;1900-01-01;2002-06-30;C099-Inativos;False;Inativo
1990601;MANUT. TRENS E EQUIP-PRES. ALTIN;Sem Sigla;Produtivo;1900-01-01;2002-06-30;C099-Inativos;False;Inativo
1990602;MANUT. DE EQUIP ELETROFIXOS;Sem Sigla;Produtivo;1900-01-01;2002-06-30;C099-Inativos;False;Inativo
1990603;MANUT. DE EQUIP ELETROROTATIV;Sem Sigla;Produtivo;1900-01-01;2002-06-30;C099-Inativos;False;Inativo
1990604;MANUT. DE EQUIP MEC;Sem Sigla;Produtivo;1900-01-01;2002-06-30;C099-Inativos;False;Inativo
1990606;PREPARAÇÃO DE COMPONENTES-PRES. ALTIN;Sem Sigla;Produtivo;1900-01-01;2002-06-30;C099-Inativos;False;Inativo
1990607;MANUT. DE EQUIP PNEUMÁTICOS;Sem Sigla;Produtivo;1900-01-01;2002-06-30;C099-Inativos;False;Inativo
1990608;MANUT.TRENS E EQUIP-LAPA-EXECUÇÃO;Sem Sigla;Produtivo;1900-01-01;2002-06-30;C099-Inativos;False;Inativo
1990609;MANUT.EQUIP MEC.-COMPONE;Sem Sigla;Produtivo;1900-01-01;2002-06-30;C099-Inativos;False;Inativo
1990610;MANUT. DE EQUIP MEC;Sem Sigla;Produtivo;1900-01-01;2002-06-30;C099-Inativos;False;Inativo
1990611;MANUT. DE EQUIP MEC;Sem Sigla;Produtivo;1900-01-01;2002-06-30;C099-Inativos;False;Inativo
1990612;PINTURA;Sem Sigla;Produtivo;1900-01-01;2002-06-30;C099-Inativos;False;Inativo
1990613;MANUT. DE MÁQ. E INSTALAÇÕES;Sem Sigla;Produtivo;1900-01-01;2002-06-30;C099-Inativos;False;Inativo
1990614;MANUT. EQUIP ELETROPNEUMÁTICOS;Sem Sigla;Produtivo;1900-01-01;2002-06-30;C099-Inativos;False;Inativo
1990616;USINAGEM E METALURGIA-USINAGEM;Sem Sigla;Produtivo;1900-01-01;2002-06-30;C099-Inativos;False;Inativo
1990617;USINAGEM E METALURGIA-EIXOS E RODAS;Sem Sigla;Produtivo;1900-01-01;2002-06-30;C099-Inativos;False;Inativo
1990618;USINAGEM E METALURGIA-SOLDA E CALDEI;Sem Sigla;Produtivo;1900-01-01;2002-06-30;C099-Inativos;False;Inativo
1990620;USINAGEM E METALURGIA-LAVADOR DE COM;Sem Sigla;Produtivo;1900-01-01;2002-06-30;C099-Inativos;False;Inativo
1990622;REP. INTERNA E TESTES DE TUE`S-LAPA-;Sem Sigla;Produtivo;1900-01-01;2002-06-30;C099-Inativos;False;Inativo
1990623;MANUT. DE EQUIP ELETROROTATIV;Sem Sigla;Produtivo;1900-01-01;2002-06-30;C099-Inativos;False;Inativo
1990624;MANUT. DE EQUIP ELETROROTATIV;Sem Sigla;Produtivo;1900-01-01;2002-06-30;C099-Inativos;False;Inativo
1990625;MANUT. INDUSTRIAL-LOCOMOTIVAS E VAGÔES;Sem Sigla;Produtivo;1900-01-01;2002-06-30;C099-Inativos;False;Inativo
1990626;REPARAÇÃO INTERNA E TESTES DE TUE`S-PR;Sem Sigla;Produtivo;1900-01-01;2002-06-30;C099-Inativos;False;Inativo
1990627;MANUT. SINALIZ.,TELECOMUN. E EQUIP;Sem Sigla;Produtivo;1900-01-01;2002-06-30;C099-Inativos;False;Inativo
1990629;DEPTO.DE MANUT. SINALIZ.,TELECOMUN. E;Sem Sigla;Produtivo;1900-01-01;2002-06-30;C099-Inativos;False;Inativo
1990630;MANUT.SINALIZAÇÃO LINHA A-EXE;Sem Sigla;Produtivo;1900-01-01;2002-06-30;C099-Inativos;False;Inativo
1990631;SINALIZAÇÃO JUNDIAÍ;Sem Sigla;Produtivo;1900-01-01;2002-06-30;C099-Inativos;False;Inativo
1990632;SINALIZAÇÃO FRANCISCO MORATO;Sem Sigla;Produtivo;1900-01-01;2002-06-30;C099-Inativos;False;Inativo
1990633;SINALIZAÇÃO PIRITUBA;Sem Sigla;Produtivo;1900-01-01;2002-06-30;C099-Inativos;False;Inativo
1990634;MANUT. SINALIZAÇÃO LINHA B-EXEC.;Sem Sigla;Produtivo;1900-01-01;2002-06-30;C099-Inativos;False;Inativo
1990636;MANUT. SINALIZAÇÃO LINHA C-EXEC.;Sem Sigla;Produtivo;1900-01-01;2002-06-30;C099-Inativos;False;Inativo
1990637;SINALIZAÇÃO LINHA C-PRES. ALTINO;Sem Sigla;Produtivo;1900-01-01;2002-06-30;C099-Inativos;False;Inativo
1990639;SINALIZAÇÃO LUZ;Sem Sigla;Produtivo;1900-01-01;2002-06-30;C099-Inativos;False;Inativo
1990640;SINALIZAÇÃO SÃO CAETANO;Sem Sigla;Produtivo;1900-01-01;2002-06-30;C099-Inativos;False;Inativo
1990641;SINALIZACAO MAUA;Sem Sigla;Produtivo;1900-01-01;2002-06-30;C099-Inativos;False;Inativo
1990642;MANUT.SINALIZAÇÃO LINHA E-EXE;Sem Sigla;Produtivo;1900-01-01;2002-06-30;C099-Inativos;False;Inativo
1990643;SINALIZAÇÃO BRAS;Sem Sigla;Produtivo;1900-01-01;2002-06-30;C099-Inativos;False;Inativo
1990644;MANUT.SINALIZAÇÃO LINHA F-EX;Sem Sigla;Produtivo;1900-01-01;2002-06-30;C099-Inativos;False;Inativo
1990646;SINALIZAÇÃO MANOEL FEIO;Sem Sigla;Produtivo;1900-01-01;2002-06-30;C099-Inativos;False;Inativo
1990647;SINALIZAÇÃO CALMON VIANA;Sem Sigla;Produtivo;1900-01-01;2002-06-30;C099-Inativos;False;Inativo
1990648;MANUT.TELECOMUNIC. LINHA A;Sem Sigla;Produtivo;1900-01-01;2002-06-30;C099-Inativos;False;Inativo
1990649;TELECOMUNIC. FRANCISCO MORATO;Sem Sigla;Produtivo;1900-01-01;2002-06-30;C099-Inativos;False;Inativo
1990651;TELECOMUNIC.-RADIO-FRANCISCO MORATO;Sem Sigla;Produtivo;1900-01-01;2002-06-30;C099-Inativos;False;Inativo
1990652;MANUT. DE TELECOMUNIC. LINHA B-EX;Sem Sigla;Produtivo;1900-01-01;2002-06-30;C099-Inativos;False;Inativo
1990653;TELEFONIA E FIBRA ÓTICA;Sem Sigla;Produtivo;1900-01-01;2002-06-30;C099-Inativos;False;Inativo
1990654;RÁDIO-SONORIZAÇÃO-CRONOMETRIA-BLOQ;Sem Sigla;Produtivo;1900-01-01;2002-06-30;C099-Inativos;False;Inativo
1990655;TRANSMISSÃO;Sem Sigla;Produtivo;1900-01-01;2002-06-30;C099-Inativos;False;Inativo
1990657;TELEFONIA E FIBRA ÓTICA;Sem Sigla;Produtivo;1900-01-01;2002-06-30;C099-Inativos;False;Inativo
1990659;TRANSMISSÃO;Sem Sigla;Produtivo;1900-01-01;2002-06-30;C099-Inativos;False;Inativo
1990660;MANUT. DE TELECOMUNIC. LINHA D-EX;Sem Sigla;Produtivo;1900-01-01;2002-06-30;C099-Inativos;False;Inativo
1990661;TELECOMUNIC. LUZ;Sem Sigla;Produtivo;1900-01-01;2002-06-30;C099-Inativos;False;Inativo
1990662;TELECOMUNIC.-CENTRAL TELEFÔNICA;Sem Sigla;Produtivo;1900-01-01;2002-06-30;C099-Inativos;False;Inativo
1990663;TELECOMUNIC. MAUÁ;Sem Sigla;Produtivo;1900-01-01;2002-06-30;C099-Inativos;False;Inativo
1990664;TELECOMUNIC.-RADIO-LUZ;Sem Sigla;Produtivo;1900-01-01;2002-06-30;C099-Inativos;False;Inativo
1990665;TELECOMUNIC.-RADIO-MAUÁ;Sem Sigla;Produtivo;1900-01-01;2002-06-30;C099-Inativos;False;Inativo
1990666;MANUT. DE TELECOMUNIC. LINHA E-EX;Sem Sigla;Produtivo;1900-01-01;2002-06-30;C099-Inativos;False;Inativo
1990667;TELECOMUNIC. BRAS;Sem Sigla;Produtivo;1900-01-01;2002-06-30;C099-Inativos;False;Inativo
1990669;MANUT. DE TELECOMUNIC. LINHA F-EX;Sem Sigla;Produtivo;1900-01-01;2002-06-30;C099-Inativos;False;Inativo
1990670;TELECOMUNIC. CALMON VIANA;Sem Sigla;Produtivo;1900-01-01;2002-06-30;C099-Inativos;False;Inativo
1990671;REST.-LINHA A-EXEC;Sem Sigla;Produtivo;1900-01-01;2002-06-30;C099-Inativos;False;Inativo
1990672;REST. PIRITUBA;Sem Sigla;Produtivo;1900-01-01;2002-06-30;C099-Inativos;False;Inativo
1990673;REST.-LINHA B-EXEC;Sem Sigla;Produtivo;1900-01-01;2002-06-30;C099-Inativos;False;Inativo
1990674;REST. CCO-PRES. ALTINO;Sem Sigla;Produtivo;1900-01-01;2002-06-30;C099-Inativos;False;Inativo
1990675;REST.-PRES. ALTINO;Sem Sigla;Produtivo;1900-01-01;2002-06-30;C099-Inativos;False;Inativo
1990676;REST.-BARUERI;Sem Sigla;Produtivo;1900-01-01;2002-06-30;C099-Inativos;False;Inativo
1990678;REST.-LINHA C-EXEC;Sem Sigla;Produtivo;1900-01-01;2002-06-30;C099-Inativos;False;Inativo
1990680;REST. SÃO CAETANO;Sem Sigla;Produtivo;1900-01-01;2002-06-30;C099-Inativos;False;Inativo
1990681;REST. LUZ;Sem Sigla;Produtivo;1900-01-01;2002-06-30;C099-Inativos;False;Inativo
1990682;REST.-CENTRO INF.;Sem Sigla;Produtivo;1900-01-01;2002-06-30;C099-Inativos;False;Inativo
1990683;REST.-LINHA E-EXEC;Sem Sigla;Produtivo;1900-01-01;2002-06-30;C099-Inativos;False;Inativo
1990684;REST. CALMON VIANA;Sem Sigla;Produtivo;1900-01-01;2002-06-30;C099-Inativos;False;Inativo
1990685;REST. BRAS;Sem Sigla;Produtivo;1900-01-01;2002-06-30;C099-Inativos;False;Inativo
1990686;REST.-CENTRO INF. MAN;Sem Sigla;Produtivo;1900-01-01;2002-06-30;C099-Inativos;False;Inativo
1990687;REST.-LINHA F-EXEC.;Sem Sigla;Produtivo;1900-01-01;2002-06-30;C099-Inativos;False;Inativo
1990688;REST. ENG SEBASTIÇO GUALBERT;Sem Sigla;Produtivo;1900-01-01;2002-06-30;C099-Inativos;False;Inativo
1990689;MANUT. DE SIST.-OFICINA ELETRÔN;Sem Sigla;Produtivo;1900-01-01;2002-06-30;C099-Inativos;False;Inativo
1990691;OFICINA ELETRONICA-MAT. RODANTE;Sem Sigla;Produtivo;1900-01-01;2002-06-30;C099-Inativos;False;Inativo
1990692;OFICINA ELETRONICA-SIST. DE CONTROL;Sem Sigla;Produtivo;1900-01-01;2002-06-30;C099-Inativos;False;Inativo
1990693;OFICINA ELETRÔNICA-LAPA-EXECUÇÃO;Sem Sigla;Produtivo;1900-01-01;2002-06-30;C099-Inativos;False;Inativo
1990694;MANUT. DE SIST.-OFICINA ELETR.;Sem Sigla;Produtivo;1900-01-01;2002-06-30;C099-Inativos;False;Inativo
1990695;MANUT. DE SIST.-OFICINA ELÉTR.;Sem Sigla;Produtivo;1900-01-01;2002-06-30;C099-Inativos;False;Inativo
1990698;OFICINA ELETRICA-LAPA-EXECUÇÃO;Sem Sigla;Produtivo;1900-01-01;2002-06-30;C099-Inativos;False;Inativo
1990699;OFICINA DE MANUT. DE SIST. ELÉTRICOS;Sem Sigla;Produtivo;1900-01-01;2002-06-30;C099-Inativos;False;Inativo
1990700;OFICINA DE MANUT. DE SIST. ELÉTRICOS;Sem Sigla;Produtivo;1900-01-01;2002-06-30;C099-Inativos;False;Inativo
1990701;OFICINA DE MANUT. DE SIST. ELÉTRICOS;Sem Sigla;Produtivo;1900-01-01;2002-06-30;C099-Inativos;False;Inativo
1990702;OFICINA DE MANUT. DE SIST. ELÉTRICOS;Sem Sigla;Produtivo;1900-01-01;2002-06-30;C099-Inativos;False;Inativo
1990703;OFICINA ELETRICA-APOIO ADM.;Sem Sigla;Produtivo;1900-01-01;2002-06-30;C099-Inativos;False;Inativo
1990705;VIA PERM. VARZEA PAULISTA;Sem Sigla;Produtivo;1900-01-01;2002-06-30;C099-Inativos;False;Inativo
1990706;VIA PERM. CAIEIRAS;Sem Sigla;Produtivo;1900-01-01;2002-06-30;C099-Inativos;False;Inativo
1990707;VIA PERM. AGUA BRANCA;Sem Sigla;Produtivo;1900-01-01;2002-06-30;C099-Inativos;False;Inativo
1990708;MANUT. VIA PERM. LINHA B-EX;Sem Sigla;Produtivo;1900-01-01;2002-06-30;C099-Inativos;False;Inativo
1990710;VIA PERM.-SOLDA-PRES. ALTINO;Sem Sigla;Produtivo;1900-01-01;2002-06-30;C099-Inativos;False;Inativo
1990711;MANUT. DE VIA PERM. LINHA C;Sem Sigla;Produtivo;1900-01-01;2002-06-30;C099-Inativos;False;Inativo
1990712;VIA PERM. PRES. ALTINO;Sem Sigla;Produtivo;1900-01-01;2002-06-30;C099-Inativos;False;Inativo
1990713;VIA PERM.-SOLDA-PRES. ALTINO;Sem Sigla;Produtivo;1900-01-01;2002-06-30;C099-Inativos;False;Inativo
1990715;VIA PERM. MAUÁ;Sem Sigla;Produtivo;1900-01-01;2002-06-30;C099-Inativos;False;Inativo
1990716;MANUT.VIA PERM. LINHAS E;Sem Sigla;Produtivo;1900-01-01;2002-06-30;C099-Inativos;False;Inativo
1990717;VIA PERM. MOGI DAS CRUZES;Sem Sigla;Produtivo;1900-01-01;2002-06-30;C099-Inativos;False;Inativo
1990718;VIA PERM.-SOLDA-MOGI DAS CRUZES;Sem Sigla;Produtivo;1900-01-01;2002-06-30;C099-Inativos;False;Inativo
1990719;VIA PERM. BRAS;Sem Sigla;Produtivo;1900-01-01;2002-06-30;C099-Inativos;False;Inativo
1990720;MANUT.VIA PERM. LINHA F;Sem Sigla;Produtivo;1900-01-01;2002-06-30;C099-Inativos;False;Inativo
1990721;VIA PERM. ITAIM PAULISTA;Sem Sigla;Produtivo;1900-01-01;2002-06-30;C099-Inativos;False;Inativo
1990722;OFICINA DE SOLDA DE VIA PERM.;Sem Sigla;Produtivo;1900-01-01;2002-06-30;C099-Inativos;False;Inativo
1990724;OFICINA DE SOLDA DE VIA PERM.-CH;Sem Sigla;Produtivo;1900-01-01;2002-06-30;C099-Inativos;False;Inativo
1990725;OFICINA DE SOLDA DE VIA PERM.-E;Sem Sigla;Produtivo;1900-01-01;2002-06-30;C099-Inativos;False;Inativo
1990726;OFICINA DE SOLDA DE VIA PERM.-L;Sem Sigla;Produtivo;1900-01-01;2002-06-30;C099-Inativos;False;Inativo
1990728;PROD. DE COMPONENTES-VIA PERM.;Sem Sigla;Produtivo;1900-01-01;2002-06-30;C099-Inativos;False;Inativo
1990729;PROD. DE COMPONENTES-VIA PERM.;Sem Sigla;Produtivo;1900-01-01;2002-06-30;C099-Inativos;False;Inativo
1990730;PROD. DE COMPONENTES-VIA PERM.;Sem Sigla;Produtivo;1900-01-01;2002-06-30;C099-Inativos;False;Inativo
1990732;OFICINA DE SOLDA DE TRILHO-PIRITUBA;Sem Sigla;Produtivo;1900-01-01;2002-06-30;C099-Inativos;False;Inativo
1990733;PROD. DE COMPONENTES-V.P.-LAPA;Sem Sigla;Produtivo;1900-01-01;2002-06-30;C099-Inativos;False;Inativo
1990734;PROD. DE COMPONENTES-V.P.-LAPA;Sem Sigla;Produtivo;1900-01-01;2002-06-30;C099-Inativos;False;Inativo
1990735;OFICINA DE METALURGIA-LAPA;Sem Sigla;Produtivo;1900-01-01;2002-06-30;C099-Inativos;False;Inativo
1990736;OFICINA DE MÁQ. DE VIA PERM.;Sem Sigla;Produtivo;1900-01-01;2002-06-30;C099-Inativos;False;Inativo
1990738;OFICINA DE MÁQ. DE VIA PERM.;Sem Sigla;Produtivo;1900-01-01;2002-06-30;C099-Inativos;False;Inativo
1990739;OFICINA DE MÁQ. DE VIA PERM.;Sem Sigla;Produtivo;1900-01-01;2002-06-30;C099-Inativos;False;Inativo
1990740;OFIC. VEIC. VIA PERMAN.-MÁQ.;Sem Sigla;Produtivo;1900-01-01;2002-06-30;C099-Inativos;False;Inativo
1990741;OFIC. VEIC. VIA PERMAN.-CAMINHÕES;Sem Sigla;Produtivo;1900-01-01;2002-06-30;C099-Inativos;False;Inativo
1990742;OFIC. VEIC. VIA PERMAN.-MÁQ.;Sem Sigla;Produtivo;1900-01-01;2002-06-30;C099-Inativos;False;Inativo
1990743;OFIC. VEIC. V. P.-OPER. EMPILHADEI;Sem Sigla;Produtivo;1900-01-01;2002-06-30;C099-Inativos;False;Inativo
1990745;OPER. DE MÁQ. PLASSER;Sem Sigla;Produtivo;1900-01-01;2002-06-30;C099-Inativos;False;Inativo
1990747;MANUT.EDIFI.;Sem Sigla;Produtivo;1900-01-01;2002-06-30;C099-Inativos;False;Inativo
1990748;MANUT.EDIFI.-LINHA A;Sem Sigla;Produtivo;1900-01-01;2002-06-30;C099-Inativos;False;Inativo
1990749;MANUT.EDIFI.-LINHA A;Sem Sigla;Produtivo;1900-01-01;2002-06-30;C099-Inativos;False;Inativo
1990750;MANUT.EDIFI.-LINHA A;Sem Sigla;Produtivo;1900-01-01;2002-06-30;C099-Inativos;False;Inativo
1990751;EDIFI.-SUPERVISÃO E APOIO TÉCNICO;Sem Sigla;Produtivo;1900-01-01;2002-06-30;C099-Inativos;False;Inativo
1990752;EDIFI.-HIDRAULICA-LAPA;Sem Sigla;Produtivo;1900-01-01;2002-06-30;C099-Inativos;False;Inativo
1990753;EDIFI.-CIVIL-LAPA;Sem Sigla;Produtivo;1900-01-01;2002-06-30;C099-Inativos;False;Inativo
1990754;EDIFI.-PINTURA-LAPA;Sem Sigla;Produtivo;1900-01-01;2002-06-30;C099-Inativos;False;Inativo
1990755;MANUT. EDIFI.-LINHA B;Sem Sigla;Produtivo;1900-01-01;2002-06-30;C099-Inativos;False;Inativo
1990757;MANUT. EDIFI.-LINHA B-EXEC;Sem Sigla;Produtivo;1900-01-01;2002-06-30;C099-Inativos;False;Inativo
1990758;EDIFI.-SUPERVISÃO E APOIO TÉCNICO;Sem Sigla;Produtivo;1900-01-01;2002-06-30;C099-Inativos;False;Inativo
1990759;EDIFI.-HIDRAULICA-PRES. ALTINO;Sem Sigla;Produtivo;1900-01-01;2002-06-30;C099-Inativos;False;Inativo
1990760;EDIFI.-CIVIL-PRES. ALTINO;Sem Sigla;Produtivo;1900-01-01;2002-06-30;C099-Inativos;False;Inativo
1990761;EDIFI.-PINTURA-PRES. ALTINO;Sem Sigla;Produtivo;1900-01-01;2002-06-30;C099-Inativos;False;Inativo
1990762;MANUT. EDIFI.-LINHA C;Sem Sigla;Produtivo;1900-01-01;2002-06-30;C099-Inativos;False;Inativo
1990763;MANUT. EDIFI.-LINHA C-CHEFIA;Sem Sigla;Produtivo;1900-01-01;2002-06-30;C099-Inativos;False;Inativo
1990766;MANUT.EDIFI.-LINHA D;Sem Sigla;Produtivo;1900-01-01;2002-06-30;C099-Inativos;False;Inativo
1990767;MANUT.EDIFI.-LINHA D;Sem Sigla;Produtivo;1900-01-01;2002-06-30;C099-Inativos;False;Inativo
1990768;MANUT.EDIFI.-LINHA E;Sem Sigla;Produtivo;1900-01-01;2002-06-30;C099-Inativos;False;Inativo
1990769;MANUT.EDIFI.-LINHA E;Sem Sigla;Produtivo;1900-01-01;2002-06-30;C099-Inativos;False;Inativo
1990770;MANUT.EDIFI.-LINHA E;Sem Sigla;Produtivo;1900-01-01;2002-06-30;C099-Inativos;False;Inativo
1990771;MANUT.EDIFI.-EXPRESSO LES;Sem Sigla;Produtivo;1900-01-01;2002-06-30;C099-Inativos;False;Inativo
1990772;EDIFI.-SUPERVISÃO E APOIO TÉCNICO;Sem Sigla;Produtivo;1900-01-01;2002-06-30;C099-Inativos;False;Inativo
1990773;EDIFI.-SUPERVISÃO E APOIO TÉCNICO;Sem Sigla;Produtivo;1900-01-01;2002-06-30;C099-Inativos;False;Inativo
1990774;EDIFI.-HIDRAULICA-BRAS;Sem Sigla;Produtivo;1900-01-01;2002-06-30;C099-Inativos;False;Inativo
1990776;EDIFI.-PINTURA-BRAS;Sem Sigla;Produtivo;1900-01-01;2002-06-30;C099-Inativos;False;Inativo
1990777;EDIFI.-CARPINTARIA-BRAS;Sem Sigla;Produtivo;1900-01-01;2002-06-30;C099-Inativos;False;Inativo
1990778;MANUT.EDIFI.-LINHA F;Sem Sigla;Produtivo;1900-01-01;2002-06-30;C099-Inativos;False;Inativo
1990779;MANUT.EDIFI.-LINHA F;Sem Sigla;Produtivo;1900-01-01;2002-06-30;C099-Inativos;False;Inativo
1990780;MANUT.EDIFI.-LINHA F;Sem Sigla;Produtivo;1900-01-01;2002-06-30;C099-Inativos;False;Inativo
1990781;MANUT. DE OFICINAS GERAIS;Sem Sigla;Produtivo;1900-01-01;2002-06-30;C099-Inativos;False;Inativo
1990782;MANUT. DE OFICINAS GERAIS-LAPA;Sem Sigla;Produtivo;1900-01-01;2002-06-30;C099-Inativos;False;Inativo
1990784;MANUT. DE OFICINAS GERAIS-LAPA-;Sem Sigla;Produtivo;1900-01-01;2002-06-30;C099-Inativos;False;Inativo
1990785;CARPINTARIA-LAPA;Sem Sigla;Produtivo;1900-01-01;2002-06-30;C099-Inativos;False;Inativo
1990786;VIDRAÇARIA-LAPA;Sem Sigla;Produtivo;1900-01-01;2002-06-30;C099-Inativos;False;Inativo
1990787;SERRALERIA-LAPA;Sem Sigla;Produtivo;1900-01-01;2002-06-30;C099-Inativos;False;Inativo
1990788;TAPEÇARIA-LAPA;Sem Sigla;Produtivo;1900-01-01;2002-06-30;C099-Inativos;False;Inativo
1990789;MANUT. DE OFIC. GERAIS-PRES;Sem Sigla;Produtivo;1900-01-01;2002-06-30;C099-Inativos;False;Inativo
1990790;MANUT. DE OFIC. GERAIS-PRES;Sem Sigla;Produtivo;1900-01-01;2002-06-30;C099-Inativos;False;Inativo
1990791;MANUT. DE OFIC. GERAIS-PRES;Sem Sigla;Produtivo;1900-01-01;2002-06-30;C099-Inativos;False;Inativo
1990792;CARPINTARIA/MARCENARIA-PRES. A;Sem Sigla;Produtivo;1900-01-01;2002-06-30;C099-Inativos;False;Inativo
1990794;SOLDA E CALDERARIA-PRES. ALTINO;Sem Sigla;Produtivo;1900-01-01;2002-06-30;C099-Inativos;False;Inativo
1990795;MANUT. DE JANELAS DE TUE'S-PRESIDE;Sem Sigla;Produtivo;1900-01-01;2002-06-30;C099-Inativos;False;Inativo
1990796;SERRALERIA-PRES. ALTINO;Sem Sigla;Produtivo;1900-01-01;2002-06-30;C099-Inativos;False;Inativo
1990797;OFICINA DE COMUNIC. VISUAL-PRESIDEN;Sem Sigla;Produtivo;1900-01-01;2002-06-30;C099-Inativos;False;Inativo
1990798;SEGURANCA OPERACIONAL - EXPR. LESTE;Sem Sigla;Produtivo;1900-01-01;2002-06-30;C099-Inativos;False;Inativo
1990799;AUDITORIA GERAL;Sem Sigla;Produtivo;2002-07-01;2003-08-31;C099-Inativos;False;Inativo
1990802;SUPERINTENDÊNCIA DE PROJ. DE TRANSP.;Sem Sigla;Produtivo;2002-07-01;2003-08-31;C099-Inativos;False;Inativo
1990803;SUPERINTENDÊNCIA DE PLANEJAMENTO EMPRESA;Sem Sigla;Produtivo;2002-07-01;2003-08-31;C099-Inativos;False;Inativo
1990804;COORD. EXEC. DE TECNOLOGIA DA INF.;Sem Sigla;Produtivo;2002-07-01;2003-08-31;C099-Inativos;False;Inativo
1990805;ASSESSORIA DE COORDENAÇÃO DE PROJ.;Sem Sigla;Produtivo;2002-07-01;2003-08-31;C099-Inativos;False;Inativo
1910031;SÃO PAULO TRANSPORTES S/A;Sem Sigla;Administrativo;2003-12-01;2004-06-30;C099-Inativos;False;Inativo
1213000;DEPTO DE COMPRAS;DFCT;Administrativo;2003-10-14;2004-06-30;C099-Inativos;False;Inativo
1910032;AG. REGUL. SERV. PÚBLICOS DE SÃO PAULO;Sem Sigla;Administrativo;2003-12-01;2004-06-30;C099-Inativos;False;Inativo
1910034;LICENÇA SEM VENCIMENTO;Sem Sigla;Administrativo;2003-12-01;2004-06-30;C099-Inativos;False;Inativo
1511000;DEPTO DE PRODUÇÃO DE VIAGENS - E - F;DOEV;Operacional;2002-07-01;2004-06-30;C099-Inativos;False;Inativo
1532118;ESTAÇÃO SAGRADO CORAÇÃO;SCO;Operacional;2002-07-01;2004-06-30;C099-Inativos;False;Inativo
1131000;DEPTO RECRUT., SELEÇÃO E TREINAM.;DRHT;Administrativo;2002-07-01;2004-06-30;C099-Inativos;False;Inativo
1221000;DEPTO DE CONTRÔLE E ORÇAMENTO;DFCO;Administrativo;2002-07-01;2004-06-30;C099-Inativos;False;Inativo
1910007;CIA. PTA. ADMINISTRAÇÃO ATIVOS - CPA;Sem Sigla;Administrativo;2002-07-01;2004-06-30;C099-Inativos;False;Inativo
1910027;SECRET. TRANSP. METROPOLITANOS - STM;Sem Sigla;Administrativo;2002-07-01;2004-06-30;C099-Inativos;False;Inativo
1511300;LIMPEZA TUE´s NOS TERMINAIS - LINHA E;Sem Sigla;Operacional;2002-07-01;2004-06-30;C099-Inativos;False;Inativo
1512208;ESTAÇÃO MOGI DAS CRUZES;MDC;Operacional;2002-07-01;2004-06-30;C099-Inativos;False;Inativo
1512311;ESTAÇÃO CALMON VIANA;Sem Sigla;Operacional;2002-07-01;2004-06-30;C099-Inativos;False;Inativo
1522101;ESTAÇÃO BARRA FUNDA;BFU;Operacional;2002-07-01;2004-06-30;C099-Inativos;False;Inativo
1522114;ESTAÇÃO CAMPO LIMPO PAULISTA;CLP;Operacional;2002-07-01;2004-06-30;C099-Inativos;False;Inativo
1522211;ESTAÇÃO SÃO CAETANO;SCT;Operacional;2002-07-01;2004-06-30;C099-Inativos;False;Inativo
1531600;SOCORRO A ACIDENTES - LINHA B;Sem Sigla;Operacional;2002-07-01;2004-06-30;C099-Inativos;False;Inativo
1532109;ESTAÇÃO QUITAÚNA;QTU;Operacional;2002-07-01;2004-06-30;C099-Inativos;False;Inativo
1532206;ESTAÇÃO PINHEIROS;PIN;Operacional;2002-07-01;2004-06-30;C099-Inativos;False;Inativo
1532218;ESTAÇÃO VARGINHA;VAG;Operacional;2002-07-01;2004-06-30;C099-Inativos;False;Inativo
1910017;MRS LOGÍSTICA S/A;Sem Sigla;Operacional;2002-07-01;2004-06-30;C099-Inativos;False;Inativo
1937100;DEPRECIAÇÃO - TUE´s E LOCOM. - LINHA A;Sem Sigla;Operacional;2002-07-01;2004-06-30;C099-Inativos;False;Inativo
1542023;MANUTENÇÃO DE SUBESTAÇÕES - LINHA C;Sem Sigla;Manutenção;2002-07-01;2004-06-30;C099-Inativos;False;Inativo
1542045;MANUTENÇÃO DA SINALIZAÇÃO - LINHA E;Sem Sigla;Manutenção;2002-07-01;2004-06-30;C099-Inativos;False;Inativo
1542071;OFICINA ELETRÔNICA - PRESIDENTE ALTINO;Sem Sigla;Manutenção;2002-07-01;2004-06-30;C099-Inativos;False;Inativo
1544016;MANUTENÇÃO - VIA PERMANENTE - LINHA F;Sem Sigla;Manutenção;2002-07-01;2004-06-30;C099-Inativos;False;Inativo
1545031;OFICINAS GERAIS - LAPA;Sem Sigla;Manutenção;2002-07-01;2004-06-30;C099-Inativos;False;Inativo
1933300;DEPRECIAÇÃO - EQUIP. MÁQ. FERRAM. - C;Sem Sigla;Manutenção;2002-07-01;2004-06-30;C099-Inativos;False;Inativo
1936600;DEPRECIAÇÃO - SUPERESTR. V. P. - F;Sem Sigla;Manutenção;2002-07-01;2004-06-30;C099-Inativos;False;Inativo
1130000;GER. DESENV. ORGAN. REC. HUMANOS;GRH;Administrativo;2002-07-01;2004-06-30;C099-Inativos;False;Inativo
1230000;GERÊNCIA DE ADMINISTRAÇÃO DO PATRIMONIO;GFP;Administrativo;2002-07-01;2004-06-30;C099-Inativos;False;Inativo
1910005;CIA. DESENV. HABITACIONAL URBANO DE S.P.;Sem Sigla;Administrativo;2002-07-01;2004-06-30;C099-Inativos;False;Inativo
1511700;CONTROLE DE TRÁFEGO - CCO BRAS;Sem Sigla;Operacional;2002-07-01;2004-06-30;C099-Inativos;False;Inativo
1512303;ESTAÇÃO ENGº TRINDADE;ETR;Operacional;2002-07-01;2004-06-30;C099-Inativos;False;Inativo
1512406;ESTAÇÃO GUAIANAZES (EXPRESSO LESTE);GUA;Operacional;2002-07-01;2004-06-30;C099-Inativos;False;Inativo
1521300;MOVIMENTO DE TRENS - LINHA D;Sem Sigla;Operacional;2002-07-01;2004-06-30;C099-Inativos;False;Inativo
1522108;ESTAÇÃO PERÚS;PRU;Operacional;2002-07-01;2004-06-30;C099-Inativos;False;Inativo
1522205;ESTAÇÃO GUAPITUBA;GPT;Operacional;2002-07-01;2004-06-30;C099-Inativos;False;Inativo
1531200;MOVIMENTO DE TRENS - LINHA B;Sem Sigla;Operacional;2002-07-01;2004-06-30;C099-Inativos;False;Inativo
1532107;ESTAÇÃO OSASCO;OSA;Operacional;2002-07-01;2004-06-30;C099-Inativos;False;Inativo
1532200;OPERAÇÃO DE ESTAÇÕES - LINHA C;Sem Sigla;Operacional;2002-07-01;2004-06-30;C099-Inativos;False;Inativo
1532216;ESTAÇÃO INTERLAGOS;INT;Operacional;2002-07-01;2004-06-30;C099-Inativos;False;Inativo
1550000;GERÊNCIA DE SEGURANÇA;GOS;Operacional;2002-07-01;2004-06-30;C099-Inativos;False;Inativo
1920400;ENERGIA ELÉTRICA DE TRAÇÃO - LINHA D;Sem Sigla;Operacional;2002-07-01;2004-06-30;C099-Inativos;False;Inativo
1542024;MANUTENÇÃO DE SUBESTAÇÕES - LINHA D;Sem Sigla;Manutenção;2002-07-01;2004-06-30;C099-Inativos;False;Inativo
1542052;MANUTENÇÃO DE TELECOM. - LINHA B;Sem Sigla;Manutenção;2002-07-01;2004-06-30;C099-Inativos;False;Inativo
1543011;MANUTENÇÃO DE TRENS - ABRIGO LAPA;Sem Sigla;Manutenção;2002-07-01;2004-06-30;C099-Inativos;False;Inativo
1543016;MANUT. TRENS E EQUIP. - PRESID. ALTINO;Sem Sigla;Manutenção;2002-07-01;2004-06-30;C099-Inativos;False;Inativo
1545015;MANUTENÇÃO DE EDIFICAÇÕES - LINHA E;Sem Sigla;Manutenção;2002-07-01;2004-06-30;C099-Inativos;False;Inativo
1932200;DEPRECIAÇÃO - EDIF. DEPEND. - LINHA B;Sem Sigla;Manutenção;2002-07-01;2004-06-30;C099-Inativos;False;Inativo
1935600;DEPRECIAÇÃO - SIST. ELÉTR. ELETRÔN. - F;Sem Sigla;Manutenção;2002-07-01;2004-06-30;C099-Inativos;False;Inativo
1990466;DEPTO. DE RECURSOS ADM.;Sem Sigla;Produtivo;1900-01-01;2002-06-30;C099-Inativos;False;Inativo
1990351;CENTRO FORM. PROFISSIONAL - OFICINA;Sem Sigla;Produtivo;1900-01-01;2002-06-30;C099-Inativos;False;Inativo
1990370;RECURSOS HUMANOS;Sem Sigla;Produtivo;1900-01-01;2002-06-30;C099-Inativos;False;Inativo
1990387;ADM.DE SALÁRIOS E BANCO DE DA;Sem Sigla;Produtivo;1900-01-01;2002-06-30;C099-Inativos;False;Inativo
1990420;APOIO ADM.;Sem Sigla;Produtivo;1900-01-01;2002-06-30;C099-Inativos;False;Inativo
1990436;SEG.PATRIMONIAL-PRES. ALT;Sem Sigla;Produtivo;1900-01-01;2002-06-30;C099-Inativos;False;Inativo
1990454;SEG.PATRIMONIAL-LINHA E-EXEC;Sem Sigla;Produtivo;1900-01-01;2002-06-30;C099-Inativos;False;Inativo
1990478;DEPTO.DE OBRAS CIVIS E VIA PERM.;Sem Sigla;Produtivo;1900-01-01;2002-06-30;C099-Inativos;False;Inativo
1990497;CTRL. DE TRÁFEGO LINHA E-EXEC;Sem Sigla;Produtivo;1900-01-01;2002-06-30;C099-Inativos;False;Inativo
1990516;ESCALA MAQUINISTAS CARAPICUIBA;Sem Sigla;Produtivo;1900-01-01;2002-06-30;C099-Inativos;False;Inativo
1990535;GESTAO E QUALIDADE - BRAS;Sem Sigla;Produtivo;1900-01-01;2002-06-30;C099-Inativos;False;Inativo
1937400;DEPRECIAÇÃO - TUE´s E LOCOM. - LINHA D;Sem Sigla;Operacional;2002-07-01;2004-06-30;C099-Inativos;False;Inativo
9.3.0.0.0.00;DEPRECIACAO;Sem Sigla;Administrativo;2004-07-01;2007-08-31;C041-Todas as Linhas Operacionais;False;Inativo
9.3.0.0.0.01;DEPRECIAÇÃO - DF;Sem Sigla;Administrativo;2004-07-01;2008-10-31;C081-Administração;False;Inativo
9.3.0.0.0.02;DEPRECIAÇÃO - DE;Sem Sigla;Administrativo;2004-07-01;2008-10-31;C081-Administração;False;Inativo
9.3.0.0.0.03;DEPRECIAÇÃO - DP;Sem Sigla;Administrativo;2004-07-01;2008-10-31;C081-Administração;False;Inativo
9.3.0.0.0.04;DEPRECIAÇÃO - PR;Sem Sigla;Administrativo;2004-07-01;2008-10-31;C081-Administração;False;Inativo
9.3.2.0.0.01;DEPRECIAÇÃO - EDIF. DEPEND. - LINHA 7;Sem Sigla;Manutenção;2004-07-01;2008-10-31;C007-Linha: 7 - Rubi;False;Inativo
9.3.2.0.0.02;DEPRECIAÇÃO - EDIF. DEPEND. - LINHA 8;Sem Sigla;Manutenção;2004-07-01;2008-10-31;C008-Linha: 8 - Diamante;False;Inativo
9.3.2.0.0.03;DEPRECIAÇÃO - EDIF. DEPEND. - LINHA 9;Sem Sigla;Manutenção;2004-07-01;2008-10-31;C009-Linha: 9 - Esmeralda;False;Inativo
9.3.2.0.0.04;DEPRECIAÇÃO - EDIF. DEPEND. - LINHA 10;Sem Sigla;Manutenção;2004-07-01;2008-10-31;C010-Linha: 10 - Turquesa;False;Inativo
9.3.2.0.0.05;DEPRECIAÇÃO - EDIF. DEPEND. - LINHA 11;Sem Sigla;Manutenção;2004-07-01;2008-10-31;C011-Linha: 11 - Coral;False;Inativo
9.3.2.0.0.06;DEPRECIAÇÃO - EDIF. DEPEND. - LINHA 12;Sem Sigla;Manutenção;2004-07-01;2008-10-31;C012-Linha: 12 - Safira;False;Inativo
9.3.3.0.0.01;DEPRECIAÇÃO - EQUIP. MÁQ. FERRAM. - 7;Sem Sigla;Manutenção;2004-07-01;2008-10-31;C007-Linha: 7 - Rubi;False;Inativo
9.3.3.0.0.02;DEPRECIAÇÃO - EQUIP. MÁQ. FERRAM. - 8;Sem Sigla;Manutenção;2004-07-01;2008-10-31;C008-Linha: 8 - Diamante;False;Inativo
9.3.3.0.0.03;DEPRECIAÇÃO - EQUIP. MÁQ. FERRAM. - 9;Sem Sigla;Manutenção;2004-07-01;2008-10-31;C009-Linha: 9 - Esmeralda;False;Inativo
9.3.3.0.0.04;DEPRECIAÇÃO - EQUIP. MÁQ. FERRAM. - 10;Sem Sigla;Manutenção;2004-07-01;2008-10-31;C010-Linha: 10 - Turquesa;False;Inativo
9.3.3.0.0.05;DEPRECIAÇÃO - EQUIP. MÁQ. FERRAM. - 11;Sem Sigla;Manutenção;2004-07-01;2008-10-31;C011-Linha: 11 - Coral;False;Inativo
9.3.3.0.0.06;DEPRECIAÇÃO - EQUIP. MÁQ. FERRAM. - 12;Sem Sigla;Manutenção;2004-07-01;2008-10-31;C012-Linha: 12 - Safira;False;Inativo
9.3.4.0.0.01;DEPRECIAÇÃO - ESTAÇÕES - LINHA 7;Sem Sigla;Operacional;2004-07-01;2008-10-31;C007-Linha: 7 - Rubi;False;Inativo
9.3.4.0.0.02;DEPRECIAÇÃO - ESTAÇÕES - LINHA 8;Sem Sigla;Operacional;2004-07-01;2008-10-31;C008-Linha: 8 - Diamante;False;Inativo
9.3.4.0.0.03;DEPRECIAÇÃO - ESTAÇÕES - LINHA 9;Sem Sigla;Operacional;2004-07-01;2008-10-31;C009-Linha: 9 - Esmeralda;False;Inativo
9.3.4.0.0.04;DEPRECIAÇÃO - ESTAÇÕES - LINHA 10;Sem Sigla;Operacional;2004-07-01;2008-10-31;C010-Linha: 10 - Turquesa;False;Inativo
9.3.4.0.0.05;DEPRECIAÇÃO - ESTAÇÕES - LINHA 11;Sem Sigla;Operacional;2004-07-01;2008-10-31;C011-Linha: 11 - Coral;False;Inativo
9.3.4.0.0.06;DEPRECIAÇÃO - ESTAÇÕES - LINHA 12;Sem Sigla;Operacional;2004-07-01;2008-10-31;C012-Linha: 12 - Safira;False;Inativo
9.3.5.0.0.01;DEPRECIAÇÃO - SIST. ELÉTR. ELETRÔN. - 7;Sem Sigla;Manutenção;2004-07-01;2008-10-31;C007-Linha: 7 - Rubi;False;Inativo
9.3.5.0.0.02;DEPRECIAÇÃO - SIST. ELÉTR. ELETRÔN. - 8;Sem Sigla;Manutenção;2004-07-01;2008-10-31;C008-Linha: 8 - Diamante;False;Inativo
9.3.5.0.0.03;DEPRECIAÇÃO - SIST. ELÉTR. ELETRÔN. - 9;Sem Sigla;Manutenção;2004-07-01;2008-10-31;C009-Linha: 9 - Esmeralda;False;Inativo
9.3.5.0.0.04;DEPRECIAÇÃO - SIST. ELÉTR. ELETRÔN. - 1;Sem Sigla;Manutenção;2004-07-01;2008-10-31;C010-Linha: 10 - Turquesa;False;Inativo
9.3.5.0.0.05;DEPRECIAÇÃO - SIST. ELÉTR. ELETRÔN. - 1;Sem Sigla;Manutenção;2004-07-01;2008-10-31;C011-Linha: 11 - Coral;False;Inativo
9.3.5.0.0.06;DEPRECIAÇÃO - SIST. ELÉTR. ELETRÔN. - 1;Sem Sigla;Manutenção;2004-07-01;2008-10-31;C012-Linha: 12 - Safira;False;Inativo
9.3.6.0.0.01;DEPRECIAÇÃO - SUPERESTR. V. P. - 7;Sem Sigla;Manutenção;2004-07-01;2008-10-31;C007-Linha: 7 - Rubi;False;Inativo
9.3.6.0.0.02;DEPRECIAÇÃO - SUPERESTR. V. P. - 8;Sem Sigla;Manutenção;2004-07-01;2008-10-31;C008-Linha: 8 - Diamante;False;Inativo
9.3.6.0.0.03;DEPRECIAÇÃO - SUPERESTR. V. P. - 9;Sem Sigla;Manutenção;2004-07-01;2008-10-31;C009-Linha: 9 - Esmeralda;False;Inativo
9.3.6.0.0.04;DEPRECIAÇÃO - SUPERESTR. V. P. - 10;Sem Sigla;Manutenção;2004-07-01;2008-10-31;C010-Linha: 10 - Turquesa;False;Inativo
9.3.6.0.0.05;DEPRECIAÇÃO - SUPERESTR. V. P. - 11;Sem Sigla;Manutenção;2004-07-01;2008-10-31;C011-Linha: 11 - Coral;False;Inativo
9.3.6.0.0.06;DEPRECIAÇÃO - SUPERESTR. V. P. - 12;Sem Sigla;Manutenção;2004-07-01;2008-10-31;C012-Linha: 12 - Safira;False;Inativo
9.3.7.0.0.01;DEPRECIAÇÃO - TUE´s E LOCOM. - LINHA 7;Sem Sigla;Operacional;2004-07-01;2008-10-31;C007-Linha: 7 - Rubi;False;Inativo
9.3.7.0.0.02;DEPRECIAÇÃO - TUE´s E LOCOM. - LINHA 8;Sem Sigla;Operacional;2004-07-01;2008-10-31;C008-Linha: 8 - Diamante;False;Inativo
9.3.7.0.0.03;DEPRECIAÇÃO - TUE´s E LOCOM. - LINHA 9;Sem Sigla;Operacional;2004-07-01;2008-10-31;C009-Linha: 9 - Esmeralda;False;Inativo
9.3.7.0.0.04;DEPRECIAÇÃO - TUE´s E LOCOM. - LINHA 1;Sem Sigla;Operacional;2004-07-01;2008-10-31;C010-Linha: 10 - Turquesa;False;Inativo
9.3.7.0.0.05;DEPRECIAÇÃO - TUE´s E LOCOM. - LINHA 1;Sem Sigla;Operacional;2004-07-01;2008-10-31;C011-Linha: 11 - Coral;False;Inativo
9.3.7.0.0.06;DEPRECIAÇÃO - TUE´s E LOCOM. - LINHA 1;Sem Sigla;Operacional;2004-07-01;2008-10-31;C012-Linha: 12 - Safira;False;Inativo
9.3.8.0.0.01;DEPRECIAÇÃO - VEÍCULOS RODOV. - MANUT.;Sem Sigla;Manutenção;2004-07-01;2008-10-31;C012-Linha: 12 - Safira;False;Inativo
5.2.5.2.1.00;OFICINA DE MÁQ. DE VIA PERMANENTE - LAPA;DOFV;Manutenção;2004-07-01;2008-10-31;C041-Todas as Linhas Operacionais;False;Inativo
5.2.5.3.1.00;OFICINA SOLDA VIA PERMANENTE - PIRITUBA;DOFV;Manutenção;2004-07-01;2008-10-31;C041-Todas as Linhas Operacionais;False;Inativo
5.2.5.4.1.00;OFICINA PROD.COMPON.-VIA PERMAN. - LAPA;DOFV;Manutenção;2004-07-01;2008-10-31;C041-Todas as Linhas Operacionais;False;Inativo
9.0.0.2.0.11;ASSEMBLEIA LEGISLATIVA DE SÃO PAULO;Sem Sigla;Administrativo;2004-08-01;2008-10-31;C081-Administração;False;Inativo
9.0.0.2.0.12;SECRETARIA ESTAD.ASSIST.E DESENV.SOCIAL;Sem Sigla;Administrativo;2004-08-01;2008-10-31;C081-Administração;False;Inativo
9.0.0.2.0.13;SECRETARIA DE ECONOMIA E PLANEJAMENTO;Sem Sigla;Administrativo;2004-08-01;2008-10-31;C081-Administração;False;Inativo
9.2.0.0.0.06;ENERGIA ELÉTRICA DE TRAÇÃO - LINHA 12;Sem Sigla;Operacional;2004-07-01;2008-10-31;C012-Linha: 12 - Safira;False;Inativo
5.6.2.1.0.00;SEGURANÇA OPERACIONAL - LINHA 7 / 10;DOSV;Operacional;2004-07-01;2008-10-31;C031-Linhas: 7/10 - Rubi/Turquesa;False;Inativo
5.6.2.2.0.00;SEGURANÇA OPERACIONAL - LINHA 8 / 9;DOSV;Operacional;2004-07-01;2008-10-31;C032-Linhas: 8/9 - Diamante/Esmeralda;False;Inativo
5.6.2.3.0.00;SEGURANÇA OPERACIONAL - LINHA 11 / 12;DOSV;Operacional;2004-07-01;2008-10-31;C033-Linhas: 11/12 - Coral/Safira;False;Inativo
5.6.2.4.0.00;SEGURANÇA PATIO E ESTAÇÃO SÃO VICENTE;DOSV;Operacional;2004-07-01;2008-10-31;C031-Linhas: 7/10 - Rubi/Turquesa;False;Inativo
9.0.0.0.0.00;DIVERSOS;Sem Sigla;Administrativo;2004-07-01;2007-12-31;C081-Administração;False;Inativo
9.0.0.1.0.01;CIA. BRAS. TRENS URBANOS - CBTU (ERSP);Sem Sigla;Administrativo;2004-07-01;2008-10-31;C081-Administração;False;Inativo
9.0.0.1.0.50;REDE FERROVIÁRIA FEDERAL S/A-ADMINISTR.;Sem Sigla;Administrativo;2004-07-01;2008-10-31;C081-Administração;False;Inativo
9.0.0.1.0.51;REDE FERROVIÁRIA FEDERAL S/A-OPERAÇÃO;Sem Sigla;Operacional;2004-07-01;2008-10-31;C081-Administração;False;Inativo
9.0.0.1.0.52;CIA BRASILEIRA DE TRENS URBANOS-ADM;Sem Sigla;Administrativo;2004-07-01;2008-10-31;C081-Administração;False;Inativo
9.0.0.1.0.53;CIA BRASILEIRA DE TRENS URBANOS-OPE;Sem Sigla;Operacional;2004-07-01;2008-10-31;C071-Custos Indiretos - Operação;False;Inativo
9.0.0.2.0;MÃO-DE-OBRA CEDIDA - ESTADUAL;Sem Sigla;Administrativo;2004-07-01;2008-10-31;C081-Administração;False;Inativo
9.0.0.2.0.01;SECRET. TRANSP. METROPOLITANOS - STM;Sem Sigla;Administrativo;2004-07-01;2008-10-31;C081-Administração;False;Inativo
9.0.0.2.0.02;SECRETARIA DA FAZENDA;Sem Sigla;Administrativo;2004-07-01;2008-10-31;C081-Administração;False;Inativo
9.0.0.2.0.03;SECRET. GOVERNO GESTÃO ESTRATÉGICA;Sem Sigla;Administrativo;2004-07-01;2008-10-31;C081-Administração;False;Inativo
9.0.0.2.0.04;SECRET. EMPREGOS E RELAÇÕES DO TRABALHO;Sem Sigla;Administrativo;2004-07-01;2008-10-31;C081-Administração;False;Inativo
9.0.0.2.0.05;CASA CIVIL - GESP - DF;Sem Sigla;Administrativo;2004-07-01;2008-10-31;C081-Administração;False;Inativo
9.0.0.2.0.06;AG. REGUL. SERV. PÚBLICOS DE SÃO PAULO;Sem Sigla;Administrativo;2004-07-01;2008-10-31;C081-Administração;False;Inativo
9.0.0.2.0.07;UNIVERSIDADE ESTADUAL PAULISTA;Sem Sigla;Administrativo;2004-07-01;2008-10-31;C081-Administração;False;Inativo
9.0.0.2.0.08;CIA. DO METROPOLITANO DE SÃO PAULO;Sem Sigla;Administrativo;2004-07-01;2008-10-31;C081-Administração;False;Inativo
9.0.0.2.0.09;EMPR. METROPOL.TRANSPORTES URBANOS-EMTU;Sem Sigla;Administrativo;2004-07-01;2008-10-31;C081-Administração;False;Inativo
9.0.0.2.0.10;SECRET.DE ESTADO - ADM. PENITENCIÁRIA;Sem Sigla;Administrativo;2004-07-01;2008-10-31;C081-Administração;False;Inativo
9.0.0.2.0.50;UNIVERSIDADE DE CAMPINAS - UNICAMP;Sem Sigla;Administrativo;2004-07-01;2008-10-31;C081-Administração;False;Inativo
9.0.0.2.0.51;SECRET. ADM. E MODERN. SERV. PÚBLICOS;Sem Sigla;Administrativo;2004-07-01;2008-10-31;C081-Administração;False;Inativo
9.0.0.2.0.52;CIA. DESENV. HABITACIONAL URBANO DE S.P.;Sem Sigla;Administrativo;2004-07-01;2008-10-31;C081-Administração;False;Inativo
9.0.0.2.0.53;CIA. PTA. ADMINISTRAÇÃO ATIVOS - CPA;Sem Sigla;Administrativo;2004-07-01;2008-10-31;C081-Administração;False;Inativo
9.0.0.2.0.54;FERROVIA BANDEIRANTE - FERROBAN - ADM;Sem Sigla;Administrativo;2004-07-01;2008-10-31;C081-Administração;False;Inativo
9.0.0.2.0.55;FERROVIA BANDEIRANTE - FERROBAN - OPE;Sem Sigla;Operacional;2004-07-01;2008-10-31;C071-Custos Indiretos - Operação;False;Inativo
9.0.0.2.0.56;SECR. ESTADO AGRICULT. ABASTEC.;Sem Sigla;Administrativo;2004-07-01;2008-10-31;C081-Administração;False;Inativo
9.0.0.3.0.01;CÂMARA MUNICIPAL DE CONCHAS;Sem Sigla;Administrativo;2004-07-01;2008-10-31;C081-Administração;False;Inativo
9.0.0.3.0.02;SÃO PAULO TRANSPORTES S/A;Sem Sigla;Administrativo;2004-07-01;2008-10-31;C081-Administração;False;Inativo
9.0.0.3.0.50;CÂMARA MUNICIPAL DE SANTO ANDRÉ;Sem Sigla;Administrativo;2004-07-01;2008-10-31;C081-Administração;False;Inativo
9.0.0.4.0.01;SIND. TRAB. EMPR. FERROV. S.P. - STEFSP;Sem Sigla;Administrativo;2004-07-01;2008-10-31;C081-Administração;False;Inativo
9.0.0.4.0.02;SIND. TRAB. EMPR. FERROV. Z. SOROCABANA;Sem Sigla;Administrativo;2004-07-01;2008-10-31;C081-Administração;False;Inativo
9.0.0.5.0.01;LICENÇA SEM VENCIMENTOS;Sem Sigla;Administrativo;2004-07-01;2008-10-31;C081-Administração;False;Inativo
9.0.0.5.0.50;DIVERSOS MANUTENÇÃO;Sem Sigla;Manutenção;2004-07-01;2005-12-31;C099-Inativos;False;Inativo
9.0.0.5.0.51;DIVERSOS OPERAÇÃO;Sem Sigla;Operacional;2004-07-01;2005-12-31;C099-Inativos;False;Inativo
9.0.0.5.0.52;ENCONTRO DE CONTAS - ADMINISTRAÇÃO;Sem Sigla;Administrativo;2004-07-01;2008-10-31;C081-Administração;False;Inativo
9.0.0.5.0.53;REFER - DIFERENCIAL DE ALÍQUOTA;Sem Sigla;Administrativo;2004-07-01;2008-10-31;C081-Administração;False;Inativo
9.0.0.5.0.54;MRS LOGÍSTICA S/A-ADMINISTRAÇÃO;Sem Sigla;Administrativo;2004-07-01;2008-10-31;C081-Administração;False;Inativo
9.0.0.5.0.55;MRS LOGÍSTICA S/A-OPERAÇÃO;Sem Sigla;Operacional;2004-07-01;2008-10-31;C071-Custos Indiretos - Operação;False;Inativo
9.0.0.5.0.56;PESSOAL CEDIDO;Sem Sigla;Administrativo;2004-07-01;2005-08-31;C099-Inativos;False;Inativo
9.2.0.0.0.00;ENERG. ELETRICA DE TRACAO;Sem Sigla;Operacional;2004-07-01;2006-12-31;C041-Todas as Linhas Operacionais;False;Inativo
9.2.0.0.0.01;ENERGIA ELÉTRICA DE TRAÇÃO - LINHA 7;Sem Sigla;Operacional;2004-07-01;2008-10-31;C007-Linha: 7 - Rubi;False;Inativo
0;GERAL DA COMPANHIA;GC;Administrativo;2008-07-01;2011-12-31;C081-Administração;False;Inativo
0.0;PRESIDÊNCIA;PR;Administrativo;2008-07-01;2008-10-31;C081-Administração;False;Inativo
2.6.2.0.0.00;DEPTO.DE ADMINISTRAÇÃO DE PESSOAL;DFHP;Administrativo;2007-02-01;2008-06-30;C081-Administração;False;Inativo
2.6.3.0.0.00;DEPTO.DE HIGIENE E SEGURANÇA DO TRABALHO;DFHS;Administrativo;2007-02-01;2008-06-30;C081-Administração;False;Inativo
5.7.1.0.0.00;SERVIÇO DE ATENDIMENTO AO USUÁRIO;SAU;Operacional;2007-01-01;2007-12-31;C071-Custos Indiretos - Operação;False;Inativo
5.7.2.0.0.00;DEPTO.DE PLANEJ.CONTROLE E GESTÃO;DOQC;Operacional;2007-01-01;2007-12-31;C071-Custos Indiretos - Operação;False;Inativo
9.0.0.4.0.03;SIND.TRAB.EMPR.FERR.ZONA CENTRAL BRASIL;CED.;Administrativo;2007-01-01;2008-10-31;C081-Administração;False;Inativo
9.0.0.2.0.17;CIA. TEC. E SANEAMENTO AMBIENTAL;CTS;Administrativo;2007-03-01;2008-10-31;C081-Administração;False;Inativo
5.2.0.0.0.99;CONVÊNIO METRO / CPTM - MANUTENÇÃO;PT-M;Manutenção;2007-01-01;2008-10-31;C011-Linha: 11 - Coral;False;Inativo
5.4.0.0.0.99;CONVÊNIO METRO / CPTM - OPERAÇÃO;PT-O;Operacional;2007-01-01;2008-10-31;C041-Todas as Linhas Operacionais;False;Inativo
3.2.0.0.0.00;GERÊNCIA PROJ FUNC E INTEGR TRANSPORTE;GPI;Administrativo;2007-04-01;2008-10-31;C081-Administração;False;Inativo
4.5.0.0.0.00;GERENCIA ENG SIST E INFRA-ESTRUT-CHEFIA;GEI;Administrativo;2007-04-01;2008-10-31;C081-Administração;False;Inativo
5.4.0.2.0.00;EQUIPE PREV ACIDENTES E REL HUMANAS;GOP;Operacional;2007-04-01;2007-04-01;C099-Inativos;False;Inativo
5.4.3.0.0.00;DEPTO DE ESTAÇÕES-LINHAS A/B/C;DOPO;Operacional;2007-04-01;2007-12-31;C035-Linhas: 7/8/9 - Rubi/Diamante/Esmeralda;False;Inativo
5.4.3.1.0.00;EQUIPE OPERAÇÃO E GESTÃO-ESTAÇÕES A/B/C;DOPO;Operacional;2007-04-01;2007-12-31;C035-Linhas: 7/8/9 - Rubi/Diamante/Esmeralda;False;Inativo
5.4.3.1.1.01;ESTAÇÃO ÁGUA BRANCA;ABR;Operacional;2007-04-01;2007-12-31;C007-Linha: 7 - Rubi;False;Inativo
5.4.3.1.1.02;ESTAÇÃO LAPA - A;LPA;Operacional;2007-04-01;2007-12-31;C007-Linha: 7 - Rubi;False;Inativo
5.4.3.1.1.03;ESTAÇÃO PIQUERI;PQR;Operacional;2007-04-01;2007-12-31;C007-Linha: 7 - Rubi;False;Inativo
5.4.3.1.1.04;ESTAÇÃO PIRITUBA;PRT;Operacional;2007-04-01;2007-12-31;C007-Linha: 7 - Rubi;False;Inativo
5.4.3.1.1.05;ESTAÇÃO VILA CLARISSE;VCL;Operacional;2007-04-01;2007-12-31;C007-Linha: 7 - Rubi;False;Inativo
5.4.3.1.1.06;ESTAÇÃO JARAGUÁ;JRG;Operacional;2007-04-01;2007-12-31;C007-Linha: 7 - Rubi;False;Inativo
5.4.3.1.1.07;ESTAÇÃO PERUS;PRU;Operacional;2007-04-01;2007-12-31;C007-Linha: 7 - Rubi;False;Inativo
5.4.3.1.1.08;ESTAÇÃO CAIEIRAS;CAI;Operacional;2007-04-01;2007-12-31;C007-Linha: 7 - Rubi;False;Inativo
5.4.3.1.1.09;ESTAÇÃO FRANCO DA ROCHA;FDR;Operacional;2007-04-01;2007-12-31;C007-Linha: 7 - Rubi;False;Inativo
5.4.3.1.1.10;ESTAÇÃO BALTAZAR FIDELIS;BFI;Operacional;2007-04-01;2007-12-31;C007-Linha: 7 - Rubi;False;Inativo
5.4.3.1.1.11;ESTAÇÃO FRANCISCO MORATO;FMO;Operacional;2007-04-01;2007-12-31;C007-Linha: 7 - Rubi;False;Inativo
5.4.3.1.1.12;ESTAÇÃO BOTUJURU;BTJ;Operacional;2007-04-01;2007-12-31;C007-Linha: 7 - Rubi;False;Inativo
5.4.3.1.1.14;ESTAÇÃO VÁRZEA PAULISTA;VLP;Operacional;2007-04-01;2007-12-31;C007-Linha: 7 - Rubi;False;Inativo
5.4.3.1.1.13;ESTAÇÃO CAMPO LIMPO PAULISTA;CLP;Operacional;2007-04-01;2007-12-31;C007-Linha: 7 - Rubi;False;Inativo
5.4.3.1.1.15;ESTAÇÃO JUNDIAÍ;JUN;Operacional;2007-04-01;2007-12-31;C007-Linha: 7 - Rubi;False;Inativo
5.4.3.1.2.01;ESTAÇÃO JÚLIO PRESTES;JPR;Operacional;2007-04-01;2007-12-31;C008-Linha: 8 - Diamante;False;Inativo
5.4.3.1.2.02;ESTAÇÃO BARRA FUNDA;BFU;Operacional;2007-04-01;2007-12-31;C008-Linha: 8 - Diamante;False;Inativo
5.4.3.1.2.03;ESTAÇÃO LAPA - B;LAB;Operacional;2007-04-01;2007-12-31;C008-Linha: 8 - Diamante;False;Inativo
5.4.3.1.2.04;ESTAÇÃO DOMINGOS DE MORAIS;DMO;Operacional;2007-04-01;2007-12-31;C008-Linha: 8 - Diamante;False;Inativo
5.4.3.1.2.05;ESTAÇÃO IMPERATRIZ LEOPOLDINA;ILE;Operacional;2007-04-01;2007-12-31;C008-Linha: 8 - Diamante;False;Inativo
5.4.3.1.2.08;ESTAÇÃO COMANDANTE SAMPAIO;CSA;Operacional;2007-04-01;2007-12-31;C008-Linha: 8 - Diamante;False;Inativo
5.4.3.1.2.06;ESTAÇÃO PRESIDENTE ALTINO;PAL;Operacional;2007-04-01;2007-12-31;C008-Linha: 8 - Diamante;False;Inativo
5.4.3.1.2.07;ESTAÇÃO OSASCO;OSA;Operacional;2007-04-01;2007-12-31;C008-Linha: 8 - Diamante;False;Inativo
5.4.3.1.2.09;ESTAÇÃO QUITAÚNA;QTU;Operacional;2007-04-01;2007-12-31;C008-Linha: 8 - Diamante;False;Inativo
5.4.3.1.2.10;ESTAÇÃO GENERAL MIGUEL COSTA;GMC;Operacional;2007-04-01;2007-12-31;C008-Linha: 8 - Diamante;False;Inativo
5.4.3.1.2.11;ESTAÇÃO CARAPICUÍBA;CPB;Operacional;2007-04-01;2007-12-31;C008-Linha: 8 - Diamante;False;Inativo
5.4.3.1.2.12;ESTAÇÃO SANTA TEREZINHA;STE;Operacional;2007-04-01;2007-12-31;C008-Linha: 8 - Diamante;False;Inativo
5.4.3.1.2.13;ESTAÇÃO ANTONIO JOÃO;AJO;Operacional;2007-04-01;2007-12-31;C008-Linha: 8 - Diamante;False;Inativo
5.4.3.1.2.14;ESTAÇÃO BARUERI;BRU;Operacional;2007-04-01;2007-12-31;C008-Linha: 8 - Diamante;False;Inativo
5.4.3.1.2.15;ESTAÇÃO JARDIM BELVAL;JBE;Operacional;2007-04-01;2007-12-31;C008-Linha: 8 - Diamante;False;Inativo
5.4.3.1.2.16;ESTAÇÃO JARDIM SILVEIRA;JSI;Operacional;2007-04-01;2007-12-31;C008-Linha: 8 - Diamante;False;Inativo
5.4.3.1.2.17;ESTAÇÃO JANDIRA;JDI;Operacional;2007-04-01;2007-12-31;C008-Linha: 8 - Diamante;False;Inativo
5.4.3.1.2.18;ESTAÇÃO SAGRADO CORAÇÃO;SCO;Operacional;2007-04-01;2007-12-31;C008-Linha: 8 - Diamante;False;Inativo
5.4.3.1.2.19;ESTAÇÃO ENGENHEIRO CARDOSO;ECD;Operacional;2007-04-01;2007-12-31;C008-Linha: 8 - Diamante;False;Inativo
5.4.3.1.2.20;ESTAÇÃO ITAPEVI;IPV;Operacional;2007-04-01;2007-12-31;C008-Linha: 8 - Diamante;False;Inativo
5.4.3.1.2.21;ESTAÇÃO SANTA RITA;SRT;Operacional;2007-04-01;2007-12-31;C008-Linha: 8 - Diamante;False;Inativo
5.4.3.1.2.22;ESTAÇÃO CIMENRITA;CMR;Operacional;2007-04-01;2007-12-31;C008-Linha: 8 - Diamante;False;Inativo
5.4.3.1.2.23;ESTAÇÃO AMBUITÁ;AMB;Operacional;2007-04-01;2007-12-31;C008-Linha: 8 - Diamante;False;Inativo
5.4.3.1.2.24;ESTAÇÃO AMADOR BUENO;ABU;Operacional;2007-04-01;2007-12-31;C008-Linha: 8 - Diamante;False;Inativo
5.4.3.1.3.01;ESTAÇÃO CEASA;CEA;Operacional;2007-04-01;2007-12-31;C009-Linha: 9 - Esmeralda;False;Inativo
5.4.3.1.3.02;ESTAÇÃO JAGUARÉ;JAG;Operacional;2007-04-01;2007-12-31;C009-Linha: 9 - Esmeralda;False;Inativo
5.4.3.1.3.03;ESTAÇÃO CIDADE UNIVERSITÁRIA;USP;Operacional;2007-04-01;2007-12-31;C009-Linha: 9 - Esmeralda;False;Inativo
5.4.3.1.3.04;ESTAÇÃO PINHEIROS;PIN;Operacional;2007-04-01;2007-12-31;C009-Linha: 9 - Esmeralda;False;Inativo
9.2.0.0.0.02;ENERGIA ELÉTRICA DE TRAÇÃO - LINHA 8;Sem Sigla;Operacional;2004-07-01;2008-10-31;C008-Linha: 8 - Diamante;False;Inativo
9.2.0.0.0.03;ENERGIA ELÉTRICA DE TRAÇÃO - LINHA 9;Sem Sigla;Operacional;2004-07-01;2008-10-31;C009-Linha: 9 - Esmeralda;False;Inativo
9.2.0.0.0.04;ENERGIA ELÉTRICA DE TRAÇÃO - LINHA 10;Sem Sigla;Operacional;2004-07-01;2008-10-31;C010-Linha: 10 - Turquesa;False;Inativo
9.2.0.0.0.05;ENERGIA ELÉTRICA DE TRAÇÃO - LINHA 11;Sem Sigla;Operacional;2004-07-01;2008-10-31;C011-Linha: 11 - Coral;False;Inativo
5.6.2.0.0.00;DEPTO DE SEGURANÇA E VIGILÂNCIA-CHEFIA;DOSV;Operacional;2004-07-01;2008-10-31;C041-Todas as Linhas Operacionais;False;Inativo
5.4.2.2.2.07;ESTAÇÃO VILA OLIMPIA;VOL;Operacional;2004-07-01;2007-03-31;C009-Linha: 9 - Esmeralda;False;Inativo
5.4.2.2.2.08;ESTAÇÃO BERRINI;BRR;Operacional;2004-07-01;2007-03-31;C009-Linha: 9 - Esmeralda;False;Inativo
5.4.2.2.2.09;ESTAÇÃO MORUMBI;MRB;Operacional;2004-07-01;2007-03-31;C009-Linha: 9 - Esmeralda;False;Inativo
5.4.2.2.2.10;ESTAÇÃO GRANJA JULIETA;GJT;Operacional;2004-07-01;2007-03-31;C009-Linha: 9 - Esmeralda;False;Inativo
5.4.2.2.2.11;ESTAÇÃO SANTO AMARO;SAM;Operacional;2004-07-01;2007-03-31;C009-Linha: 9 - Esmeralda;False;Inativo
5.4.2.2.2.12;ESTAÇÃO SOCORRO;SOC;Operacional;2004-07-01;2007-03-31;C009-Linha: 9 - Esmeralda;False;Inativo
5.4.2.2.2.13;ESTAÇÃO JURUBATUBA;JUR;Operacional;2004-07-01;2007-03-31;C009-Linha: 9 - Esmeralda;False;Inativo
5.4.2.2.2.14;ESTAÇÃO INTERLAGOS;INT;Operacional;2004-07-01;2007-03-31;C009-Linha: 9 - Esmeralda;False;Inativo
5.4.2.2.2.15;ESTAÇÃO GRAJAÚ;GRA;Operacional;2004-07-01;2007-03-31;C009-Linha: 9 - Esmeralda;False;Inativo
5.4.2.2.2.16;ESTAÇÃO VARGINHA;VAG;Operacional;2004-07-01;2007-03-31;C009-Linha: 9 - Esmeralda;False;Inativo
5.4.2.3.0.00;EQUIPE-OPERAÇÃO E GESTÃO ESTAÇÕES - E/F;DOPE;Operacional;2004-07-01;2007-03-31;C099-Inativos;False;Inativo
5.4.2.3.1.01;ESTAÇÃO BRÁS (EXPRESSO LESTE);BAS;Operacional;2004-07-01;2007-03-31;C011-Linha: 11 - Coral;False;Inativo
5.4.2.3.1.02;ESTAÇÃO TATUAPÉ (EXPRESSO LESTE);TAT;Operacional;2004-07-01;2007-03-31;C011-Linha: 11 - Coral;False;Inativo
5.4.2.3.1.03;ESTAÇÃO ITAQUERA (EXPRESSO LESTE);ITQ;Operacional;2004-07-01;2007-03-31;C011-Linha: 11 - Coral;False;Inativo
5.4.2.3.1.04;ESTAÇÃO DOM BOSCO (EXPRESSO LESTE);DOB;Operacional;2004-07-01;2007-03-31;C011-Linha: 11 - Coral;False;Inativo
5.4.2.3.1.05;ESTAÇÃO JOSÉ BONIFÁCIO (EXPR. LESTE);JBO;Operacional;2004-07-01;2007-03-31;C011-Linha: 11 - Coral;False;Inativo
5.4.2.3.1.06;ESTAÇÃO GUAIANAZES (EXPRESSO LESTE);GUA;Operacional;2004-07-01;2007-03-31;C011-Linha: 11 - Coral;False;Inativo
5.4.2.3.2.01;ESTAÇÃO ANTONIO GIANETTI NETO;AGN;Operacional;2004-07-01;2007-03-31;C011-Linha: 11 - Coral;False;Inativo
5.4.2.3.2.02;ESTAÇÃO FERRAZ DE VASCONCELOS;FVC;Operacional;2004-07-01;2007-03-31;C011-Linha: 11 - Coral;False;Inativo
5.4.2.3.2.03;ESTAÇÃO POÁ;POA;Operacional;2004-07-01;2007-03-31;C011-Linha: 11 - Coral;False;Inativo
5.4.2.3.2.04;ESTAÇÃO CALMON VIANA;CVN;Operacional;2004-07-01;2007-03-31;C011-Linha: 11 - Coral;False;Inativo
5.4.2.3.2.05;ESTAÇÃO SUZANO;SUZ;Operacional;2004-07-01;2007-03-31;C011-Linha: 11 - Coral;False;Inativo
5.4.2.3.2.06;ESTAÇÃO JUNDIAPEBA;JPB;Operacional;2004-07-01;2007-03-31;C011-Linha: 11 - Coral;False;Inativo
5.4.2.3.2.07;ESTAÇÃO BRÁS CUBAS;BCB;Operacional;2004-07-01;2007-03-31;C011-Linha: 11 - Coral;False;Inativo
5.4.2.3.2.08;ESTAÇÃO MOGI DAS CRUZES;MDC;Operacional;2004-07-01;2007-03-31;C011-Linha: 11 - Coral;False;Inativo
5.4.2.3.2.09;ESTAÇÃO ESTUDANTES;EST;Operacional;2004-07-01;2007-03-31;C011-Linha: 11 - Coral;False;Inativo
5.4.2.3.3.01;ESTAÇÃO ENGº GOULART;EGO;Operacional;2004-07-01;2007-03-31;C012-Linha: 12 - Safira;False;Inativo
5.4.2.3.3.02;ESTAÇÃO COM. ERMELINO MATARAZZO;ERM;Operacional;2004-07-01;2007-03-31;C012-Linha: 12 - Safira;False;Inativo
5.4.2.3.3.03;ESTAÇÃO SÃO MIGUEL PAULISTA;SMP;Operacional;2004-07-01;2007-03-31;C012-Linha: 12 - Safira;False;Inativo
5.4.2.3.3.04;ESTAÇÃO ITAIM PAULISTA;ITI;Operacional;2004-07-01;2007-03-31;C012-Linha: 12 - Safira;False;Inativo
5.4.2.3.3.05;ESTAÇÃO ENGº MANOEL FEIO;EMF;Operacional;2004-07-01;2007-03-31;C012-Linha: 12 - Safira;False;Inativo
5.4.2.3.3.06;ESTAÇÃO ITAQUAQUECETUBA;IQC;Operacional;2004-07-01;2007-03-31;C012-Linha: 12 - Safira;False;Inativo
5.4.2.3.3.07;ESTAÇÃO ARACARÉ;ARC;Operacional;2004-07-01;2007-03-31;C012-Linha: 12 - Safira;False;Inativo
5.4.2.4.0.00;EQUIPE-PREV. A ACIDENTES E REL.HUMANAS;DOPE;Operacional;2004-07-01;2007-03-31;C099-Inativos;False;Inativo
5.4.2.5.0.00;EQUIPE-EDIFICAÇÕES E FALHAS;DOPE;Operacional;2004-07-01;2007-03-31;C099-Inativos;False;Inativo
5.5.0.0.0.00;GERÊNCIA CIRCULAÇÃO E CONTR.OPERACIONAL;GOC;Operacional;2004-07-01;2008-10-31;C071-Custos Indiretos - Operação;False;Inativo
5.5.2.0.0.00;DEPTO DE CONTROLE OPERACIONAL-CHEFIA;DOCO;Operacional;2004-07-01;2008-10-31;C041-Todas as Linhas Operacionais;False;Inativo
5.5.2.1.1.00;CONTROLE DE TRÁFEGO - CCO LUZ;DOCO;Operacional;2004-07-01;2008-10-31;C031-Linhas: 7/10 - Rubi/Turquesa;False;Inativo
5.5.2.1.2.00;CONTROLE DE TRÁFEGO - CCO PRES.ALTINO;DOCO;Operacional;2004-07-01;2008-10-31;C032-Linhas: 8/9 - Diamante/Esmeralda;False;Inativo
5.5.2.1.3.00;CONTROLE DE TRÁFEGO - CCO BRAS;DOCO;Operacional;2004-07-01;2008-10-31;C033-Linhas: 11/12 - Coral/Safira;False;Inativo
5.5.3.0.0.00;DEPTO DE CIRCULAÇÃO;DOCC;Operacional;2004-07-01;2007-12-31;C041-Todas as Linhas Operacionais;False;Inativo
5.5.3.1.1.00;MOVIMENTO DE TRENS - LINHA A/D;DOCC;Operacional;2004-07-01;2007-12-31;C031-Linhas: 7/10 - Rubi/Turquesa;False;Inativo
5.5.3.1.2.00;MOVIMENTO DE TRENS - LINHA B/C;DOCC;Operacional;2004-07-01;2007-12-31;C032-Linhas: 8/9 - Diamante/Esmeralda;False;Inativo
5.5.3.1.3.00;MOVIMENTO DE TRENS - LINHA E/F;DOCC;Operacional;2004-07-01;2007-12-31;C033-Linhas: 11/12 - Coral/Safira;False;Inativo
5.5.3.2.1.00;LAVADOR DE CARROS BARRA FUNDA - A/D;DOCC;Operacional;2004-07-01;2007-12-31;C031-Linhas: 7/10 - Rubi/Turquesa;False;Inativo
5.5.3.2.2.00;LAVADOR DE CARROS PRES. ALTINO - B/C;DOCC;Operacional;2004-07-01;2007-12-31;C032-Linhas: 8/9 - Diamante/Esmeralda;False;Inativo
5.5.3.2.3.00;LAVADOR DE CARROS JUNDIAPEBA - E/F;DOCC;Operacional;2004-07-01;2007-12-31;C033-Linhas: 11/12 - Coral/Safira;False;Inativo
5.6.0.0.0.00;GERÊNCIA DE SEGURANÇA;GOS;Operacional;2004-07-01;2008-10-31;C071-Custos Indiretos - Operação;False;Inativo
5.4.2.2.2.06;ESTAÇÃO CIDADE JARDIM;CJD;Operacional;2004-07-01;2007-03-31;C009-Linha: 9 - Esmeralda;False;Inativo
5.6.1.0.0.00;DEPTO DE EFETIVO E LOGÍSTICA;DOSE;Operacional;2004-07-01;2008-10-31;C041-Todas as Linhas Operacionais;False;Inativo
1.0.0.0.0.00;PRESIDÊNCIA;PR;Administrativo;2004-07-01;2008-06-30;C081-Administração;False;Inativo
1.0.1.0.0.00;DEPARTAMENTO DE AUDITORIA;DRAU;Administrativo;2004-07-01;2006-07-31;C099-Inativos;False;Inativo
0.1.0.0.0.00;GERAL DA COMPANHIA;EGC;Administrativo;2004-07-01;2008-06-30;C081-Administração;False;Inativo
1.0.2.0.0.00;OUVIDORIA;DROV;Administrativo;2004-07-01;2008-06-30;C081-Administração;False;Inativo
1.1.0.0.0.00;GERÊNCIA DE CONTRATAÇÕES E COMPRAS;GRC;Administrativo;2004-07-01;2007-01-31;C099-Inativos;False;Inativo
1.2.0.0.0.00;GERENCIA DE AUDITORIA;GRA;Administrativo;2004-07-01;2008-06-30;C081-Administração;False;Inativo
1.3.0.0.0.00;GABINETE DA PRESIDÊNCIA;PRG;Administrativo;2004-07-01;2008-04-30;C081-Administração;False;Inativo
1.4.0.0.0.00;GERÊNCIA DE MARKETING E DESENV.NEGÓCIOS;GRM;Administrativo;2004-07-01;2008-06-30;C081-Administração;False;Inativo
1.5.0.0.0.00;GERÊNCIA DE TECNOLOGIA DA INFORMAÇÃO;GRI;Administrativo;2004-07-01;2005-05-31;C099-Inativos;False;Inativo
1.6.0.0.0.00;GERÊNCIA DE PROJETOS DE TRANSPORTE;GRT;Administrativo;2004-07-01;2007-01-31;C099-Inativos;False;Inativo
1.7.0.0.0.00;GERÊNCIA DE GESTÃO DA QUALIDADE;GRQ;Administrativo;2004-07-01;2007-01-31;C099-Inativos;False;Inativo
1.8.0.0.0.00;GER. DESENV. ORGAN. REC. HUMANOS;GRH;Administrativo;2004-07-01;2007-01-31;C099-Inativos;False;Inativo
1.8.1.0.0.00;DEPTO RECRUT., SELEÇÃO E TREINAM.;DRHT;Administrativo;2004-07-01;2007-01-31;C099-Inativos;False;Inativo
1.8.2.0.0.00;DEPTO DE ADMINISTRAÇÃO DE PESSOAL;DRHP;Administrativo;2004-07-01;2007-01-31;C099-Inativos;False;Inativo
1.8.3.0.0.00;DEPTO DE HIGIENE E SEGURANÇA DO TRABALHO;DRHS;Administrativo;2004-07-01;2007-01-31;C099-Inativos;False;Inativo
2.0.0.0.0.00;DIRETORIA ADMINISTRATIVA E FINANCEIRA;DF;Administrativo;2004-07-01;2008-10-31;C081-Administração;False;Inativo
2.1.0.0.0.00;GER. FINANÇAS E CONTR. ORÇAMENTÁRIO;GFF;Administrativo;2004-07-01;2008-10-31;C081-Administração;False;Inativo
2.1.1.0.0.00;DEPTO DE CONTRÔLE E ORÇAMENTO;DFFO;Administrativo;2004-07-01;2008-10-31;C081-Administração;False;Inativo
2.1.2.0.0.00;DEPTO DE FINANÇAS;DFFA;Administrativo;2004-07-01;2008-10-31;C081-Administração;False;Inativo
2.1.3.0.0.00;DEPARTAMENTO DE CONTABILIDADE;DFFC;Administrativo;2004-07-01;2008-10-31;C081-Administração;False;Inativo
2.2.0.0.0.00;GERÊNCIA DE CONTRATAÇÕES E COMPRAS;GFC;Administrativo;2007-02-01;2008-10-31;C081-Administração;False;Inativo
2.2.1.0.0.00;DEPTO DE CONTRATAÇÕES;DFCT;Administrativo;2007-02-01;2008-10-31;C081-Administração;False;Inativo
2.2.2.0.0.00;DEPTO DE COMPRAS;DFCP;Administrativo;2007-02-01;2008-10-31;C081-Administração;False;Inativo
2.3.0.0.0.00;GERÊNCIA DE ADMINISTRAÇÃO DO PATRIMÔNIO;GFP;Administrativo;2004-07-01;2008-10-31;C081-Administração;False;Inativo
2.3.1.0.0.00;DEPTO DE PATRIMÔNIO E SERVIÇOS GERAIS;DFPP;Administrativo;2004-07-01;2008-10-31;C081-Administração;False;Inativo
2.3.2.0.0.00;DEPTO DE MATERIAIS;DFPM;Administrativo;2004-07-01;2008-10-31;C081-Administração;False;Inativo
2.4.0.0.0.00;GERÊNCIA JURÍDICA;GFJ;Administrativo;2004-07-01;2005-02-28;C099-Inativos;False;Inativo
2.4.1.0.0.00;DEPTO. JURIDICO CONSULTIVO;DFJS;Administrativo;2004-07-01;2005-02-28;C099-Inativos;False;Inativo
2.4.2.0.0.00;DEPTO. JURÍDICO CONTENCIOSO;DFJC;Administrativo;2004-07-01;2005-02-28;C099-Inativos;False;Inativo
2.4.3.0.0.00;DEPTO. JURIDICO CONTENCIOSO TRABALHISTA;DFJT;Administrativo;2004-07-01;2005-02-28;C099-Inativos;False;Inativo
3.0.0.0.0.00;DIRETORIA DE PLANEJAMENTO;DP;Administrativo;2004-07-01;2008-10-31;C081-Administração;False;Inativo
4.0.0.0.0.00;DIRETORIA DE ENGENHARIA E OBRAS;DE;Administrativo;2004-07-01;2008-10-31;C081-Administração;False;Inativo
4.1.0.0.0.00;GERÊNCIA DE OBRAS E MONTAGENS;GEO;Administrativo;2004-07-01;2008-10-31;C081-Administração;False;Inativo
4.2.0.0.0.00;GERÊNCIA DE COORDENAÇÃO;GEC;Administrativo;2004-07-01;2008-10-31;C081-Administração;False;Inativo
4.3.0.0.0.00;GERÊNCIA DE ENGENHARIA DE INFRAESTRUTURA;GEE;Administrativo;2004-07-01;2007-12-31;C081-Administração;False;Inativo
4.4.0.0.0.00;GERÊNCIA DE ENGENHARIA DE SISTEMAS;GES;Administrativo;2004-07-01;2007-12-31;C081-Administração;False;Inativo
5.0.0.0.0.00;DIRETORIA DE OPERAÇÃO E MANUTENÇÃO;DO;Operacional;2004-07-01;2008-10-31;C071-Custos Indiretos - Operação;False;Inativo
5.0.1.0.0.00;SERVIÇO DE ATENDIMENTO AO USUÁRIO;SAU;Operacional;2004-07-01;2007-01-31;C099-Inativos;False;Inativo
5.0.2.0.0.00;DEPTO DE PLANEJ,CONTRÔLE GESTÃO-CHEFIA;DOPC;Operacional;2008-01-01;2008-06-30;C071-Custos Indiretos - Operação;False;Inativo
5.2.0.0.0.00;GERÊNCIA DE MANUT DE INSTALAÇÕES FIXAS;GOF;Manutenção;2004-07-01;2008-10-31;C041-Todas as Linhas Operacionais;False;Inativo
5.2.3.0.0.00;DEPTO MANUT. SIST. ELÉTR. ELETRÔN.;DOFE;Manutenção;2004-07-01;2007-12-31;C041-Todas as Linhas Operacionais;False;Inativo
5.2.3.1.1.00;MANUTENÇÃO DE REDE AÉREA - LINHA A;DOFE;Manutenção;2004-07-01;2007-12-31;C007-Linha: 7 - Rubi;False;Inativo
5.2.3.1.2.00;MANUTENÇÃO DE REDE AÉREA - LINHA B/C;DOFE;Manutenção;2004-07-01;2007-12-31;C032-Linhas: 8/9 - Diamante/Esmeralda;False;Inativo
5.2.3.1.4.00;MANUTENÇÃO DE REDE AÉREA - LINHA D;DOFE;Manutenção;2004-07-01;2007-12-31;C010-Linha: 10 - Turquesa;False;Inativo
5.2.3.1.5.00;MANUTENÇÃO DE REDE AÉREA - LINHA E/F;DOFE;Manutenção;2004-07-01;2007-12-31;C033-Linhas: 11/12 - Coral/Safira;False;Inativo
5.2.3.1.6.00;MANUTENÇÃO DE REDE AÉREA - LINHA F;DOFE;Manutenção;2004-07-01;2007-03-31;C099-Inativos;False;Inativo
5.2.3.2.1.00;MANUTENÇÃO DE SUBESTAÇÕES - LINHA A;DOFE;Manutenção;2004-07-01;2007-12-31;C007-Linha: 7 - Rubi;False;Inativo
5.2.3.2.2.00;MANUTENÇÃO DE SUBESTAÇÕES - LINHA B/C;DOFE;Manutenção;2004-07-01;2007-12-31;C032-Linhas: 8/9 - Diamante/Esmeralda;False;Inativo
5.2.3.2.4.00;MANUTENÇÃO DE SUBESTAÇÕES - LINHA D;DOFE;Manutenção;2004-07-01;2007-12-31;C010-Linha: 10 - Turquesa;False;Inativo
5.2.3.2.5.00;MANUTENÇÃO DE SUBESTAÇÕES - LINHA E/F;DOFE;Manutenção;2004-07-01;2007-12-31;C033-Linhas: 11/12 - Coral/Safira;False;Inativo
5.2.3.2.6.00;MANUTENÇÃO DE SUBESTAÇÕES - LINHA F;DOFE;Manutenção;2004-07-01;2007-03-31;C099-Inativos;False;Inativo
5.2.3.3.1.00;DISTRIBUIÇÃO - LINHA A/D;DOFE;Manutenção;2004-07-01;2007-12-31;C031-Linhas: 7/10 - Rubi/Turquesa;False;Inativo
5.2.3.3.3.00;DISTRIBUIÇÃO - LINHA B/C;DOFE;Manutenção;2004-07-01;2007-12-31;C032-Linhas: 8/9 - Diamante/Esmeralda;False;Inativo
5.2.3.3.5.00;DISTRIBUIÇÃO - LINHA E/F;DOFE;Manutenção;2004-07-01;2007-12-31;C033-Linhas: 11/12 - Coral/Safira;False;Inativo
5.2.3.4.1.00;MANUTENÇÃO DA SINALIZAÇÃO - LINHA A;DOFE;Manutenção;2004-07-01;2007-12-31;C007-Linha: 7 - Rubi;False;Inativo
5.2.3.4.2.00;MANUTENÇÃO DA SINALIZAÇÃO - LINHA B/C;DOFE;Manutenção;2004-07-01;2007-12-31;C032-Linhas: 8/9 - Diamante/Esmeralda;False;Inativo
5.2.3.4.4.00;MANUTENÇÃO DA SINALIZAÇÃO - LINHA D;DOFE;Manutenção;2004-07-01;2007-12-31;C010-Linha: 10 - Turquesa;False;Inativo
5.2.3.4.5.00;MANUTENÇÃO DA SINALIZAÇÃO - LINHA E;DOFE;Manutenção;2004-07-01;2007-12-31;C011-Linha: 11 - Coral;False;Inativo
5.2.3.4.6.00;MANUTENÇÃO DA SINALIZAÇÃO - LINHA F;DOFE;Manutenção;2004-07-01;2007-12-31;C012-Linha: 12 - Safira;False;Inativo
5.2.3.5.1.00;MANUTENÇÃO DE TELECOM. - LINHA A;DOFE;Manutenção;2004-07-01;2007-12-31;C007-Linha: 7 - Rubi;False;Inativo
5.2.3.5.2.00;MANUTENÇÃO DE TELECOM. - LINHA B/C;DOFE;Manutenção;2004-07-01;2007-12-31;C032-Linhas: 8/9 - Diamante/Esmeralda;False;Inativo
5.2.3.5.4.00;MANUTENÇÃO DE TELECOM. - LINHA D;DOFE;Manutenção;2004-07-01;2007-12-31;C010-Linha: 10 - Turquesa;False;Inativo
5.2.3.5.5.00;MANUTENÇÃO DE TELECOM. - LINHA E / F;DOFE;Manutenção;2004-07-01;2007-12-31;C033-Linhas: 11/12 - Coral/Safira;False;Inativo
5.2.3.7.1.00;OFICINA ELETRÔNICA - PRESIDENTE ALTINO;DOFE;Manutenção;2004-07-01;2007-12-31;C032-Linhas: 8/9 - Diamante/Esmeralda;False;Inativo
5.2.3.7.2.00;OFICINA ELETRÔNICA - LAPA;DOFE;Manutenção;2004-07-01;2007-12-31;C039-Linhas: 7/10/11/12 - Rubi/Turquesa/Coral/Safira;False;Inativo
5.2.3.8.1.00;OFICINA ELÉTRICA - PRESIDENTE ALTINO;DOFE;Manutenção;2004-07-01;2007-12-31;C032-Linhas: 8/9 - Diamante/Esmeralda;False;Inativo
5.2.3.8.2.00;OFICINA ELÉTRICA - LAPA;DOFE;Manutenção;2004-07-01;2007-12-31;C039-Linhas: 7/10/11/12 - Rubi/Turquesa/Coral/Safira;False;Inativo
5.2.4.0.0.00;DEPTO MANUT.OBRAS ARTE,EDIF. EQ.-CHEFIA;DOFO;Manutenção;2004-07-01;2008-10-31;C041-Todas as Linhas Operacionais;False;Inativo
5.2.4.1.1.00;MANUTENÇÃO CIVIL - LAPA;DOFO;Manutenção;2004-07-01;2008-10-31;C039-Linhas: 7/10/11/12 - Rubi/Turquesa/Coral/Safira;False;Inativo
5.2.4.1.2.00;MANUTENÇÃO CIVIL - PRES.ALTINO;DOFO;Manutenção;2004-07-01;2008-10-31;C032-Linhas: 8/9 - Diamante/Esmeralda;False;Inativo
5.2.4.2.1.00;OFICINAS GERAIS - LAPA;DOFO;Manutenção;2004-07-01;2008-10-31;C039-Linhas: 7/10/11/12 - Rubi/Turquesa/Coral/Safira;False;Inativo
5.2.4.2.2.00;OFICINAS GERAIS - PRESIDENTE ALTINO;DOFO;Manutenção;2004-07-01;2008-10-31;C032-Linhas: 8/9 - Diamante/Esmeralda;False;Inativo
5.2.4.3.1.00;OFICINA DE MÁQUINAS DE VIA PERMANENTE;DOFO;Manutenção;2004-07-01;2004-07-06;C099-Inativos;False;Inativo
5.2.4.4.1.00;OFIC. SOLDA VIA PERMANENTE - PIRITUBA;DOFO;Manutenção;2004-07-01;2004-07-06;C099-Inativos;False;Inativo
5.2.4.5.1.00;OFICINA PRODUÇÃO COMPON. - V.P. - LAPA;DOFO;Manutenção;2004-07-01;2004-07-06;C099-Inativos;False;Inativo
5.2.5.0.0.00;DEPTO DE MANUT. VIA PERMANENTE-CHEFIA;DOFV;Manutenção;2004-07-01;2008-10-31;C041-Todas as Linhas Operacionais;False;Inativo
5.2.5.1.1.00;MANUTENÇÃO - VIA PERMANENTE - LINHA 7;DOFV;Manutenção;2004-07-01;2008-10-31;C007-Linha: 7 - Rubi;False;Inativo
5.2.5.1.2.00;MANUTENÇÃO - VIA PERMANENTE - LINHA 8/9;DOFV;Manutenção;2004-07-01;2008-10-31;C032-Linhas: 8/9 - Diamante/Esmeralda;False;Inativo
5.2.5.1.4.00;MANUTENÇÃO - VIA PERMANENTE - LINHA 10;DOFV;Manutenção;2004-07-01;2008-10-31;C010-Linha: 10 - Turquesa;False;Inativo
5.2.5.1.5.00;MANUTENÇÃO - VIA PERMANENTE-LINHA 11/12;DOFV;Manutenção;2004-07-01;2008-10-31;C033-Linhas: 11/12 - Coral/Safira;False;Inativo
5.3.0.0.0.00;GERÊNCIA DE MANUT. DE MATERIAL RODANTE;GOR;Manutenção;2004-07-01;2008-10-31;C041-Todas as Linhas Operacionais;False;Inativo
5.3.3.0.0.00;DEPTO DE MANUTENÇÃO DE MATERIAL RODANTE;DORM;Manutenção;2004-07-01;2007-12-31;C041-Todas as Linhas Operacionais;False;Inativo
5.3.3.1.1.00;MANUT. DE TRENS - ABRIGO LAPA;DORM;Manutenção;2004-07-01;2007-12-31;C031-Linhas: 7/10 - Rubi/Turquesa;False;Inativo
5.3.3.1.2.00;MANUT. DE TRENS - ABRIGO LUZ;DORM;Manutenção;2004-07-01;2007-12-31;C031-Linhas: 7/10 - Rubi/Turquesa;False;Inativo
5.3.3.1.3.00;MANUT. DE TRENS - ABRIGO PRES. ALTINO;DORM;Manutenção;2004-07-01;2007-12-31;C032-Linhas: 8/9 - Diamante/Esmeralda;False;Inativo
5.3.3.1.4.00;MANUT. DE TRENS - ABRIGO ENGª SÃO PAULO;DORM;Manutenção;2004-07-01;2007-12-31;C033-Linhas: 11/12 - Coral/Safira;False;Inativo
5.3.3.1.5.00;MANUT. DE TRENS - ABRIGO ROOSEVELT;DORM;Manutenção;2004-07-01;2007-12-31;C033-Linhas: 11/12 - Coral/Safira;False;Inativo
5.3.3.2.1.00;MANUT. EQPTOS.DOS TRENS - PRES.ALTINO;DORM;Manutenção;2004-07-01;2007-12-31;C032-Linhas: 8/9 - Diamante/Esmeralda;False;Inativo
5.3.3.2.2.00;MANUT. EQPTOS.DOS TRENS - LAPA;DORM;Manutenção;2004-07-01;2007-12-31;C039-Linhas: 7/10/11/12 - Rubi/Turquesa/Coral/Safira;False;Inativo
5.3.3.3.1.00;MANUT. INDUSTRIAL - LOCOMOTIVAS E VAGÔES;DORM;Manutenção;2004-07-01;2007-12-31;C041-Todas as Linhas Operacionais;False;Inativo
5.3.3.4.1.00;SERVIÇOS EXTERNOS - TRENS E EQUIPAMENTOS;DORM;Manutenção;2004-07-01;2007-12-31;C041-Todas as Linhas Operacionais;False;Inativo
5.4.0.0.0.00;GERÊNCIA DE OPERAÇÃO DE ESTAÇÕES;GOP;Operacional;2004-07-01;2007-12-31;C071-Custos Indiretos - Operação;False;Inativo
5.4.2.0.0.00;DEPTO DE ESTAÇÕES;DOPE;Operacional;2004-07-01;2007-03-31;C099-Inativos;False;Inativo
5.4.2.1.0.00;EQUIPE-OPERAÇÃO E GESTÃO ESTAÇÕES - A/D;DOPE;Operacional;2004-07-01;2007-03-31;C099-Inativos;False;Inativo
5.4.2.1.1.01;ESTAÇÃO ÁGUA BRANCA;ABR;Operacional;2004-07-01;2007-03-31;C007-Linha: 7 - Rubi;False;Inativo
5.4.2.1.1.02;ESTAÇÃO LAPA - A;LPA;Operacional;2004-07-01;2007-03-31;C007-Linha: 7 - Rubi;False;Inativo
5.4.2.1.1.03;ESTAÇÃO PIQUERI;PQR;Operacional;2004-07-01;2007-03-31;C007-Linha: 7 - Rubi;False;Inativo
5.4.2.1.1.04;ESTAÇÃO PIRITUBA;PRT;Operacional;2004-07-01;2007-03-31;C007-Linha: 7 - Rubi;False;Inativo
5.4.2.1.1.05;ESTAÇÃO VILA CLARISSE;VCL;Operacional;2004-07-01;2007-03-31;C007-Linha: 7 - Rubi;False;Inativo
5.4.2.1.1.06;ESTAÇÃO JARAGUÁ;JRG;Operacional;2004-07-01;2007-03-31;C007-Linha: 7 - Rubi;False;Inativo
5.4.2.1.1.07;ESTAÇÃO PERÚS;PRU;Operacional;2004-07-01;2007-03-31;C007-Linha: 7 - Rubi;False;Inativo
5.4.2.1.1.08;ESTAÇÃO CAIEIRAS;CAI;Operacional;2004-07-01;2007-03-31;C007-Linha: 7 - Rubi;False;Inativo
5.4.2.1.1.09;ESTAÇÃO FRANCO DA ROCHA;FDR;Operacional;2004-07-01;2007-03-31;C007-Linha: 7 - Rubi;False;Inativo
5.4.2.1.1.10;ESTAÇÃO BALTAZAR FIDELIS;BFI;Operacional;2004-07-01;2007-03-31;C007-Linha: 7 - Rubi;False;Inativo
5.4.2.1.1.11;ESTAÇÃO FRANCISCO MORATO;FMO;Operacional;2004-07-01;2007-03-31;C007-Linha: 7 - Rubi;False;Inativo
5.4.2.1.1.12;ESTAÇÃO BOTUJURÚ;BTJ;Operacional;2004-07-01;2007-03-31;C007-Linha: 7 - Rubi;False;Inativo
5.4.2.1.1.13;ESTAÇÃO CAMPO LIMPO PAULISTA;CLP;Operacional;2004-07-01;2007-03-31;C007-Linha: 7 - Rubi;False;Inativo
5.4.2.1.1.14;ESTAÇÃO VÁRZEA PAULISTA;VLP;Operacional;2004-07-01;2007-03-31;C007-Linha: 7 - Rubi;False;Inativo
5.4.2.1.1.15;ESTAÇÃO JUNDIAÍ;JUN;Operacional;2004-07-01;2007-03-31;C007-Linha: 7 - Rubi;False;Inativo
5.4.2.1.2.01;ESTAÇÃO RIO GRANDE DA SERRA;RGS;Operacional;2004-07-01;2007-03-31;C010-Linha: 10 - Turquesa;False;Inativo
5.4.2.1.2.02;ESTAÇÃO RIBEIRÃO PIRES;RPI;Operacional;2004-07-01;2007-03-31;C010-Linha: 10 - Turquesa;False;Inativo
5.4.2.1.2.03;ESTAÇÃO GUAPITUBA;GPT;Operacional;2004-07-01;2007-03-31;C010-Linha: 10 - Turquesa;False;Inativo
5.4.2.1.2.04;ESTAÇÃO MAUÁ;MAU;Operacional;2004-07-01;2007-03-31;C010-Linha: 10 - Turquesa;False;Inativo
5.4.2.1.2.05;ESTAÇÃO CAPUAVA;CPV;Operacional;2004-07-01;2007-03-31;C010-Linha: 10 - Turquesa;False;Inativo
5.4.2.1.2.06;ESTAÇÃO SANTO ANDRÉ;SAN;Operacional;2004-07-01;2007-03-31;C010-Linha: 10 - Turquesa;False;Inativo
5.4.2.1.2.07;ESTAÇÃO PREFEITO SALADINO;PSA;Operacional;2004-07-01;2007-03-31;C010-Linha: 10 - Turquesa;False;Inativo
5.4.2.1.2.08;ESTAÇÃO UTINGA;UTG;Operacional;2004-07-01;2007-03-31;C010-Linha: 10 - Turquesa;False;Inativo
5.4.2.1.2.09;ESTAÇÃO SÃO CAETANO;SCT;Operacional;2004-07-01;2007-03-31;C010-Linha: 10 - Turquesa;False;Inativo
5.4.2.1.2.10;ESTAÇÃO TAMANDUATEÍ;TMD;Operacional;2004-07-01;2007-03-31;C010-Linha: 10 - Turquesa;False;Inativo
5.4.2.1.2.11;ESTAÇÃO IPIRANGA;IPG;Operacional;2004-07-01;2007-03-31;C010-Linha: 10 - Turquesa;False;Inativo
5.4.2.1.2.12;ESTAÇÃO MOÓCA;MOC;Operacional;2004-07-01;2007-03-31;C010-Linha: 10 - Turquesa;False;Inativo
5.4.2.1.2.13;ESTAÇÃO LUZ;LUZ;Operacional;2004-07-01;2007-03-31;C010-Linha: 10 - Turquesa;False;Inativo
5.4.2.2.0.00;EQUIPE -OPERAÇÃO E GESTÃO ESTAÇÕES - B/C;DOPE;Operacional;2004-07-01;2007-03-31;C099-Inativos;False;Inativo
5.4.2.2.1.01;ESTAÇÃO JULIO PRESTES;JPR;Operacional;2004-07-01;2007-03-31;C008-Linha: 8 - Diamante;False;Inativo
5.4.2.2.1.02;ESTAÇÃO BARRA FUNDA;BFU;Operacional;2004-07-01;2007-03-31;C008-Linha: 8 - Diamante;False;Inativo
5.4.2.2.1.03;ESTAÇÃO LAPA - B;LAB;Operacional;2004-07-01;2007-03-31;C008-Linha: 8 - Diamante;False;Inativo
5.4.2.2.1.04;ESTAÇÃO DOMINGOS DE MORAIS;DMO;Operacional;2004-07-01;2007-03-31;C008-Linha: 8 - Diamante;False;Inativo
5.4.2.2.1.05;ESTAÇÃO IMPERATRIZ LEOPOLDINA;ILE;Operacional;2004-07-01;2007-03-31;C008-Linha: 8 - Diamante;False;Inativo
5.4.2.2.1.06;ESTAÇÃO PRESIDENTE ALTINO;PAL;Operacional;2004-07-01;2007-03-31;C008-Linha: 8 - Diamante;False;Inativo
5.4.2.2.1.07;ESTAÇÃO OSASCO;OSA;Operacional;2004-07-01;2007-03-31;C008-Linha: 8 - Diamante;False;Inativo
5.4.2.2.1.08;ESTAÇÃO COMANDANTE SAMPAIO;CSA;Operacional;2004-07-01;2007-03-31;C008-Linha: 8 - Diamante;False;Inativo
5.4.2.2.1.09;ESTAÇÃO QUITAÚNA;QTU;Operacional;2004-07-01;2007-03-31;C008-Linha: 8 - Diamante;False;Inativo
5.4.2.2.1.10;ESTAÇÃO GENERAL MIGUEL COSTA;GMC;Operacional;2004-07-01;2007-03-31;C008-Linha: 8 - Diamante;False;Inativo
5.4.2.2.1.11;ESTAÇÃO CARAPICUÍBA;CPB;Operacional;2004-07-01;2007-03-31;C008-Linha: 8 - Diamante;False;Inativo
5.4.2.2.1.12;ESTAÇÃO SANTA TEREZINHA;STE;Operacional;2004-07-01;2007-03-31;C008-Linha: 8 - Diamante;False;Inativo
5.4.2.2.1.13;ESTAÇÃO ANTONIO JOÃO;AJO;Operacional;2004-07-01;2007-03-31;C008-Linha: 8 - Diamante;False;Inativo
5.4.2.2.1.14;ESTAÇÃO BARUERI;BRU;Operacional;2004-07-01;2007-03-31;C008-Linha: 8 - Diamante;False;Inativo
5.4.2.2.1.15;ESTAÇÃO JARDIM BELVAL;JBE;Operacional;2004-07-01;2007-03-31;C008-Linha: 8 - Diamante;False;Inativo
5.4.2.2.1.16;ESTAÇÃO JARDIM SILVEIRA;JSI;Operacional;2004-07-01;2007-03-31;C008-Linha: 8 - Diamante;False;Inativo
5.4.2.2.1.17;ESTAÇÃO JANDIRA;JDI;Operacional;2004-07-01;2007-03-31;C008-Linha: 8 - Diamante;False;Inativo
5.4.2.2.1.18;ESTAÇÃO SAGRADO CORAÇÃO;SCO;Operacional;2004-07-01;2007-03-31;C008-Linha: 8 - Diamante;False;Inativo
5.4.2.2.1.20;ESTAÇÃO ITAPEVI;IPV;Operacional;2004-07-01;2007-03-31;C008-Linha: 8 - Diamante;False;Inativo
5.4.2.2.1.21;ESTAÇÃO SANTA RITA;SRT;Operacional;2004-07-01;2007-03-31;C008-Linha: 8 - Diamante;False;Inativo
5.4.2.2.1.22;ESTAÇÃO CIMENRITA;CMR;Operacional;2004-07-01;2007-03-31;C008-Linha: 8 - Diamante;False;Inativo
5.4.2.2.1.23;ESTAÇÃO AMBUITÁ;AMB;Operacional;2004-07-01;2007-03-31;C008-Linha: 8 - Diamante;False;Inativo
5.4.2.2.1.24;ESTAÇÃO AMADOR BUENO;ABU;Operacional;2004-07-01;2007-03-31;C008-Linha: 8 - Diamante;False;Inativo
5.4.2.2.2.01;ESTAÇÃO CEASA;CEA;Operacional;2004-07-01;2007-03-31;C009-Linha: 9 - Esmeralda;False;Inativo
5.4.2.2.2.02;ESTAÇÃO JAGUARÉ;JAG;Operacional;2004-07-01;2007-03-31;C009-Linha: 9 - Esmeralda;False;Inativo
5.4.2.2.2.03;ESTAÇÃO CIDADE UNIVERSITÁRIA;USP;Operacional;2004-07-01;2007-03-31;C009-Linha: 9 - Esmeralda;False;Inativo
5.4.2.2.2.04;ESTAÇÃO PINHEIROS;PIN;Operacional;2004-07-01;2007-03-31;C009-Linha: 9 - Esmeralda;False;Inativo
5.4.2.2.2.05;ESTAÇÃO HEBRAICA/REBOUÇAS;REB;Operacional;2004-07-01;2007-03-31;C009-Linha: 9 - Esmeralda;False;Inativo
9.0.0.3.0.03;SECR. MUNIC. DAS SUBPREF. DE SÃO PAULO;SMS;Administrativo;2005-01-01;2008-10-31;C081-Administração;False;Inativo
1.9.0.0.0.00;GERÊNCIA JURÍDICA;GRJ;Administrativo;2005-03-01;2008-06-30;C081-Administração;False;Inativo
1.9.1.0.0.00;DEPTO. JURÍDICO CONSULTIVO;DRJS;Administrativo;2005-03-01;2008-06-30;C081-Administração;False;Inativo
1.9.2.0.0.00;DEPTO. JURÍDICO CONTENCIOSO;DRJC;Administrativo;2005-03-01;2008-06-30;C081-Administração;False;Inativo
1.9.3.0.0.00;DEPTO. JURÍDICO CONTENCIOSO TRABALHISTA;DRJT;Administrativo;2005-03-01;2008-06-30;C081-Administração;False;Inativo
9.0.0.3.0.04;SECRETARIA DO GOVERNO MUNICIPAL;Sem Sigla;Administrativo;2005-03-01;2008-10-31;C081-Administração;False;Inativo
9.0.0.3.0.05;SECR MUNICIPAL DE INFRA ESTRUTURA URBANA;Sem Sigla;Administrativo;2005-04-01;2008-10-31;C081-Administração;False;Inativo
1.1.1.0.0.00;DEPARTAMENTO DE CONTRATAÇÕES;DRCT;Administrativo;2005-06-01;2007-01-31;C099-Inativos;False;Inativo
1.1.2.0.0.00;DEPARTAMENTO DE COMPRAS;DRCP;Administrativo;2005-06-01;2007-01-31;C099-Inativos;False;Inativo
2.5.0.0.0.00;GERÊNCIA DE TECNOLOGIA DA INFORMAÇÃO;GFI;Administrativo;2005-06-01;2008-10-31;C081-Administração;False;Inativo
9.0.0.3.0.06;EMPRESA MUNICIPAL DE URBANIZAÇÃO;Sem Sigla;Administrativo;2005-09-01;2008-10-31;C081-Administração;False;Inativo
9.0.0.3.0.07;SECRET.MUNICIPAL DE TRANSPORTES;CED;Administrativo;2005-12-01;2008-10-31;C081-Administração;False;Inativo
9.0.0.2.0.15;SECRETARIA DE ESTADO DA CULTURA;Sem Sigla;Administrativo;2006-02-01;2008-10-31;C081-Administração;False;Inativo
1990106;CIRCULAÇÃO E CONDUÇÃO-LINHAS E-F;Sem Sigla;Produtivo;2002-07-01;2003-08-31;C099-Inativos;False;Inativo
9.0.0.1.0.02;CESSÃO-SENADO FEDERAL;CSF;Administrativo;2005-12-01;2008-10-31;C081-Administração;False;Inativo
1990182;CTRL. DE TRÁFEGO LINHA C;Sem Sigla;Produtivo;2002-07-01;2003-08-31;C099-Inativos;False;Inativo
1990256;MANUT.VIA PERM. LINHA F;Sem Sigla;Produtivo;2002-07-01;2003-08-31;C099-Inativos;False;Inativo
1990414;ALM. ALTINO-RECEB/ESTOC;Sem Sigla;Produtivo;1900-01-01;2002-06-30;C099-Inativos;False;Inativo
1990496;CTRL. DE TRÁFEGO LINHA E;Sem Sigla;Produtivo;1900-01-01;2002-06-30;C099-Inativos;False;Inativo
1910033;UNIVERSIDADE ESTADUAL PAULISTA;Sem Sigla;Administrativo;2003-12-01;2004-06-30;C099-Inativos;False;Inativo
5.4.2.2.1.19;ESTAÇÃO ENGENHEIRO CARDOSO;ECD;Operacional;2004-07-01;2007-03-31;C008-Linha: 8 - Diamante;False;Inativo
9.0.0.2.0.14;CASA CIVIL - GESP - SP;Sem Sigla;Administrativo;2004-10-01;2008-10-31;C081-Administração;False;Inativo
9.0.0.2.0.16;INST.ASSIST.MED.SERV.PÚBLICO;Sem Sigla;Administrativo;2006-05-01;2008-10-31;C081-Administração;False;Inativo
0.5.1.0.0.00;GERAL DA OPERAÇÃO;EGO;Operacional;2006-06-01;2008-06-30;C071-Custos Indiretos - Operação;False;Inativo
0.5.2.0.0.00;GERAL DA MANUTENÇÃO;EGM;Manutenção;2006-06-01;2008-06-30;C041-Todas as Linhas Operacionais;False;Inativo
3.1.0.0.0.00;GERÊNCIA DE PLANEJAMENTO DE TRANSPORTES;GPT;Administrativo;2007-02-01;2008-10-31;C081-Administração;False;Inativo
5.7.0.0.0.00;GERÊNCIA DE OPERAÇÃO-LINHAS 7/10-CHEFIA;GOA;Administrativo;2007-01-01;2008-10-31;C071-Custos Indiretos - Operação;False;Inativo
2.6.0.0.0.00;GERÊNCIA DE DESENV.ORGANIZ.E REC.HUMANOS;GFH;Administrativo;2007-02-01;2008-06-30;C081-Administração;False;Inativo
2.6.1.0.0.00;DEPTO.DE RECRUTAM.,SELEÇÃO E TREINAMENTO;DFHT;Administrativo;2007-02-01;2008-06-30;C081-Administração;False;Inativo
9.0.0.2.0.20;CIA. E PROCESS. DE DADOS DO EST.DE S.PAU;PROD;Administrativo;2007-10-01;2008-10-31;C081-Administração;False;Inativo
0.0.1.0.0;ASSESSORIA P/ASSUNTOS INSTITUCIONAIS;ARA;Administrativo;2008-07-01;2008-10-31;C081-Administração;False;Inativo
0.1;GERAL DA COMPANHIA - ADM;EGC;Administrativo;2004-07-01;2008-06-30;C081-Administração;False;Inativo
0.1.0;GERAL DA COMPANHIA - ADM;EGC;Administrativo;2004-07-01;2008-06-30;C081-Administração;False;Inativo
0.1.0.0;GERAL DA COMPANHIA - ADM;EGC;Administrativo;2004-07-01;2008-06-30;C081-Administração;False;Inativo
0.1.0.0.0;GERAL DA COMPANHIA - ADM;EGC;Administrativo;2004-07-01;2008-06-30;C081-Administração;False;Inativo
0.2;GERENCIA GERAL EXECUTIVA;GRE;Administrativo;2008-07-01;2008-10-31;C081-Administração;False;Inativo
0.2.0;GERENCIA GERAL EXECUTIVA;GRE;Administrativo;2008-07-01;2008-10-31;C081-Administração;False;Inativo
0.2.0.0;GERENCIA GERAL EXECUTIVA;GRE;Administrativo;2008-07-01;2008-10-31;C081-Administração;False;Inativo
0.2.0.0.0;GERENCIA GERAL EXECUTIVA;GRE;Administrativo;2008-07-01;2008-10-31;C081-Administração;False;Inativo
0.2.1;ASSESSORIA DE PLANEJAMENTO EMPRESARIAL;ARP;Administrativo;2008-07-01;2008-10-31;C081-Administração;False;Inativo
0.2.1.0;ASSESSORIA DE PLANEJAMENTO EMPRESARIAL;ARP;Administrativo;2008-07-01;2008-10-31;C081-Administração;False;Inativo
0.2.1.0.0;ASSESSORIA DE PLANEJAMENTO EMPRESARIAL;ARP;Administrativo;2008-07-01;2008-10-31;C081-Administração;False;Inativo
0.2.2;GERÊNCIA DE CUSTOS;GRC;Administrativo;2008-07-01;2008-10-31;C081-Administração;False;Inativo
0.2.2.0;GERÊNCIA DE CUSTOS;GRC;Administrativo;2008-07-01;2008-10-31;C081-Administração;False;Inativo
0.2.2.0.0;GERÊNCIA DE CUSTOS;GRC;Administrativo;2008-07-01;2008-10-31;C081-Administração;False;Inativo
0.3;GERENCIA JURIDICA;GRJ;Administrativo;2008-07-01;2008-10-31;C081-Administração;False;Inativo
0.3.0;GERÊNCIA JURÍDICA - CHEFIA;GRJ;Administrativo;2008-07-01;2008-10-31;C081-Administração;False;Inativo
0.3.0.0;GERÊNCIA JURÍDICA - CHEFIA;GRJ;Administrativo;2008-07-01;2008-10-31;C081-Administração;False;Inativo
0.3.0.0.0;GERÊNCIA JURÍDICA - CHEFIA;GRJ;Administrativo;2008-07-01;2008-10-31;C081-Administração;False;Inativo
0.3.1;DEPTO JURIDICO CONSULTIVO;DRJS;Administrativo;2008-07-01;2008-10-31;C081-Administração;False;Inativo
0.3.1.0;DEPTO JURIDICO CONSULTIVO;DRJS;Administrativo;2008-07-01;2008-10-31;C081-Administração;False;Inativo
0.3.1.0.0;DEPTO JURIDICO CONSULTIVO;DRJS;Administrativo;2008-07-01;2008-10-31;C081-Administração;False;Inativo
0.3.2;DEPTO JURIDICO CONTENCIOSO;DRJC;Administrativo;2008-07-01;2008-10-31;C081-Administração;False;Inativo
0.3.2.0;DEPTO JURIDICO CONTENCIOSO;DRJC;Administrativo;2008-07-01;2008-10-31;C081-Administração;False;Inativo
0.3.2.0.0;DEPTO JURIDICO CONTENCIOSO;DRJC;Administrativo;2008-07-01;2008-10-31;C081-Administração;False;Inativo
0.3.3;DEPTO JURID CONT TRABALHISTA;DRJT;Administrativo;2008-07-01;2008-10-31;C081-Administração;False;Inativo
0.3.3.0;DEPTO JURID CONT TRABALHISTA;DRJT;Administrativo;2008-07-01;2008-10-31;C081-Administração;False;Inativo
0.3.3.0.0;DEPTO JURID CONT TRABALHISTA;DRJT;Administrativo;2008-07-01;2008-10-31;C081-Administração;False;Inativo
0.4;GERENCIA DE AUDITORIA;GRA;Administrativo;2008-07-01;2008-10-31;C081-Administração;False;Inativo
0.4.0;GERENCIA DE AUDITORIA;GRA;Administrativo;2008-07-01;2008-10-31;C081-Administração;False;Inativo
0.4.0.0;GERENCIA DE AUDITORIA;GRA;Administrativo;2008-07-01;2008-10-31;C081-Administração;False;Inativo
0.4.0.0.0;GERENCIA DE AUDITORIA;GRA;Administrativo;2008-07-01;2008-10-31;C081-Administração;False;Inativo
0.5;GERAL DA COMPANHIA - OPE;EGO;Operacional;2006-06-01;2008-06-30;C071-Custos Indiretos - Operação;False;Inativo
0.5.1;GERAL DA COMPANHIA - OPE;EGO;Operacional;2006-06-01;2008-06-30;C071-Custos Indiretos - Operação;False;Inativo
0.5.1.0;GERAL DA COMPANHIA - OPE;EGO;Operacional;2006-06-01;2008-06-30;C071-Custos Indiretos - Operação;False;Inativo
0.5.1.0.0;GERAL DA COMPANHIA - OPE;EGO;Operacional;2006-06-01;2008-06-30;C071-Custos Indiretos - Operação;False;Inativo
0.5.2;GERAL DA COMPANHIA - MAN;EGM;Manutenção;2006-06-01;2008-06-30;C041-Todas as Linhas Operacionais;False;Inativo
0.5.2.0;GERAL DA COMPANHIA - MAN;EGM;Manutenção;2006-06-01;2008-06-30;C041-Todas as Linhas Operacionais;False;Inativo
0.5.2.0.0;GERAL DA COMPANHIA - MAN;EGM;Manutenção;2006-06-01;2008-06-30;C041-Todas as Linhas Operacionais;False;Inativo
1.7.0.0.0;GERÊNCIA DE GESTÃO DA QUALIDADE;GRQ;Administrativo;2004-07-01;2007-01-31;C099-Inativos;False;Inativo
1.8;GER. DESENV. ORGAN. REC. HUMANOS;GRH;Administrativo;2004-07-01;2007-01-31;C099-Inativos;False;Inativo
1.8.0;GER. DESENV. ORGAN. REC. HUMANOS;GRH;Administrativo;2004-07-01;2007-01-31;C099-Inativos;False;Inativo
1.8.0.0;GER. DESENV. ORGAN. REC. HUMANOS;GRH;Administrativo;2004-07-01;2007-01-31;C099-Inativos;False;Inativo
1.8.0.0.0;GER. DESENV. ORGAN. REC. HUMANOS;GRH;Administrativo;2004-07-01;2007-01-31;C099-Inativos;False;Inativo
1.8.1;DEPTO RECRUT., SELEÇÃO E TREINAM.;DRHT;Administrativo;2004-07-01;2007-01-31;C099-Inativos;False;Inativo
1.8.1.0;DEPTO RECRUT., SELEÇÃO E TREINAM.;DRHT;Administrativo;2004-07-01;2007-01-31;C099-Inativos;False;Inativo
1.8.1.0.0;DEPTO RECRUT., SELEÇÃO E TREINAM.;DRHT;Administrativo;2004-07-01;2007-01-31;C099-Inativos;False;Inativo
1.8.2;DEPTO DE ADMINISTRAÇÃO DE PESSOAL;DRHP;Administrativo;2004-07-01;2007-01-31;C099-Inativos;False;Inativo
1.8.2.0;DEPTO DE ADMINISTRAÇÃO DE PESSOAL;DRHP;Administrativo;2004-07-01;2007-01-31;C099-Inativos;False;Inativo
1.8.2.0.0;DEPTO DE ADMINISTRAÇÃO DE PESSOAL;DRHP;Administrativo;2004-07-01;2007-01-31;C099-Inativos;False;Inativo
1.8.3;DEPTO DE HIGIENE E SEGURANÇA DO TRABALHO;DRHS;Administrativo;2004-07-01;2007-01-31;C099-Inativos;False;Inativo
1.8.3.0;DEPTO DE HIGIENE E SEGURANÇA DO TRABALHO;DRHS;Administrativo;2004-07-01;2007-01-31;C099-Inativos;False;Inativo
1.8.3.0.0;DEPTO DE HIGIENE E SEGURANÇA DO TRABALHO;DRHS;Administrativo;2004-07-01;2007-01-31;C099-Inativos;False;Inativo
1.9;GERÊNCIA JURÍDICA;GRJ;Administrativo;2005-03-01;2008-06-30;C081-Administração;False;Inativo
1.9.0;GERÊNCIA JURÍDICA - CHEFIA;GRJ;Administrativo;2005-03-01;2008-06-30;C081-Administração;False;Inativo
1.9.0.0;GERÊNCIA JURÍDICA - CHEFIA;GRJ;Administrativo;2005-03-01;2008-06-30;C081-Administração;False;Inativo
1.9.0.0.0;GERÊNCIA JURÍDICA - CHEFIA;GRJ;Administrativo;2005-03-01;2008-06-30;C081-Administração;False;Inativo
1.9.1;DEPTO. JURÍDICO CONSULTIVO;DRJS;Administrativo;2005-03-01;2008-06-30;C081-Administração;False;Inativo
1.9.1.0;DEPTO. JURÍDICO CONSULTIVO;DRJS;Administrativo;2005-03-01;2008-06-30;C081-Administração;False;Inativo
1.9.1.0.0;DEPTO. JURÍDICO CONSULTIVO;DRJS;Administrativo;2005-03-01;2008-06-30;C081-Administração;False;Inativo
1.9.2;DEPTO. JURÍDICO CONTENCIOSO;DRJC;Administrativo;2005-03-01;2008-06-30;C081-Administração;False;Inativo
1.9.2.0;DEPTO. JURÍDICO CONTENCIOSO;DRJC;Administrativo;2005-03-01;2008-06-30;C081-Administração;False;Inativo
1.9.2.0.0;DEPTO. JURÍDICO CONTENCIOSO;DRJC;Administrativo;2005-03-01;2008-06-30;C081-Administração;False;Inativo
1.9.3;DEPTO. JURÍDICO CONTENCIOSO TRABALHISTA;DRJT;Administrativo;2005-03-01;2008-06-30;C081-Administração;False;Inativo
1.9.3.0;DEPTO. JURÍDICO CONTENCIOSO TRABALHISTA;DRJT;Administrativo;2005-03-01;2008-06-30;C081-Administração;False;Inativo
1.9.3.0.0;DEPTO. JURÍDICO CONTENCIOSO TRABALHISTA;DRJT;Administrativo;2005-03-01;2008-06-30;C081-Administração;False;Inativo
2;DIRETORIA ADMINISTRATIVA E FINANCEIRA;DF;Administrativo;2012-01-01;;C081-Administração;True;Ativo
2.0;DIRETORIA ADMINISTRATIVA E FINANCEIRA;DF;Administrativo;2004-07-01;2008-10-31;C081-Administração;False;Inativo
2.0.0;DIRETORIA ADMINISTRATIVA E FINANCEIRA;DF;Administrativo;2004-07-01;2008-10-31;C081-Administração;False;Inativo
2.0.0.0;DIRETORIA ADMINISTRATIVA E FINANCEIRA;DF;Administrativo;2004-07-01;2008-10-31;C081-Administração;False;Inativo
2.0.0.0.0;DIRETORIA ADMINISTRATIVA E FINANCEIRA;DF;Administrativo;2004-07-01;2008-10-31;C081-Administração;False;Inativo
2.1;GER. FINANÇAS E CONTR. ORÇAMENTÁRIO;GFF;Administrativo;2004-07-01;2008-10-31;C081-Administração;False;Inativo
2.1.0;GER. FINANÇAS E CONTR. ORÇAMENTÁRIO - CH;GFF;Administrativo;2004-07-01;2008-10-31;C081-Administração;False;Inativo
2.1.0.0;GER. FINANÇAS E CONTR. ORÇAMENTÁRIO - CH;GFF;Administrativo;2004-07-01;2008-10-31;C081-Administração;False;Inativo
2.1.0.0.0;GER. FINANÇAS E CONTR. ORÇAMENTÁRIO - CH;GFF;Administrativo;2004-07-01;2008-10-31;C081-Administração;False;Inativo
2.1.1;DEPTO DE CONTRÔLE E ORÇAMENTO;DFFO;Administrativo;2004-07-01;2008-10-31;C081-Administração;False;Inativo
2.1.1.0;DEPTO DE CONTRÔLE E ORÇAMENTO;DFFO;Administrativo;2004-07-01;2008-10-31;C081-Administração;False;Inativo
2.1.1.0.0;DEPTO DE CONTRÔLE E ORÇAMENTO;DFFO;Administrativo;2004-07-01;2008-10-31;C081-Administração;False;Inativo
2.1.2;DEPTO DE FINANÇAS;DFFA;Administrativo;2004-07-01;2008-10-31;C081-Administração;False;Inativo
2.1.2.0;DEPTO DE FINANÇAS - BOA VISTA;DFFA;Administrativo;2004-07-01;2008-10-31;C081-Administração;False;Inativo
2.1.2.0.0;DEPTO DE FINANÇAS - BOA VISTA;DFFA;Administrativo;2004-07-01;2008-10-31;C081-Administração;False;Inativo
2.1.2.1;DEPTO DE FINANÇAS - LUZ;DFFA;Administrativo;2007-03-01;2008-10-31;C082-DFFA-Arrecadação;False;Inativo
2.1.2.1.0;DEPTO DE FINANÇAS - LUZ;DFFA;Administrativo;2007-03-01;2008-10-31;C082-DFFA-Arrecadação;False;Inativo
2.1.3;DEPARTAMENTO DE CONTABILIDADE;DFFC;Administrativo;2004-07-01;2008-10-31;C081-Administração;False;Inativo
2.1.3.0;DEPARTAMENTO DE CONTABILIDADE;DFFC;Administrativo;2004-07-01;2008-10-31;C081-Administração;False;Inativo
2.1.3.0.0;DEPARTAMENTO DE CONTABILIDADE;DFFC;Administrativo;2004-07-01;2008-10-31;C081-Administração;False;Inativo
2.2;GERÊNCIA DE CONTRATAÇÕES E COMPRAS;GFC;Administrativo;2007-02-01;2008-10-31;C081-Administração;False;Inativo
2.2.0;GERÊNCIA DE CONTRATAÇÕES E COMPRAS - CHE;GFC;Administrativo;2007-02-01;2008-10-31;C081-Administração;False;Inativo
2.2.0.0;GERÊNCIA DE CONTRATAÇÕES E COMPRAS - CHE;GFC;Administrativo;2007-02-01;2008-10-31;C081-Administração;False;Inativo
2.2.0.0.0;GERÊNCIA DE CONTRATAÇÕES E COMPRAS - CHE;GFC;Administrativo;2007-02-01;2008-10-31;C081-Administração;False;Inativo
2.2.1;DEPTO DE CONTRATAÇÕES;DFCT;Administrativo;2007-02-01;2008-10-31;C081-Administração;False;Inativo
2.2.1.0;DEPTO DE CONTRATAÇÕES;DFCT;Administrativo;2007-02-01;2008-10-31;C081-Administração;False;Inativo
2.2.1.0.0;DEPTO DE CONTRATAÇÕES;DFCT;Administrativo;2007-02-01;2008-10-31;C081-Administração;False;Inativo
2.2.2;DEPTO DE COMPRAS;DFCP;Administrativo;2007-02-01;2008-10-31;C081-Administração;False;Inativo
2.2.2.0;DEPTO DE COMPRAS;DFCP;Administrativo;2007-02-01;2008-10-31;C081-Administração;False;Inativo
2.2.2.0.0;DEPTO DE COMPRAS;DFCP;Administrativo;2007-02-01;2008-10-31;C081-Administração;False;Inativo
2.3;GERÊNCIA DE ADMINISTRAÇÃO DO PATRIMÔNIO;GFP;Administrativo;2004-07-01;2008-10-31;C081-Administração;False;Inativo
2.3.0;GERÊNCIA DE ADMINISTRAÇÃO DO PATRIMÔNIO;GFP;Administrativo;2004-07-01;2008-10-31;C081-Administração;False;Inativo
5.4.3.1.3.05;ESTAÇÃO HEBRAICA/REBOUÇAS;REB;Operacional;2007-04-01;2007-12-31;C009-Linha: 9 - Esmeralda;False;Inativo
5.4.3.1.3.06;ESTAÇÃO CIDADE JARDIM;CJD;Operacional;2007-04-01;2007-12-31;C009-Linha: 9 - Esmeralda;False;Inativo
5.4.3.1.3.07;ESTAÇÃO VILA OLIMPIA;VOL;Operacional;2007-04-01;2007-12-31;C009-Linha: 9 - Esmeralda;False;Inativo
5.4.3.1.3.08;ESTAÇÃO BERRINI;BRR;Operacional;2007-04-01;2007-12-31;C009-Linha: 9 - Esmeralda;False;Inativo
5.4.3.1.3.09;ESTAÇÃO MORUMBI;MRB;Operacional;2007-04-01;2007-12-31;C009-Linha: 9 - Esmeralda;False;Inativo
5.4.3.1.3.10;ESTAÇÃO GRANJA JULIETA;GJT;Operacional;2007-04-01;2007-12-31;C009-Linha: 9 - Esmeralda;False;Inativo
5.4.3.1.3.11;ESTAÇÃO SANTO AMARO;SAM;Operacional;2007-04-01;2007-12-31;C009-Linha: 9 - Esmeralda;False;Inativo
5.4.3.1.3.12;ESTAÇÃO SOCORRO;SOC;Operacional;2007-04-01;2007-12-31;C009-Linha: 9 - Esmeralda;False;Inativo
5.4.3.1.3.13;ESTAÇÃO JURUBATUBA;JUR;Operacional;2007-04-01;2007-12-31;C009-Linha: 9 - Esmeralda;False;Inativo
5.4.3.1.3.14;ESTAÇÃO AUTÓDROMO;INT;Operacional;2007-04-01;2007-12-31;C009-Linha: 9 - Esmeralda;False;Inativo
5.4.3.1.3.15;ESTAÇÃO INTERLAGOS;GRA;Operacional;2007-04-01;2007-12-31;C009-Linha: 9 - Esmeralda;False;Inativo
5.4.3.1.3.16;ESTAÇÃO GRAJAÚ;VAG;Operacional;2007-04-01;2007-12-31;C009-Linha: 9 - Esmeralda;False;Inativo
5.4.4.0.0.00;DEPTO DE ESTAÇÕES - LINHAS D/E/F;DOPL;Operacional;2007-04-01;2007-12-31;C036-Linhas: 10/11/12/13 - Turquesa/Coral/Safira/Jade;False;Inativo
5.4.4.1.0.00;EQUIPE OPERAÇÃO E GESTÃO-ESTAÇÕES D/E/F;DOPL;Operacional;2007-04-01;2007-12-31;C036-Linhas: 10/11/12/13 - Turquesa/Coral/Safira/Jade;False;Inativo
5.4.4.1.1.01;ESTAÇÃO LUZ;LUZ;Operacional;2007-04-01;2007-12-31;C010-Linha: 10 - Turquesa;False;Inativo
5.4.4.1.1.02;ESTAÇÃO MOOCA;MOC;Operacional;2007-04-01;2007-12-31;C010-Linha: 10 - Turquesa;False;Inativo
5.4.4.1.1.03;ESTAÇÃO IPIRANGA;IPG;Operacional;2007-04-01;2007-12-31;C010-Linha: 10 - Turquesa;False;Inativo
5.4.4.1.1.04;ESTAÇÃO TAMANDUATEÍ;TMD;Operacional;2007-04-01;2007-12-31;C010-Linha: 10 - Turquesa;False;Inativo
5.4.4.1.1.05;ESTAÇÃO SÃO CAETANO;SCT;Operacional;2007-04-01;2007-12-31;C010-Linha: 10 - Turquesa;False;Inativo
5.4.4.1.1.06;ESTAÇÃO UTINGA;UTG;Operacional;2007-04-01;2007-12-31;C010-Linha: 10 - Turquesa;False;Inativo
5.4.4.1.1.07;ESTAÇÃO PREFEITO SALADINO;PSA;Operacional;2007-04-01;2007-12-31;C010-Linha: 10 - Turquesa;False;Inativo
5.4.4.1.1.08;ESTAÇÃO SANTO ANDRÉ;SAN;Operacional;2007-04-01;2007-12-31;C010-Linha: 10 - Turquesa;False;Inativo
5.4.4.1.1.09;ESTAÇÃO CAPUAVA;CPV;Operacional;2007-04-01;2007-12-31;C010-Linha: 10 - Turquesa;False;Inativo
5.4.4.1.1.10;ESTAÇÃO MAUÁ;MAU;Operacional;2007-04-01;2007-12-31;C010-Linha: 10 - Turquesa;False;Inativo
5.4.4.1.1.11;ESTAÇÃO GUAPITUBA;GPT;Operacional;2007-04-01;2007-12-31;C010-Linha: 10 - Turquesa;False;Inativo
5.4.4.1.1.12;ESTAÇÃO RIBEIRÃO PIRES;RPI;Operacional;2007-04-01;2007-12-31;C010-Linha: 10 - Turquesa;False;Inativo
5.4.4.1.1.13;ESTAÇÃO RIO GRANDE DA SERRA;RGS;Operacional;2007-04-01;2007-12-31;C010-Linha: 10 - Turquesa;False;Inativo
5.4.4.1.2.01;ESTAÇÃO BRÁS (EXPRESSO LESTE);BAS;Operacional;2007-04-01;2007-12-31;C011-Linha: 11 - Coral;False;Inativo
5.4.4.1.2.02;ESTAÇÃO TATUAPÉ (EXPRESSO LESTE);TAT;Operacional;2007-04-01;2007-12-31;C011-Linha: 11 - Coral;False;Inativo
5.4.4.1.2.03;ESTAÇÃO ITAQUERA (EXPRESSO LESTE);ITQ;Operacional;2007-04-01;2007-12-31;C011-Linha: 11 - Coral;False;Inativo
5.4.4.1.2.04;ESTAÇÃO DOM BOSCO (EXPRESSO LESTE);DOB;Operacional;2007-04-01;2007-12-31;C011-Linha: 11 - Coral;False;Inativo
5.4.4.1.2.05;ESTAÇÃO JOSÉ BONIFÁCIO (EXPRESSO LESTE);JBO;Operacional;2007-04-01;2007-12-31;C011-Linha: 11 - Coral;False;Inativo
5.4.4.1.2.06;ESTAÇÃO GUAIANAZES (EXPRESSO LESTE);GUA;Operacional;2007-04-01;2007-12-31;C011-Linha: 11 - Coral;False;Inativo
5.4.4.1.3.01;ESTAÇÃO ANTONIO GIANETTI NETO;AGN;Operacional;2007-04-01;2007-12-31;C011-Linha: 11 - Coral;False;Inativo
5.4.4.1.3.02;ESTAÇÃO FERRAZ DE VASCONCELOS;FVC;Operacional;2007-04-01;2007-12-31;C011-Linha: 11 - Coral;False;Inativo
5.4.4.1.3.03;ESTAÇÃO POÁ;POA;Operacional;2007-04-01;2007-12-31;C011-Linha: 11 - Coral;False;Inativo
5.4.4.1.3.04;ESTAÇÃO CALMOM VIANA;CVN;Operacional;2007-04-01;2007-12-31;C011-Linha: 11 - Coral;False;Inativo
5.4.4.1.3.05;ESTAÇÃO SUZANO;SUZ;Operacional;2007-04-01;2007-12-31;C011-Linha: 11 - Coral;False;Inativo
5.4.4.1.3.06;ESTAÇÃO JUNDIAPEBA;JPB;Operacional;2007-04-01;2007-12-31;C011-Linha: 11 - Coral;False;Inativo
5.4.4.1.3.07;ESTAÇÃO BRÁS CUBAS;BCB;Operacional;2007-04-01;2007-12-31;C011-Linha: 11 - Coral;False;Inativo
5.4.4.1.3.08;ESTAÇÃO MOGI DAS CRUZES;MDC;Operacional;2007-04-01;2007-12-31;C011-Linha: 11 - Coral;False;Inativo
5.4.4.1.3.09;ESTAÇÃO ESTUDANTES;EST;Operacional;2007-04-01;2007-12-31;C011-Linha: 11 - Coral;False;Inativo
5.4.4.1.4.01;ESTAÇÃO ENGENHEIRO GOULART;EGO;Operacional;2007-04-01;2007-12-31;C012-Linha: 12 - Safira;False;Inativo
5.4.4.1.4.02;ESTAÇÃO USP LESTE;USP;Operacional;2010-04-01;2007-12-31;C012-Linha: 12 - Safira;False;Inativo
5.4.4.1.4.03;ESTAÇÃO COM.ERMELINO MATARAZZO;ERM;Operacional;2007-04-01;2007-12-31;C012-Linha: 12 - Safira;False;Inativo
5.4.4.1.4.04;ESTAÇÃO SÃO MIGUEL PAULISTA;SMP;Operacional;2007-04-01;2007-12-31;C012-Linha: 12 - Safira;False;Inativo
5.4.4.1.4.05;ESTAÇÃO JARDIM HELENA;JHE;Operacional;2010-04-01;2007-12-31;C012-Linha: 12 - Safira;False;Inativo
5.4.4.1.4.06;ESTAÇÃO ITAIM PAULISTA;ITI;Operacional;2007-04-01;2007-12-31;C012-Linha: 12 - Safira;False;Inativo
5.4.4.1.4.07;ESTAÇÃO JARDIM ROMANO;JDR;Operacional;2010-04-01;2007-12-31;C012-Linha: 12 - Safira;False;Inativo
5.4.4.1.4.08;ESTAÇÃO MANOEL FEIO;EMF;Operacional;2007-04-01;2007-12-31;C012-Linha: 12 - Safira;False;Inativo
5.4.4.1.4.09;ESTAÇÃO ITAQUAQUECETUBA;IQC;Operacional;2007-04-01;2007-12-31;C012-Linha: 12 - Safira;False;Inativo
5.4.4.1.4.10;ESTAÇÃO ARACARÉ;ARC;Operacional;2007-04-01;2007-12-31;C012-Linha: 12 - Safira;False;Inativo
2.1.2.1.0.00;DEPTO DE FINANÇAS - LUZ;DFFA;Administrativo;2007-03-01;2008-10-31;C082-DFFA-Arrecadação;False;Inativo
9.0.0.2.0.18;SEC EST ESP, LAZER E TURISMO;Sem Sigla;Administrativo;2007-07-01;2008-10-31;C081-Administração;False;Inativo
9.0.0.2.0.19;DESENVOLVIMENTO RODOVIARIO S/A;DERSA;Administrativo;2007-08-01;2008-10-31;C081-Administração;False;Inativo
5.2.7.0.0.00;DEPTO DE MANUT SINALIZ TELEC- CHEFIA;DOFS;Manutenção;2008-01-01;2008-10-31;C041-Todas as Linhas Operacionais;False;Inativo
5.2.7.1.0.10;EQUIPE - SINALIZ TELEC - LINHAS 7/10 - C;DOFS;Manutenção;2008-01-01;2008-10-31;C031-Linhas: 7/10 - Rubi/Turquesa;False;Inativo
5.2.7.1.1.12;SINALIZAÇÃO - LINHA 10;DOFS;Manutenção;2008-01-01;2008-10-31;C010-Linha: 10 - Turquesa;False;Inativo
5.2.7.1.1.11;SINALIZAÇÃO - LINHA 7;DOFS;Manutenção;2008-01-01;2008-10-31;C007-Linha: 7 - Rubi;False;Inativo
5.2.7.1.2.11;TELECOMUNICAÇÃO - LINHA 7;DOFS;Manutenção;2008-01-01;2008-10-31;C007-Linha: 7 - Rubi;False;Inativo
5.2.7.1.2.12;TELECOMUNICAÇÃO - LINHA 10;DOFS;Manutenção;2008-01-01;2008-10-31;C010-Linha: 10 - Turquesa;False;Inativo
5.2.7.2.0.20;EQUIPE - SINALIZ TELEC - 8 / 9 - CHEFIA;DOFS;Manutenção;2008-01-01;2008-10-31;C032-Linhas: 8/9 - Diamante/Esmeralda;False;Inativo
5.2.7.2.1.20;SINALIZAÇÃO - LINHAS 8 / 9;DOFS;Manutenção;2008-01-01;2008-10-31;C032-Linhas: 8/9 - Diamante/Esmeralda;False;Inativo
5.2.7.3.0.30;EQUIPE - SINALIZ TELEC - 11 / 12- CHEFIA;DOFS;Manutenção;2008-01-01;2008-10-31;C033-Linhas: 11/12 - Coral/Safira;False;Inativo
5.2.7.3.1.31;SINALIZAÇÃO - LINHA 11;DOFS;Manutenção;2008-01-01;2008-10-31;C011-Linha: 11 - Coral;False;Inativo
5.2.7.2.2.20;TELECOMUNICAÇÃO - LINHAS 8 / 9;DOFS;Manutenção;2008-01-01;2008-10-31;C032-Linhas: 8/9 - Diamante/Esmeralda;False;Inativo
5.2.7.3.1.32;SINALIZAÇÃO - LINHA 12;DOFS;Manutenção;2008-01-01;2008-10-31;C012-Linha: 12 - Safira;False;Inativo
5.2.7.3.2.30;TELECOMUNICAÇÃO - LINHAS 11 / 12;DOFS;Manutenção;2008-01-01;2008-10-31;C033-Linhas: 11/12 - Coral/Safira;False;Inativo
5.2.7.4.0.00;EQUIPE - OFIC ELETRON ELETRICA - CHEFIA;DOFS;Manutenção;2008-01-01;2008-10-31;C041-Todas as Linhas Operacionais;False;Inativo
5.2.7.4.1.00;OFICINA ELETRÔNICA;DOFS;Manutenção;2008-01-01;2008-10-31;C041-Todas as Linhas Operacionais;False;Inativo
5.2.7.4.2.00;LABORATÓRIO DE TELECOMUNICAÇÕES;DOFS;Manutenção;2008-01-01;2008-10-31;C041-Todas as Linhas Operacionais;False;Inativo
5.2.7.4.3.00;OFICINA DE SINALIZAÇÃO;DOFS;Manutenção;2008-01-01;2008-10-31;C041-Todas as Linhas Operacionais;False;Inativo
5.3.1.0.0.00;DEPTO DE ENG DE MANUT MAT ROD - CHEFIA;DORG;Manutenção;2008-01-01;2008-10-31;C041-Todas as Linhas Operacionais;False;Inativo
5.3.1.1.0.00;DEPTO DE ENG DE MANUT MAT ROD - EQUIPES;DORG;Manutenção;2008-01-01;2008-10-31;C041-Todas as Linhas Operacionais;False;Inativo
5.3.4.0.0.00;DEPTO DE MANUT MAT ROD - LAPA - CHEFIA;DORA;Manutenção;2008-01-01;2008-10-31;C039-Linhas: 7/10/11/12 - Rubi/Turquesa/Coral/Safira;False;Inativo
5.3.4.1.0.00;ABRIGO LAPA;DORA;Manutenção;2008-01-01;2008-10-31;C039-Linhas: 7/10/11/12 - Rubi/Turquesa/Coral/Safira;False;Inativo
5.3.4.2.0.00;OFICINAS - LUZ;DORA;Manutenção;2008-01-01;2008-10-31;C039-Linhas: 7/10/11/12 - Rubi/Turquesa/Coral/Safira;False;Inativo
5.3.5.0.0.00;DEPTO DE MANUT MAT ROD - P.ALTINO-CHEFIA;DORB;Manutenção;2008-01-01;2008-10-31;C032-Linhas: 8/9 - Diamante/Esmeralda;False;Inativo
5.3.5.1.0.00;ABRIGO PRES. ALTINO;DORB;Manutenção;2008-01-01;2008-10-31;C032-Linhas: 8/9 - Diamante/Esmeralda;False;Inativo
5.3.6.0.0.00;DEPTO DE MAN MAT ROD-ENG.S.PAULO-CHEFIA;DORE;Manutenção;2008-01-01;2008-10-31;C039-Linhas: 7/10/11/12 - Rubi/Turquesa/Coral/Safira;False;Inativo
5.3.6.1.0.00;ABRIGO EG. S. PAULO;DORE;Manutenção;2008-01-01;2008-10-31;C033-Linhas: 11/12 - Coral/Safira;False;Inativo
5.3.6.2.0.00;PÓRTICOS ROOSEVELT;DORE;Manutenção;2008-01-01;2008-10-31;C033-Linhas: 11/12 - Coral/Safira;False;Inativo
5.3.7.0.0.00;DEPTO DE OFIC MAN MAT ROD - CHEFIA;DORO;Manutenção;2008-01-01;2008-10-31;C041-Todas as Linhas Operacionais;False;Inativo
5.3.7.1.0.00;MANUT DE LOCOMOTIVAS E VAGÕES;DORO;Manutenção;2008-01-01;2008-10-31;C041-Todas as Linhas Operacionais;False;Inativo
5.3.7.2.0.00;OFICINA ELÉTRICA - PRES. ALTINO;DORO;Manutenção;2008-01-01;2008-10-31;C041-Todas as Linhas Operacionais;False;Inativo
5.3.7.3.0.00;OFICINA MECÂNICA - PRES. ALTINO;DORO;Manutenção;2008-01-01;2008-10-31;C041-Todas as Linhas Operacionais;False;Inativo
5.3.7.4.0.00;EQUIPE-GESTÃO E PLANEJAMENTO;DORO;Manutenção;2008-01-01;2008-10-31;C041-Todas as Linhas Operacionais;False;Inativo
5.3.7.5.0.00;EQUIPE-CONTR SUPRIM DE MAT E TREINAM;DORO;Manutenção;2008-01-01;2008-10-31;C041-Todas as Linhas Operacionais;False;Inativo
5.5.1.0.0.00;DEPTO DE ENG CONTR OPERAC - CHEFIA;DOOG;Operacional;2008-01-01;2008-10-31;C041-Todas as Linhas Operacionais;False;Inativo
5.5.1.1.0.00;DEPTO DE ENG CONTR OPERAC - EQUIPES;DOOG;Operacional;2008-01-01;2008-10-31;C041-Todas as Linhas Operacionais;False;Inativo
5.7.3.0.0.00;DEPTO OPERAÇÃO E SERVIÇOS-LINHA 7-CHEFIA;DOAA;Operacional;2008-01-01;2008-10-31;C007-Linha: 7 - Rubi;False;Inativo
5.7.3.1.1.01;ESTAÇÃO ÁGUA BRANCA;ABR;Operacional;2008-01-01;2008-10-31;C007-Linha: 7 - Rubi;False;Inativo
5.7.3.1.1.02;ESTAÇÃO LAPA 7;LPA;Operacional;2008-01-01;2008-10-31;C007-Linha: 7 - Rubi;False;Inativo
5.7.3.1.1.03;ESTAÇÃO PIQUERI;PQR;Operacional;2008-01-01;2008-10-31;C007-Linha: 7 - Rubi;False;Inativo
5.7.3.1.1.04;ESTAÇÃO PIRITUBA;PRT;Operacional;2008-01-01;2008-10-31;C007-Linha: 7 - Rubi;False;Inativo
5.7.3.1.1.05;ESTAÇÃO VILA CLARICE;VCL;Operacional;2008-01-01;2008-10-31;C007-Linha: 7 - Rubi;False;Inativo
5.7.3.1.1.06;ESTAÇÃO JARAGUÁ;JRG;Operacional;2008-01-01;2008-10-31;C007-Linha: 7 - Rubi;False;Inativo
5.7.3.1.1.07;ESTAÇÃO PERUS;PRU;Operacional;2008-01-01;2008-10-31;C007-Linha: 7 - Rubi;False;Inativo
5.7.3.1.1.08;ESTAÇÃO CAIEIRAS;CAI;Operacional;2008-01-01;2008-10-31;C007-Linha: 7 - Rubi;False;Inativo
5.7.3.1.1.09;ESTAÇÃO FRANCO DA ROCHA;FDR;Operacional;2008-01-01;2008-10-31;C007-Linha: 7 - Rubi;False;Inativo
5.7.3.1.1.10;ESTAÇÃO BALTAZAR FIDELIS;BFI;Operacional;2008-01-01;2008-10-31;C007-Linha: 7 - Rubi;False;Inativo
5.7.3.1.1.11;ESTAÇÃO FRANCISCO MORATO;FMO;Operacional;2008-01-01;2008-10-31;C007-Linha: 7 - Rubi;False;Inativo
5.7.3.1.1.12;ESTAÇÃO BOTUJURU;BTJ;Operacional;2008-01-01;2008-10-31;C007-Linha: 7 - Rubi;False;Inativo
5.7.3.1.1.13;ESTAÇÃO CAMPO LIMPO PAULISTA;CLP;Operacional;2008-01-01;2008-10-31;C007-Linha: 7 - Rubi;False;Inativo
5.7.3.1.1.14;ESTAÇÃO VÁRZEA PAULISTA;VLP;Operacional;2008-01-01;2008-10-31;C007-Linha: 7 - Rubi;False;Inativo
5.7.3.1.1.15;ESTAÇÃO JUNDIAÍ;JUN;Operacional;2008-01-01;2008-10-31;C007-Linha: 7 - Rubi;False;Inativo
5.7.4.0.0.00;DEPTO OPERAÇÃO E SERVIÇOS-LINHA10-CHEFIA;DOAD;Operacional;2008-01-01;2008-10-31;C010-Linha: 10 - Turquesa;False;Inativo
1.0.3.0.0.00;SERVIÇO DE ATEND.AO USUÁRIO-CHEFIA;SAU;Operacional;2008-01-01;2008-06-30;C081-Administração;False;Inativo
1.0.3.1.0.00;SERVIÇO DE ATEND.AO USUÁRIO-EQUIPES;SAU;Administrativo;2008-01-01;2008-06-30;C081-Administração;False;Inativo
4.5.0.1.0.00;GEI-ENGENHARIA DE INFRA-ESTRUTURA;GEI;Administrativo;2008-01-01;2008-10-31;C081-Administração;False;Inativo
4.5.0.2.0.00;GEI-ENGENHARIA DE SISTEMAS;GEI;Administrativo;2008-01-01;2008-10-31;C081-Administração;False;Inativo
5.0.2.1.0.00;DEPTO.DE PLANEJ,CONTRÔLE GESTÃO-EQUIPE;DOPC;Operacional;2008-01-01;2008-06-30;C071-Custos Indiretos - Operação;False;Inativo
5.0.3.0.0.00;DEPTO.DE ENG DE CIRC,OPER E SERV-CHEFIA;DOEG;Operacional;2008-01-01;2008-10-31;C071-Custos Indiretos - Operação;False;Inativo
5.0.3.1.0.00;DEPTO.DE ENG DE CIRC,OPER E SERV-EQUIPES;DOEG;Operacional;2008-01-01;2008-10-31;C071-Custos Indiretos - Operação;False;Inativo
5.0.4.0.0.00;ASSESSORIA DE GESTÃO DA QUALIDADE;AOQ;Operacional;2007-12-01;2008-10-31;C071-Custos Indiretos - Operação;False;Inativo
5.2.1.0.0.00;DEPTO.DE ENG DE MAN INST FIXAS-CHEFIA;DOFG;Manutenção;2008-01-01;2008-10-31;C041-Todas as Linhas Operacionais;False;Inativo
5.2.1.1.0.00;DEPTO DE ENG DE MANUT INST FIXAS-EQUIPES;DOFG;Manutenção;2008-01-01;2008-10-31;C041-Todas as Linhas Operacionais;False;Inativo
5.2.6.1.0.10;EQUIPE - SIST ENERGIA - 7 / 10 - CHEFIA;DOFE;Manutenção;2008-01-01;2008-10-31;C031-Linhas: 7/10 - Rubi/Turquesa;False;Inativo
5.2.6.0.0.00;DEPTO DE MANUT SIST ENERGIA-CHEFIA;DOFE;Manutenção;2008-01-01;2008-10-31;C041-Todas as Linhas Operacionais;False;Inativo
5.2.6.1.1.12;REDE AÉREA - LINHA 10;DOFE;Manutenção;2008-01-01;2008-10-31;C010-Linha: 10 - Turquesa;False;Inativo
5.2.6.1.1.11;REDE AÉREA - LINHA 7;DOFE;Manutenção;2008-01-01;2008-10-31;C007-Linha: 7 - Rubi;False;Inativo
5.2.6.1.2.10;DISTRIBUIÇÃO - LINHAS 7 / 10;DOFE;Manutenção;2008-01-01;2008-10-31;C031-Linhas: 7/10 - Rubi/Turquesa;False;Inativo
5.2.6.1.3.12;SUBESTAÇÕES - LINHA 10;DOFE;Manutenção;2008-01-01;2008-10-31;C010-Linha: 10 - Turquesa;False;Inativo
5.2.6.1.3.11;SUBESTAÇÕES - LINHA 7;DOFE;Manutenção;2008-01-01;2008-10-31;C007-Linha: 7 - Rubi;False;Inativo
5.2.6.2.0.20;EQUIPE - SIST ENERGIA - 8 / 9 - CHEFIA;DOFE;Manutenção;2008-01-01;2008-10-31;C032-Linhas: 8/9 - Diamante/Esmeralda;False;Inativo
5.2.6.2.1.20;REDE AÉREA - LINHAS 8 / 9;DOFE;Manutenção;2008-01-01;2008-10-31;C032-Linhas: 8/9 - Diamante/Esmeralda;False;Inativo
5.2.6.2.2.20;DISTRIBUIÇÃO - LINHAS 8 / 9;DOFE;Manutenção;2008-01-01;2008-10-31;C032-Linhas: 8/9 - Diamante/Esmeralda;False;Inativo
5.2.6.3.0.30;EQUIPE - SIST ENERGIA - 11 / 12 - CHEFIA;DOFE;Manutenção;2008-01-01;2008-10-31;C033-Linhas: 11/12 - Coral/Safira;False;Inativo
5.2.6.2.3.20;SUBESTAÇÕES - LINHAS 8 / 9;DOFE;Manutenção;2008-01-01;2008-10-31;C032-Linhas: 8/9 - Diamante/Esmeralda;False;Inativo
5.2.6.3.1.30;REDE AÉREA - LINHAS 11 / 12;DOFE;Manutenção;2008-01-01;2008-10-31;C033-Linhas: 11/12 - Coral/Safira;False;Inativo
5.2.6.3.2.30;DISTRIBUIÇÃO - LINHAS 11 / 12;DOFE;Manutenção;2008-01-01;2008-10-31;C033-Linhas: 11/12 - Coral/Safira;False;Inativo
5.2.6.3.3.30;SUBESTAÇÕES - LINHAS 11 / 12;DOFE;Manutenção;2008-01-01;2008-10-31;C033-Linhas: 11/12 - Coral/Safira;False;Inativo
5.7.4.1.1.01;ESTAÇÃO LUZ;LUZ;Operacional;2008-01-01;2008-10-31;C010-Linha: 10 - Turquesa;False;Inativo
5.7.4.1.1.02;ESTAÇÃO MOOCA;MOC;Operacional;2008-01-01;2008-10-31;C010-Linha: 10 - Turquesa;False;Inativo
5.7.4.1.1.03;ESTAÇÃO IPIRANGA;IPG;Operacional;2008-01-01;2008-10-31;C010-Linha: 10 - Turquesa;False;Inativo
5.7.4.1.1.04;ESTAÇÃO TAMANDUATEÍ;TMD;Operacional;2008-01-01;2008-10-31;C010-Linha: 10 - Turquesa;False;Inativo
5.7.4.1.1.05;ESTAÇÃO SÃO CAETANO;SCT;Operacional;2008-01-01;2008-10-31;C010-Linha: 10 - Turquesa;False;Inativo
5.7.4.1.1.06;ESTAÇÃO UTINGA;UTG;Operacional;2008-01-01;2008-10-31;C010-Linha: 10 - Turquesa;False;Inativo
5.7.4.1.1.07;ESTAÇÃO PREFEITO SALADINO;PSA;Operacional;2008-01-01;2008-10-31;C010-Linha: 10 - Turquesa;False;Inativo
5.7.4.1.1.08;ESTAÇÃO PREF. CELSO DANIEL-SANTO ANDRÉ;SAN;Operacional;2008-01-01;2008-10-31;C010-Linha: 10 - Turquesa;False;Inativo
5.7.4.1.1.09;ESTAÇÃO CAPUAVA;CPV;Operacional;2008-01-01;2008-10-31;C010-Linha: 10 - Turquesa;False;Inativo
5.7.4.1.1.10;ESTAÇÃO MAUÁ;MAU;Operacional;2008-01-01;2008-10-31;C010-Linha: 10 - Turquesa;False;Inativo
5.7.4.1.1.11;ESTAÇÃO GUAPITUBA;GPT;Operacional;2008-01-01;2008-10-31;C010-Linha: 10 - Turquesa;False;Inativo
5.7.4.1.1.12;ESTAÇÃO RIBEIRÃO PIRES;RPI;Operacional;2008-01-01;2008-10-31;C010-Linha: 10 - Turquesa;False;Inativo
5.7.4.1.1.13;ESTAÇÃO RIO GRANDE DA SERRA;RGS;Operacional;2008-01-01;2008-10-31;C010-Linha: 10 - Turquesa;False;Inativo
5.7.5.0.0.00;DEPTO.DE CIRCULAÇÃO- LINHAS 7/10-CHEFIA;DOAL;Operacional;2008-01-01;2008-10-31;C031-Linhas: 7/10 - Rubi/Turquesa;False;Inativo
5.7.5.1.1.00;EQUIPE TRAÇÃO - LINHAS 7 / 10;DOAL;Operacional;2008-01-01;2008-10-31;C031-Linhas: 7/10 - Rubi/Turquesa;False;Inativo
5.7.5.1.2.00;MOVIMENTO DE TRENS - LINHAS 7 / 10;DOAL;Operacional;2008-01-01;2008-10-31;C031-Linhas: 7/10 - Rubi/Turquesa;False;Inativo
5.7.5.1.3.00;LAVADOR CARROS BARRA FUNDA-LINHAS 7 / 10;DOAL;Operacional;2008-01-01;2008-10-31;C031-Linhas: 7/10 - Rubi/Turquesa;False;Inativo
5.8.0.0.0.00;GERENCIA DE OPERAÇÃO-LINHAS 8/9-CHEFIA;GOB;Operacional;2008-01-01;2008-10-31;C032-Linhas: 8/9 - Diamante/Esmeralda;False;Inativo
5.8.1.0.0.00;DEPTO OPERAÇÃO E SERVIÇOS-LINHA 8-CHEFIA;DOBB;Operacional;2008-01-01;2008-10-31;C008-Linha: 8 - Diamante;False;Inativo
5.8.1.1.1.01;ESTAÇÃO JÚLIO PRESTES;JPR;Operacional;2008-01-01;2008-10-31;C008-Linha: 8 - Diamante;False;Inativo
5.8.1.1.1.02;ESTAÇÃO PALMEIRAS-BARRA FUNDA;BFU;Operacional;2008-01-01;2008-10-31;C008-Linha: 8 - Diamante;False;Inativo
5.8.1.1.1.03;ESTAÇÃO LAPA - 8;LAB;Operacional;2008-01-01;2008-10-31;C008-Linha: 8 - Diamante;False;Inativo
5.8.1.1.1.04;ESTAÇÃO DOMINGOS DE MORAIS;DMO;Operacional;2008-01-01;2008-10-31;C008-Linha: 8 - Diamante;False;Inativo
5.8.1.1.1.05;ESTAÇÃO IMPERATRIZ LEOPOLDINA;ILE;Operacional;2008-01-01;2008-10-31;C008-Linha: 8 - Diamante;False;Inativo
5.8.1.1.1.06;ESTAÇÃO PRESIDENTE ALTINO;PAL;Operacional;2008-01-01;2008-10-31;C008-Linha: 8 - Diamante;False;Inativo
5.8.1.1.1.07;ESTAÇÃO OSASCO;OSA;Operacional;2008-01-01;2008-10-31;C008-Linha: 8 - Diamante;False;Inativo
5.8.1.1.1.08;ESTAÇÃO COMANDANTE SAMPAIO;CSA;Operacional;2008-01-01;2008-10-31;C008-Linha: 8 - Diamante;False;Inativo
5.8.1.1.1.09;ESTAÇÃO QUITAUNA;QTU;Operacional;2008-01-01;2008-10-31;C008-Linha: 8 - Diamante;False;Inativo
5.8.1.1.1.10;ESTAÇÃO GENERAL MIGUEL COSTA;GMC;Operacional;2008-01-01;2008-10-31;C008-Linha: 8 - Diamante;False;Inativo
5.8.1.1.1.11;ESTAÇÃO CARAPICUIBA;CPB;Operacional;2008-01-01;2008-10-31;C008-Linha: 8 - Diamante;False;Inativo
5.8.1.1.1.12;ESTAÇÃO SANTA TEREZINHA;STE;Operacional;2008-01-01;2008-10-31;C008-Linha: 8 - Diamante;False;Inativo
5.8.1.1.1.13;ESTAÇÃO ANTONIO JOÃO;AJO;Operacional;2008-01-01;2008-10-31;C008-Linha: 8 - Diamante;False;Inativo
5.8.1.1.1.14;ESTAÇÃO BARUERI;BRU;Operacional;2008-01-01;2008-10-31;C008-Linha: 8 - Diamante;False;Inativo
5.8.1.1.1.15;ESTAÇÃO JARDIM BELVAL;JBE;Operacional;2008-01-01;2008-10-31;C008-Linha: 8 - Diamante;False;Inativo
5.8.1.1.1.16;ESTAÇÃO JARDIM SILVEIRA;JSI;Operacional;2008-01-01;2008-10-31;C008-Linha: 8 - Diamante;False;Inativo
5.8.1.1.1.17;ESTAÇÃO JANDIRA;JDI;Operacional;2008-01-01;2008-10-31;C008-Linha: 8 - Diamante;False;Inativo
5.8.1.1.1.18;ESTAÇÃO SAGRADO CORAÇÃO;SCO;Operacional;2008-01-01;2008-10-31;C008-Linha: 8 - Diamante;False;Inativo
5.8.1.1.1.19;ESTAÇÃO ENG. CARDOSO;ECD;Operacional;2008-01-01;2008-10-31;C008-Linha: 8 - Diamante;False;Inativo
5.8.1.1.1.20;ESTAÇÃO ITAPEVI;IPV;Operacional;2008-01-01;2008-10-31;C008-Linha: 8 - Diamante;False;Inativo
5.8.1.1.1.21;ESTAÇÃO SANTA RITA;SRT;Operacional;2008-01-01;2008-10-31;C008-Linha: 8 - Diamante;False;Inativo
5.8.1.1.1.22;ESTAÇÃO CIMENRITA;CMR;Operacional;2008-01-01;2008-10-31;C008-Linha: 8 - Diamante;False;Inativo
5.8.1.1.1.23;ESTAÇÃO AMBUITÁ;AMB;Operacional;2008-01-01;2008-10-31;C008-Linha: 8 - Diamante;False;Inativo
5.8.1.1.1.24;ESTAÇÃO AMADOR BUENO;ABU;Operacional;2008-01-01;2008-10-31;C008-Linha: 8 - Diamante;False;Inativo
5.8.2.0.0.00;DEPTO OPERAÇÃO E SERVIÇOS-LINHA 9-CHEFIA;DOBC;Operacional;2008-01-01;2008-10-31;C009-Linha: 9 - Esmeralda;False;Inativo
5.8.2.1.1.01;ESTAÇÃO CEASA;CEA;Operacional;2008-01-01;2008-10-31;C009-Linha: 9 - Esmeralda;False;Inativo
5.8.2.1.1.02;ESTAÇÃO VILLA LOBOS-JAGUARÉ;JAG;Operacional;2008-01-01;2008-10-31;C009-Linha: 9 - Esmeralda;False;Inativo
5.8.2.1.1.03;ESTAÇÃO CIDADE UNIVERSITÁRIA;USP;Operacional;2008-01-01;2008-10-31;C009-Linha: 9 - Esmeralda;False;Inativo
5.8.2.1.1.04;ESTAÇÃO PINHEIROS;PIN;Operacional;2008-01-01;2008-10-31;C009-Linha: 9 - Esmeralda;False;Inativo
5.8.2.1.1.05;ESTAÇÃO HEBRAICA / REBOUÇAS;HBR;Operacional;2008-01-01;2008-10-31;C009-Linha: 9 - Esmeralda;False;Inativo
5.8.2.1.1.06;ESTAÇÃO CIDADE JARDIM;CJD;Operacional;2008-01-01;2008-10-31;C009-Linha: 9 - Esmeralda;False;Inativo
5.8.2.1.1.07;ESTAÇÃO VILA OLIMPIA;VOL;Operacional;2008-01-01;2008-10-31;C009-Linha: 9 - Esmeralda;False;Inativo
5.8.2.1.1.08;ESTAÇÃO BERRINI;BRR;Operacional;2008-01-01;2008-10-31;C009-Linha: 9 - Esmeralda;False;Inativo
5.8.2.1.1.09;ESTAÇÃO MORUMBI;MRB;Operacional;2008-01-01;2008-10-31;C009-Linha: 9 - Esmeralda;False;Inativo
5.8.2.1.1.10;ESTAÇÃO GRANJA JULIETA;GJT;Operacional;2008-01-01;2008-10-31;C009-Linha: 9 - Esmeralda;False;Inativo
5.8.2.1.1.11;ESTAÇÃO SANTO AMARO;SAM;Operacional;2008-01-01;2008-10-31;C009-Linha: 9 - Esmeralda;False;Inativo
5.8.2.1.1.12;ESTAÇÃO SOCORRO;SOC;Operacional;2008-01-01;2008-10-31;C009-Linha: 9 - Esmeralda;False;Inativo
5.8.2.1.1.13;ESTAÇÃO JURUBATUBA;JUR;Operacional;2008-01-01;2008-10-31;C009-Linha: 9 - Esmeralda;False;Inativo
5.8.2.1.1.14;ESTAÇÃO AUTÓDROMO;AUT;Operacional;2008-01-01;2008-10-31;C009-Linha: 9 - Esmeralda;False;Inativo
5.8.2.1.1.15;ESTAÇÃO PRIMAVERA-INTERLAGOS;INT;Operacional;2008-01-01;2008-10-31;C009-Linha: 9 - Esmeralda;False;Inativo
5.8.2.1.1.16;ESTAÇÃO GRAJAÚ;GRA;Operacional;2008-01-01;2008-10-31;C009-Linha: 9 - Esmeralda;False;Inativo
5.8.3.0.0.00;DEPTO.DE CIRCULAÇÃO- LINHAS 8/ 9-CHEFIA;DOBL;Operacional;2008-01-01;2008-10-31;C032-Linhas: 8/9 - Diamante/Esmeralda;False;Inativo
5.8.3.1.1.00;EQUIPE TRAÇÃO - LINHAS 8 / 9;DOBL;Operacional;2008-01-01;2008-10-31;C032-Linhas: 8/9 - Diamante/Esmeralda;False;Inativo
5.8.3.1.2.00;MOVIMENTO DE TRENS - LINHAS 8 / 9;DOBL;Operacional;2008-01-01;2008-10-31;C032-Linhas: 8/9 - Diamante/Esmeralda;False;Inativo
5.8.3.1.3.00;LAVADOR DE CARROS-P.ALTINO-LINHAS 8 / 9;DOBL;Operacional;2008-01-01;2008-10-31;C032-Linhas: 8/9 - Diamante/Esmeralda;False;Inativo
5.9.0.0.0.00;GERÊNCIA DE OPERAÇÃO-LINHAS 11/12-CHEFIA;GOE;Operacional;2008-01-01;2008-10-31;C033-Linhas: 11/12 - Coral/Safira;False;Inativo
5.9.1.0.0.00;DEPTO OPERAÇÃO E SERVIÇOS-LINHA11-CHEFIA;DOEE;Operacional;2008-01-01;2008-10-31;C011-Linha: 11 - Coral;False;Inativo
5.9.1.1.1.01;ESTAÇÃO CORINTHIANS/ITAQUERA (EXP.LESTE);ITQ;Operacional;2008-01-01;2008-10-31;C011-Linha: 11 - Coral;False;Inativo
5.9.1.1.1.02;ESTAÇÃO DOM BOSCO(EXPRESSO LESTE);DOB;Operacional;2008-01-01;2008-10-31;C011-Linha: 11 - Coral;False;Inativo
5.9.1.1.1.03;ESTAÇÃO JOSÉ BONIFÁCIO(EXPRESSO LESTE);JBO;Operacional;2008-01-01;2008-10-31;C011-Linha: 11 - Coral;False;Inativo
5.9.1.1.1.04;ESTAÇÃO GUAIANAZES(EXPRESSO LESTE);GUA;Operacional;2008-01-01;2008-10-31;C011-Linha: 11 - Coral;False;Inativo
5.9.1.1.1.05;ESTAÇÃO ANTONIO GIANETTI NETO;AGN;Operacional;2008-01-01;2008-10-31;C011-Linha: 11 - Coral;False;Inativo
5.9.1.1.1.06;ESTAÇÃO FERRAZ DE VASCONCELOS;FVC;Operacional;2008-01-01;2008-10-31;C011-Linha: 11 - Coral;False;Inativo
5.9.1.1.1.07;ESTAÇÃO POÁ;POA;Operacional;2008-01-01;2008-10-31;C011-Linha: 11 - Coral;False;Inativo
5.9.1.1.1.08;ESTAÇÃO CALMON VIANA;CVN;Operacional;2008-01-01;2008-10-31;C011-Linha: 11 - Coral;False;Inativo
5.9.1.1.1.09;ESTAÇÃO SUZANO;SUZ;Operacional;2008-01-01;2008-10-31;C011-Linha: 11 - Coral;False;Inativo
5.9.1.1.1.10;ESTAÇÃO JUNDIAPEBA;JPB;Operacional;2008-01-01;2008-10-31;C011-Linha: 11 - Coral;False;Inativo
5.9.1.1.1.11;ESTAÇÃO BRAZ CUBAS;BCB;Operacional;2008-01-01;2008-10-31;C011-Linha: 11 - Coral;False;Inativo
5.9.1.1.1.12;ESTAÇÃO MOGI DAS CRUZES;MDC;Operacional;2008-01-01;2008-10-31;C011-Linha: 11 - Coral;False;Inativo
5.9.1.1.1.13;ESTAÇÃO ESTUDANTES;EST;Operacional;2008-01-01;2008-10-31;C011-Linha: 11 - Coral;False;Inativo
5.9.2.0.0.00;DEPTO OPERAÇÃO E SERVIÇOS-LINHA12-CHEFIA;DOEF;Operacional;2008-01-01;2008-10-31;C012-Linha: 12 - Safira;False;Inativo
5.9.2.1.1.01;ESTAÇÃO BRÁS(EXPRESSO LESTE);BAS;Operacional;2008-01-01;2008-10-31;C012-Linha: 12 - Safira;False;Inativo
5.9.2.1.1.02;ESTAÇÃO TATUAPÉ(EXPRESSO LESTE);TAT;Operacional;2008-01-01;2008-10-31;C012-Linha: 12 - Safira;False;Inativo
5.9.2.1.1.03;ESTAÇÃO PENHA;PNH;Operacional;2008-01-01;2008-10-31;C012-Linha: 12 - Safira;False;Inativo
5.9.2.1.1.04;ESTAÇÃO ENG. GOULART;EGO;Operacional;2008-01-01;2008-10-31;C012-Linha: 12 - Safira;False;Inativo
5.9.2.1.1.05;ESTAÇÃO USP LESTE;USL;Operacional;2008-01-01;2008-10-31;C012-Linha: 12 - Safira;False;Inativo
5.9.2.1.1.06;ESTAÇÃO COMENDADOR ERMELINO;ERM;Operacional;2008-01-01;2008-10-31;C012-Linha: 12 - Safira;False;Inativo
5.9.2.1.1.07;ESTAÇÃO SÃO MIGUEL PAULISTA;SMP;Operacional;2008-01-01;2008-10-31;C012-Linha: 12 - Safira;False;Inativo
5.9.2.1.1.08;ESTAÇÃO JARDIM HELENA-VILA MARIA;JHE;Operacional;2008-01-01;2008-10-31;C012-Linha: 12 - Safira;False;Inativo
5.9.2.1.1.09;ESTAÇÃO ITAIM PAULISTA;ITI;Operacional;2008-01-01;2008-10-31;C012-Linha: 12 - Safira;False;Inativo
5.9.2.1.1.10;ESTAÇÃO JARDIM ROMANO;JRO;Operacional;2008-01-01;2008-10-31;C012-Linha: 12 - Safira;False;Inativo
5.9.2.1.1.11;ESTAÇÃO ENG. MANOEL FEIO;EMF;Operacional;2008-01-01;2008-10-31;C012-Linha: 12 - Safira;False;Inativo
5.9.2.1.1.12;ESTAÇÃO ITAQUAQUECETUBA;IQC;Operacional;2008-01-01;2008-10-31;C012-Linha: 12 - Safira;False;Inativo
5.9.2.1.1.13;ESTAÇÃO ARACARÉ;ARC;Operacional;2008-01-01;2008-10-31;C012-Linha: 12 - Safira;False;Inativo
5.9.3.0.0.00;DEPTO.DE CIRCULAÇÃO- LINHAS 11/12-CHEFIA;DOEL;Operacional;2008-01-01;2008-10-31;C033-Linhas: 11/12 - Coral/Safira;False;Inativo
5.9.3.1.1.00;EQUIPE TRAÇÃO - LINHAS 11 / 12;DOEL;Operacional;2008-01-01;2008-10-31;C033-Linhas: 11/12 - Coral/Safira;False;Inativo
5.9.3.1.2.00;MOVIMENTO DE TRENS - LINHAS 11 / 12;DOEL;Operacional;2008-01-01;2008-10-31;C033-Linhas: 11/12 - Coral/Safira;False;Inativo
5.9.3.1.3.00;LAVADOR CARROS-JUNDIAPEBA-LINHAS 11 / 12;DOEL;Operacional;2008-01-01;2008-10-31;C033-Linhas: 11/12 - Coral/Safira;False;Inativo
9.0.0.2.0.21;SECRETARIA DE GESTÃO PÚBLICA;SGP;Administrativo;2008-03-01;2008-10-31;C081-Administração;False;Inativo
5.2.7.4.4.00;OFICINA ELÉTRICA ALTINO;DOFS;Manutenção;2008-01-01;2008-10-31;C041-Todas as Linhas Operacionais;False;Inativo
9.0.0.3.0.08;CIA.DE ENGENHARIA DE TRAFEGO;CET;Administrativo;2008-04-01;2008-10-31;C081-Administração;False;Inativo
1.0.4.0.0.00;ASSESSORIA PLANEJAMENTO EMPRESARIAL;ARP;Administrativo;2008-05-01;2008-06-30;C081-Administração;False;Inativo
1.0.5.0.0.00;ASSESSORIA P/ASSUNTOS INSTITUCIONAIS;ARA;Administrativo;2008-05-01;2008-06-30;C081-Administração;False;Inativo
9.9.9.9.9.01;GERAL DA COMPANHIA-ADMINISTRAÇÃO;GCA;Administrativo;2008-07-01;2008-10-31;C081-Administração;False;Inativo
9.9.9.9.9.02;GERAL DA COMPANHIA-OPERAÇÃO;GCO;Operacional;2008-07-01;2008-10-31;C071-Custos Indiretos - Operação;False;Inativo
9.9.9.9.9.03;GERAL DA COMPANHIA-MANUTENÇÃO;GCM;Manutenção;2008-07-01;2008-10-31;C041-Todas as Linhas Operacionais;False;Inativo
0.0.0.0.0.00;PRESIDÊNCIA;PR;Administrativo;2008-07-01;2008-10-31;C081-Administração;False;Inativo
0.0.1.0.0.00;ASSESSORIA P/ASSUNTOS INSTITUCIONAIS;ARA;Administrativo;2008-07-01;2008-10-31;C081-Administração;False;Inativo
0.2.1.0.0.00;ASSESSORIA DE PLANEJAMENTO EMPRESARIAL;ARP;Administrativo;2008-07-01;2008-10-31;C081-Administração;False;Inativo
0.3.0.0.0.00;GERENCIA JURIDICA;GRJ;Administrativo;2008-07-01;2008-10-31;C081-Administração;False;Inativo
0.3.1.0.0.00;DEPTO JURIDICO CONSULTIVO;DRJS;Administrativo;2008-07-01;2008-10-31;C081-Administração;False;Inativo
0.3.2.0.0.00;DEPTO JURIDICO CONTENCIOSO;DRJC;Administrativo;2008-07-01;2008-10-31;C081-Administração;False;Inativo
0.3.3.0.0.00;DEPTO JURID CONT TRABALHISTA;DRJT;Administrativo;2008-07-01;2008-10-31;C081-Administração;False;Inativo
0.4.0.0.0.00;GERENCIA DE AUDITORIA;GRA;Administrativo;2008-07-01;2008-10-31;C081-Administração;False;Inativo
0.6.0.0.0.00;GERÊNCIA DE MARKETING E DESENV.NEGÓCIOS;GRM;Administrativo;2008-07-01;2008-10-31;C081-Administração;False;Inativo
0.7.1.0.0.00;OUVIDORIA;OUV;Administrativo;2008-07-01;2008-10-31;C081-Administração;False;Inativo
0.7.2.0.0.00;SERVICO ATEND AO USUARIO;SAU;Administrativo;2008-07-01;2008-10-31;C081-Administração;False;Inativo
0.7.2.1.0.00;SERVICO ATEND AO USUARIO-EQUIPES;SAU;Administrativo;2008-07-01;2008-10-31;C081-Administração;False;Inativo
0.8.0.0.0.00;GERENCIA DESENV ORG E RH;GRH;Administrativo;2008-07-01;2008-10-31;C081-Administração;False;Inativo
0.8.1.0.0.00;DEPTO DE RECRUTAMENTO SELEC TREINAMENTO;DRHT;Administrativo;2008-07-01;2008-10-31;C081-Administração;False;Inativo
0.8.2.0.0.00;DEPTO DE ADMINISTRACAO DE PESSOAL;DRHP;Administrativo;2008-07-01;2008-10-31;C081-Administração;False;Inativo
0.8.3.0.0.00;DEPTO DE HIGIENE E SEGURANCA DO TRABALHO;DRHS;Administrativo;2008-07-01;2008-10-31;C081-Administração;False;Inativo
5.0.5.0.0.00;DEPTO DE PLANEJ CONTROLE E GESTÃO-CHEFIA;DOGC;Operacional;2008-07-01;2008-10-31;C071-Custos Indiretos - Operação;False;Inativo
5.0.5.1.0.00;DEPTO DE PLANEJ CONTROLE E GESTÃO-EQUIPE;DOGC;Operacional;2008-07-01;2008-10-31;C071-Custos Indiretos - Operação;False;Inativo
0.2.0.0.0.00;GERENCIA GERAL EXECUTIVA;GRE;Administrativo;2008-07-01;2008-10-31;C081-Administração;False;Inativo
0.2.2.0.0.00;GERÊNCIA DE CUSTOS;GRC;Administrativo;2008-07-01;2008-10-31;C081-Administração;False;Inativo
0.7.0.0.0.00;GERENCIA GERAL DE DESENV. ORGANIZACIONAL;GRD;Administrativo;2008-07-01;2008-10-31;C081-Administração;False;Inativo
5.0.6.0.0.00;GESTAO AMBIENTAL;GOM;Operacional;2008-07-01;2008-10-31;C071-Custos Indiretos - Operação;False;Inativo
5.2.0.0.0.98;PEAD/COPESE;GOF;Manutenção;2008-07-01;2008-10-31;C041-Todas as Linhas Operacionais;False;Inativo
0.7.2.2.0.00;ATENDIMENTO EMERGENCIAL;SAU;Administrativo;2008-07-01;2008-10-31;C081-Administração;False;Inativo
0.0.0;PRESIDÊNCIA - CHEFIA;PR;Administrativo;2008-07-01;2008-10-31;C081-Administração;False;Inativo
0.0.0.0;PRESIDÊNCIA - CHEFIA;PR;Administrativo;2008-07-01;2008-10-31;C081-Administração;False;Inativo
0.0.0.0.0;PRESIDÊNCIA - CHEFIA;PR;Administrativo;2008-07-01;2008-10-31;C081-Administração;False;Inativo
0.0.1;ASSESSORIA P/ASSUNTOS INSTITUCIONAIS;ARA;Administrativo;2008-07-01;2008-10-31;C081-Administração;False;Inativo
0.0.1.0;ASSESSORIA P/ASSUNTOS INSTITUCIONAIS;ARA;Administrativo;2008-07-01;2008-10-31;C081-Administração;False;Inativo
1.3.0.0.0;GABINETE DA PRESIDÊNCIA;PRG;Administrativo;2004-07-01;2008-04-30;C081-Administração;False;Inativo
1.4;GERÊNCIA DE MARKETING E DESENV.NEGÓCIOS;GRM;Administrativo;2004-07-01;2008-06-30;C081-Administração;False;Inativo
1.4.0;GERÊNCIA DE MARKETING E DESENV.NEGÓCIOS;GRM;Administrativo;2004-07-01;2008-06-30;C081-Administração;False;Inativo
1.4.0.0;GERÊNCIA DE MARKETING E DESENV.NEGÓCIOS;GRM;Administrativo;2004-07-01;2008-06-30;C081-Administração;False;Inativo
1.4.0.0.0;GERÊNCIA DE MARKETING E DESENV.NEGÓCIOS;GRM;Administrativo;2004-07-01;2008-06-30;C081-Administração;False;Inativo
1.5;GERÊNCIA DE TECNOLOGIA DA INFORMAÇÃO;GRI;Administrativo;2004-07-01;2005-05-31;C099-Inativos;False;Inativo
1.5.0;GERÊNCIA DE TECNOLOGIA DA INFORMAÇÃO;GRI;Administrativo;2004-07-01;2005-05-31;C099-Inativos;False;Inativo
1.5.0.0;GERÊNCIA DE TECNOLOGIA DA INFORMAÇÃO;GRI;Administrativo;2004-07-01;2005-05-31;C099-Inativos;False;Inativo
1.5.0.0.0;GERÊNCIA DE TECNOLOGIA DA INFORMAÇÃO;GRI;Administrativo;2004-07-01;2005-05-31;C099-Inativos;False;Inativo
1.6;GERÊNCIA DE PROJETOS DE TRANSPORTE;GRT;Administrativo;2004-07-01;2007-01-31;C099-Inativos;False;Inativo
1.6.0;GERÊNCIA DE PROJETOS DE TRANSPORTE;GRT;Administrativo;2004-07-01;2007-01-31;C099-Inativos;False;Inativo
1.6.0.0;GERÊNCIA DE PROJETOS DE TRANSPORTE;GRT;Administrativo;2004-07-01;2007-01-31;C099-Inativos;False;Inativo
1.6.0.0.0;GERÊNCIA DE PROJETOS DE TRANSPORTE;GRT;Administrativo;2004-07-01;2007-01-31;C099-Inativos;False;Inativo
1.7;GERÊNCIA DE GESTÃO DA QUALIDADE;GRQ;Administrativo;2004-07-01;2007-01-31;C099-Inativos;False;Inativo
1.7.0;GERÊNCIA DE GESTÃO DA QUALIDADE;GRQ;Administrativo;2004-07-01;2007-01-31;C099-Inativos;False;Inativo
1.7.0.0;GERÊNCIA DE GESTÃO DA QUALIDADE;GRQ;Administrativo;2004-07-01;2007-01-31;C099-Inativos;False;Inativo
5.2.0.0;GERÊNCIA DE MANUT DE INSTALAÇÕES FIXAS;GOF;Manutenção;2004-07-01;2008-10-31;C041-Todas as Linhas Operacionais;False;Inativo
5.2.0.0.0;GERÊNCIA DE MANUT DE INSTALAÇÕES FIXAS;GOF;Manutenção;2004-07-01;2008-10-31;C041-Todas as Linhas Operacionais;False;Inativo
5.2.1;DEPTO.DE ENG DE MAN INST FIXAS;DOFG;Manutenção;2008-01-01;2008-10-31;C041-Todas as Linhas Operacionais;False;Inativo
5.2.1.0;DEPTO.DE ENG DE MAN INST FIXAS-CHEFIA;DOFG;Manutenção;2008-01-01;2008-10-31;C041-Todas as Linhas Operacionais;False;Inativo
5.2.1.0.0;DEPTO.DE ENG DE MAN INST FIXAS-CHEFIA;DOFG;Manutenção;2008-01-01;2008-10-31;C041-Todas as Linhas Operacionais;False;Inativo
5.2.1.1;DEPTO DE ENG DE MANUT INST FIXAS-EQUIPES;DOFG;Manutenção;2008-01-01;2008-10-31;C041-Todas as Linhas Operacionais;False;Inativo
5.2.1.1.0;DEPTO DE ENG DE MANUT INST FIXAS-EQUIPES;DOFG;Manutenção;2008-01-01;2008-10-31;C041-Todas as Linhas Operacionais;False;Inativo
5.2.3;DEPTO MANUT. SIST. ELÉTR. ELETRÔN.;DOFE;Manutenção;2004-07-01;2007-12-31;C041-Todas as Linhas Operacionais;False;Inativo
5.2.3.0;DEPTO MANUT. SIST. ELÉTR. ELETRÔN.;DOFE;Manutenção;2004-07-01;2007-12-31;C041-Todas as Linhas Operacionais;False;Inativo
5.2.3.0.0;DEPTO MANUT. SIST. ELÉTR. ELETRÔN.;DOFE;Manutenção;2004-07-01;2007-12-31;C041-Todas as Linhas Operacionais;False;Inativo
5.2.3.1;MANUTENÇÃO DE REDE AÉREA;DOFE;Manutenção;2004-07-01;2007-12-31;C007-Linha: 7 - Rubi;False;Inativo
5.2.3.1.1;MANUTENÇÃO DE REDE AÉREA - LINHA A;DOFE;Manutenção;2004-07-01;2007-12-31;C007-Linha: 7 - Rubi;False;Inativo
5.2.3.1.2;MANUTENÇÃO DE REDE AÉREA - LINHA B/C;DOFE;Manutenção;2004-07-01;2007-12-31;C032-Linhas: 8/9 - Diamante/Esmeralda;False;Inativo
5.2.3.1.4;MANUTENÇÃO DE REDE AÉREA - LINHA D;DOFE;Manutenção;2004-07-01;2007-12-31;C010-Linha: 10 - Turquesa;False;Inativo
5.2.3.1.5;MANUTENÇÃO DE REDE AÉREA - LINHA E/F;DOFE;Manutenção;2004-07-01;2007-12-31;C033-Linhas: 11/12 - Coral/Safira;False;Inativo
5.2.3.1.6;MANUTENÇÃO DE REDE AÉREA - LINHA F;DOFE;Manutenção;2004-07-01;2007-03-31;C099-Inativos;False;Inativo
5.2.3.2;MANUTENÇÃO DE SUBESTAÇÕES;DOFE;Manutenção;2004-07-01;2007-12-31;C007-Linha: 7 - Rubi;False;Inativo
5.2.3.2.1;MANUTENÇÃO DE SUBESTAÇÕES - LINHA A;DOFE;Manutenção;2004-07-01;2007-12-31;C007-Linha: 7 - Rubi;False;Inativo
5.2.3.2.2;MANUTENÇÃO DE SUBESTAÇÕES - LINHA B/C;DOFE;Manutenção;2004-07-01;2007-12-31;C032-Linhas: 8/9 - Diamante/Esmeralda;False;Inativo
5.2.3.2.4;MANUTENÇÃO DE SUBESTAÇÕES - LINHA D;DOFE;Manutenção;2004-07-01;2007-12-31;C010-Linha: 10 - Turquesa;False;Inativo
5.2.3.2.5;MANUTENÇÃO DE SUBESTAÇÕES - LINHA E/F;DOFE;Manutenção;2004-07-01;2007-12-31;C033-Linhas: 11/12 - Coral/Safira;False;Inativo
5.2.3.2.6;MANUTENÇÃO DE SUBESTAÇÕES - LINHA F;DOFE;Manutenção;2004-07-01;2007-03-31;C099-Inativos;False;Inativo
5.2.3.3;DISTRIBUIÇÃO;DOFE;Manutenção;2004-07-01;2007-12-31;C031-Linhas: 7/10 - Rubi/Turquesa;False;Inativo
5.2.3.3.1;DISTRIBUIÇÃO - LINHA A/D;DOFE;Manutenção;2004-07-01;2007-12-31;C031-Linhas: 7/10 - Rubi/Turquesa;False;Inativo
5.2.3.3.3;DISTRIBUIÇÃO - LINHA B/C;DOFE;Manutenção;2004-07-01;2007-12-31;C032-Linhas: 8/9 - Diamante/Esmeralda;False;Inativo
5.2.3.3.5;DISTRIBUIÇÃO - LINHA E/F;DOFE;Manutenção;2004-07-01;2007-12-31;C033-Linhas: 11/12 - Coral/Safira;False;Inativo
5.2.3.4;MANUTENÇÃO DA SINALIZAÇÃO;DOFE;Manutenção;2004-07-01;2007-12-31;C007-Linha: 7 - Rubi;False;Inativo
5.2.3.4.1;MANUTENÇÃO DA SINALIZAÇÃO - LINHA A;DOFE;Manutenção;2004-07-01;2007-12-31;C007-Linha: 7 - Rubi;False;Inativo
5.2.3.4.2;MANUTENÇÃO DA SINALIZAÇÃO - LINHA B/C;DOFE;Manutenção;2004-07-01;2007-12-31;C032-Linhas: 8/9 - Diamante/Esmeralda;False;Inativo
5.2.3.4.4;MANUTENÇÃO DA SINALIZAÇÃO - LINHA D;DOFE;Manutenção;2004-07-01;2007-12-31;C010-Linha: 10 - Turquesa;False;Inativo
5.2.3.4.5;MANUTENÇÃO DA SINALIZAÇÃO - LINHA E;DOFE;Manutenção;2004-07-01;2007-12-31;C011-Linha: 11 - Coral;False;Inativo
5.2.3.4.6;MANUTENÇÃO DA SINALIZAÇÃO - LINHA F;DOFE;Manutenção;2004-07-01;2007-12-31;C012-Linha: 12 - Safira;False;Inativo
5.2.3.5;MANUTENÇÃO DE TELECOM.;DOFE;Manutenção;2004-07-01;2007-12-31;C007-Linha: 7 - Rubi;False;Inativo
5.2.3.5.1;MANUTENÇÃO DE TELECOM. - LINHA A;DOFE;Manutenção;2004-07-01;2007-12-31;C007-Linha: 7 - Rubi;False;Inativo
5.2.3.5.2;MANUTENÇÃO DE TELECOM. - LINHA B/C;DOFE;Manutenção;2004-07-01;2007-12-31;C032-Linhas: 8/9 - Diamante/Esmeralda;False;Inativo
5.2.3.5.4;MANUTENÇÃO DE TELECOM. - LINHA D;DOFE;Manutenção;2004-07-01;2007-12-31;C010-Linha: 10 - Turquesa;False;Inativo
5.2.3.5.5;MANUTENÇÃO DE TELECOM. - LINHA E / F;DOFE;Manutenção;2004-07-01;2007-12-31;C033-Linhas: 11/12 - Coral/Safira;False;Inativo
5.2.3.7;OFICINA ELETRÔNICA;DOFE;Manutenção;2004-07-01;2007-12-31;C032-Linhas: 8/9 - Diamante/Esmeralda;False;Inativo
5.2.3.7.1;OFICINA ELETRÔNICA - PRESIDENTE ALTINO;DOFE;Manutenção;2004-07-01;2007-12-31;C032-Linhas: 8/9 - Diamante/Esmeralda;False;Inativo
5.2.3.7.2;OFICINA ELETRÔNICA - LAPA;DOFE;Manutenção;2004-07-01;2007-12-31;C039-Linhas: 7/10/11/12 - Rubi/Turquesa/Coral/Safira;False;Inativo
5.3.7.5;EQUIPE-CONTR SUPRIM DE MAT E TREINAM;DORO;Manutenção;2008-01-01;2008-10-31;C041-Todas as Linhas Operacionais;False;Inativo
5.3.7.5.0;EQUIPE-CONTR SUPRIM DE MAT E TREINAM;DORO;Manutenção;2008-01-01;2008-10-31;C041-Todas as Linhas Operacionais;False;Inativo
5.4;CONVÊNIO METRO / CPTM - OPERAÇÃO;GOP;Operacional;2004-07-01;2007-12-31;C071-Custos Indiretos - Operação;False;Inativo
5.4.0;CONVÊNIO METRO / CPTM - OPERAÇÃO;GOP;Operacional;2004-07-01;2007-12-31;C071-Custos Indiretos - Operação;False;Inativo
5.4.0.0;CONVÊNIO METRO / CPTM - OPERAÇÃO;GOP;Operacional;2004-07-01;2007-12-31;C071-Custos Indiretos - Operação;False;Inativo
5.4.0.0.0;CONVÊNIO METRO / CPTM - OPERAÇÃO;GOP;Operacional;2004-07-01;2007-12-31;C071-Custos Indiretos - Operação;False;Inativo
5.4.0.2;EQUIPE PREV ACIDENTES E REL HUMANAS;GOP;Operacional;2007-04-01;2007-04-01;C099-Inativos;False;Inativo
5.4.0.2.0;EQUIPE PREV ACIDENTES E REL HUMANAS;GOP;Operacional;2007-04-01;2007-04-01;C099-Inativos;False;Inativo
5.4.2;DEPTO DE ESTAÇÕES;DOPE;Operacional;2004-07-01;2007-03-31;C099-Inativos;False;Inativo
5.4.2.0;DEPTO DE ESTAÇÕES;DOPE;Operacional;2004-07-01;2007-03-31;C099-Inativos;False;Inativo
5.4.2.0.0;DEPTO DE ESTAÇÕES;DOPE;Operacional;2004-07-01;2007-03-31;C099-Inativos;False;Inativo
5.4.2.1;EQUIPE-OPERAÇÃO E GESTÃO ESTAÇÕES - A/D;DOPE;Operacional;2004-07-01;2007-03-31;C099-Inativos;False;Inativo
5.4.2.1.0;EQUIPE-OPERAÇÃO E GESTÃO ESTAÇÕES - A/D;DOPE;Operacional;2004-07-01;2007-03-31;C099-Inativos;False;Inativo
5.4.2.1.1;OPERAÇÃO E GESTÃO ESTAÇÕES - A;ABR;Operacional;2004-07-01;2007-03-31;C007-Linha: 7 - Rubi;False;Inativo
5.4.2.1.2;OPERAÇÃO E GESTÃO ESTAÇÕES - D;RGS;Operacional;2004-07-01;2007-03-31;C010-Linha: 10 - Turquesa;False;Inativo
5.4.2.2;EQUIPE -OPERAÇÃO E GESTÃO ESTAÇÕES - B/C;DOPE;Operacional;2004-07-01;2007-03-31;C099-Inativos;False;Inativo
5.4.2.2.0;EQUIPE -OPERAÇÃO E GESTÃO ESTAÇÕES - B/C;DOPE;Operacional;2004-07-01;2007-03-31;C099-Inativos;False;Inativo
5.4.2.2.1;OPERAÇÃO E GESTÃO ESTAÇÕES - B;JPR;Operacional;2004-07-01;2007-03-31;C008-Linha: 8 - Diamante;False;Inativo
5.4.2.2.2;OPERAÇÃO E GESTÃO ESTAÇÕES - C;CEA;Operacional;2004-07-01;2007-03-31;C009-Linha: 9 - Esmeralda;False;Inativo
5.4.2.3;EQUIPE-OPERAÇÃO E GESTÃO ESTAÇÕES - E/F;DOPE;Operacional;2004-07-01;2007-03-31;C099-Inativos;False;Inativo
5.4.2.3.0;EQUIPE-OPERAÇÃO E GESTÃO ESTAÇÕES - E/F;DOPE;Operacional;2004-07-01;2007-03-31;C099-Inativos;False;Inativo
5.4.2.3.1;OPERAÇÃO E GESTÃO ESTAÇÕES - EXPRESSO LE;BAS;Operacional;2004-07-01;2007-03-31;C011-Linha: 11 - Coral;False;Inativo
5.4.2.3.2;OPERAÇÃO E GESTÃO ESTAÇÕES - E;AGN;Operacional;2004-07-01;2007-03-31;C011-Linha: 11 - Coral;False;Inativo
5.4.2.3.3;OPERAÇÃO E GESTÃO ESTAÇÕES - F;EGO;Operacional;2004-07-01;2007-03-31;C012-Linha: 12 - Safira;False;Inativo
5.4.2.4;EQUIPE-PREV. A ACIDENTES E REL.HUMANAS;DOPE;Operacional;2004-07-01;2007-03-31;C099-Inativos;False;Inativo
5.4.2.4.0;EQUIPE-PREV. A ACIDENTES E REL.HUMANAS;DOPE;Operacional;2004-07-01;2007-03-31;C099-Inativos;False;Inativo
5.4.2.5;EQUIPE-EDIFICAÇÕES E FALHAS;DOPE;Operacional;2004-07-01;2007-03-31;C099-Inativos;False;Inativo
5.4.2.5.0;EQUIPE-EDIFICAÇÕES E FALHAS;DOPE;Operacional;2004-07-01;2007-03-31;C099-Inativos;False;Inativo
5.4.3;DEPTO DE ESTAÇÕES-LINHAS A/B/C;DOPO;Operacional;2007-04-01;2007-12-31;C035-Linhas: 7/8/9 - Rubi/Diamante/Esmeralda;False;Inativo
5.4.3.0;DEPTO DE ESTAÇÕES-LINHAS A/B/C;DOPO;Operacional;2007-04-01;2007-12-31;C035-Linhas: 7/8/9 - Rubi/Diamante/Esmeralda;False;Inativo
5.4.3.0.0;DEPTO DE ESTAÇÕES-LINHAS A/B/C;DOPO;Operacional;2007-04-01;2007-12-31;C035-Linhas: 7/8/9 - Rubi/Diamante/Esmeralda;False;Inativo
5.4.3.1;EQUIPE OPERAÇÃO E GESTÃO-ESTAÇÕES A/B/C;DOPO;Operacional;2007-04-01;2007-12-31;C035-Linhas: 7/8/9 - Rubi/Diamante/Esmeralda;False;Inativo
5.4.3.1.0;EQUIPE OPERAÇÃO E GESTÃO-ESTAÇÕES A/B/C;DOPO;Operacional;2007-04-01;2007-12-31;C035-Linhas: 7/8/9 - Rubi/Diamante/Esmeralda;False;Inativo
5.4.3.1.1;EQUIPE-OPERAÇÃO E GESTÃO ESTAÇÕES - A;ABR;Operacional;2007-04-01;2007-12-31;C007-Linha: 7 - Rubi;False;Inativo
5.4.3.1.2;EQUIPE-OPERAÇÃO E GESTÃO ESTAÇÕES - B;JPR;Operacional;2007-04-01;2007-12-31;C008-Linha: 8 - Diamante;False;Inativo
5.4.3.1.3;EQUIPE-OPERAÇÃO E GESTÃO ESTAÇÕES - C;CEA;Operacional;2007-04-01;2007-12-31;C009-Linha: 9 - Esmeralda;False;Inativo
5.4.4;DEPTO DE ESTAÇÕES - LINHAS D/E/F;DOPL;Operacional;2007-04-01;2007-12-31;C036-Linhas: 10/11/12/13 - Turquesa/Coral/Safira/Jade;False;Inativo
5.3.3.4.1;SERVIÇOS EXTERNOS - TRENS E EQUIPAMENTOS;DORM;Manutenção;2004-07-01;2007-12-31;C041-Todas as Linhas Operacionais;False;Inativo
5.3.4;DEPTO DE MANUT MAT ROD - LAPA;DORA;Manutenção;2008-01-01;2008-10-31;C039-Linhas: 7/10/11/12 - Rubi/Turquesa/Coral/Safira;False;Inativo
5.3.4.0;DEPTO DE MANUT MAT ROD - LAPA - CHEFIA;DORA;Manutenção;2008-01-01;2008-10-31;C039-Linhas: 7/10/11/12 - Rubi/Turquesa/Coral/Safira;False;Inativo
5.3.4.0.0;DEPTO DE MANUT MAT ROD - LAPA - CHEFIA;DORA;Manutenção;2008-01-01;2008-10-31;C039-Linhas: 7/10/11/12 - Rubi/Turquesa/Coral/Safira;False;Inativo
5.3.4.1;ABRIGO LAPA;DORA;Manutenção;2008-01-01;2008-10-31;C039-Linhas: 7/10/11/12 - Rubi/Turquesa/Coral/Safira;False;Inativo
5.3.4.1.0;ABRIGO LAPA;DORA;Manutenção;2008-01-01;2008-10-31;C039-Linhas: 7/10/11/12 - Rubi/Turquesa/Coral/Safira;False;Inativo
5.3.4.2;OFICINAS - LUZ;DORA;Manutenção;2008-01-01;2008-10-31;C039-Linhas: 7/10/11/12 - Rubi/Turquesa/Coral/Safira;False;Inativo
5.3.4.2.0;OFICINAS - LUZ;DORA;Manutenção;2008-01-01;2008-10-31;C039-Linhas: 7/10/11/12 - Rubi/Turquesa/Coral/Safira;False;Inativo
5.3.5;DEPTO DE MANUT MAT ROD - P.ALTINO;DORB;Manutenção;2008-01-01;2008-10-31;C032-Linhas: 8/9 - Diamante/Esmeralda;False;Inativo
5.3.5.0;DEPTO DE MANUT MAT ROD - P.ALTINO-CHEFIA;DORB;Manutenção;2008-01-01;2008-10-31;C032-Linhas: 8/9 - Diamante/Esmeralda;False;Inativo
5.3.5.0.0;DEPTO DE MANUT MAT ROD - P.ALTINO-CHEFIA;DORB;Manutenção;2008-01-01;2008-10-31;C032-Linhas: 8/9 - Diamante/Esmeralda;False;Inativo
5.3.5.1;ABRIGO PRES. ALTINO;DORB;Manutenção;2008-01-01;2008-10-31;C032-Linhas: 8/9 - Diamante/Esmeralda;False;Inativo
5.3.5.1.0;ABRIGO PRES. ALTINO;DORB;Manutenção;2008-01-01;2008-10-31;C032-Linhas: 8/9 - Diamante/Esmeralda;False;Inativo
5.3.6;DEPTO DE MAN MAT ROD-ENG.S.PAULO;DORE;Manutenção;2008-01-01;2008-10-31;C039-Linhas: 7/10/11/12 - Rubi/Turquesa/Coral/Safira;False;Inativo
5.3.6.0;DEPTO DE MAN MAT ROD-ENG.S.PAULO-CHEFIA;DORE;Manutenção;2008-01-01;2008-10-31;C039-Linhas: 7/10/11/12 - Rubi/Turquesa/Coral/Safira;False;Inativo
5.3.6.0.0;DEPTO DE MAN MAT ROD-ENG.S.PAULO-CHEFIA;DORE;Manutenção;2008-01-01;2008-10-31;C039-Linhas: 7/10/11/12 - Rubi/Turquesa/Coral/Safira;False;Inativo
5.3.6.1;ABRIGO EGN. S. PAULO;DORE;Manutenção;2008-01-01;2008-10-31;C033-Linhas: 11/12 - Coral/Safira;False;Inativo
5.3.6.1.0;ABRIGO EGN. S. PAULO;DORE;Manutenção;2008-01-01;2008-10-31;C033-Linhas: 11/12 - Coral/Safira;False;Inativo
5.3.6.2;PÓRTICOS ROOSEVELT;DORE;Manutenção;2008-01-01;2008-10-31;C033-Linhas: 11/12 - Coral/Safira;False;Inativo
5.3.6.2.0;PÓRTICOS ROOSEVELT;DORE;Manutenção;2008-01-01;2008-10-31;C033-Linhas: 11/12 - Coral/Safira;False;Inativo
5.3.7;DEPTO DE OFIC MAN MAT RODANTE;DORO;Manutenção;2008-01-01;2008-10-31;C041-Todas as Linhas Operacionais;False;Inativo
5.3.7.0;DEPTO DE OFIC MAN MAT ROD - CHEFIA;DORO;Manutenção;2008-01-01;2008-10-31;C041-Todas as Linhas Operacionais;False;Inativo
5.3.7.0.0;DEPTO DE OFIC MAN MAT ROD - CHEFIA;DORO;Manutenção;2008-01-01;2008-10-31;C041-Todas as Linhas Operacionais;False;Inativo
5.3.7.1;MANUT DE LOCOMOTIVAS E VAGÕES;DORO;Manutenção;2008-01-01;2008-10-31;C041-Todas as Linhas Operacionais;False;Inativo
5.3.7.1.0;MANUT DE LOCOMOTIVAS E VAGÕES;DORO;Manutenção;2008-01-01;2008-10-31;C041-Todas as Linhas Operacionais;False;Inativo
5.3.7.2;OFICINA ELÉTRICA - PRES. ALTINO;DORO;Manutenção;2008-01-01;2008-10-31;C041-Todas as Linhas Operacionais;False;Inativo
5.3.7.2.0;OFICINA ELÉTRICA - PRES. ALTINO;DORO;Manutenção;2008-01-01;2008-10-31;C041-Todas as Linhas Operacionais;False;Inativo
5.3.7.3;OFICINA MECÂNICA - PRES. ALTINO;DORO;Manutenção;2008-01-01;2008-10-31;C041-Todas as Linhas Operacionais;False;Inativo
5.3.7.3.0;OFICINA MECÂNICA - PRES. ALTINO;DORO;Manutenção;2008-01-01;2008-10-31;C041-Todas as Linhas Operacionais;False;Inativo
5.3.7.4;EQUIPE-GESTÃO E PLANEJAMENTO;DORO;Manutenção;2008-01-01;2008-10-31;C041-Todas as Linhas Operacionais;False;Inativo
5.3.7.4.0;EQUIPE-GESTÃO E PLANEJAMENTO;DORO;Manutenção;2008-01-01;2008-10-31;C041-Todas as Linhas Operacionais;False;Inativo
2.6.0.0;GERÊNCIA DE DESENV.ORGANIZ.E REC.HUMANOS;GFH;Administrativo;2007-02-01;2008-06-30;C081-Administração;False;Inativo
2.6.0.0.0;GERÊNCIA DE DESENV.ORGANIZ.E REC.HUMANOS;GFH;Administrativo;2007-02-01;2008-06-30;C081-Administração;False;Inativo
2.6.1;DEPTO.DE RECRUTAM.,SELEÇÃO E TREINAMENTO;DFHT;Administrativo;2007-02-01;2008-06-30;C081-Administração;False;Inativo
2.6.1.0;DEPTO.DE RECRUTAM.,SELEÇÃO E TREINAMENTO;DFHT;Administrativo;2007-02-01;2008-06-30;C081-Administração;False;Inativo
2.6.1.0.0;DEPTO.DE RECRUTAM.,SELEÇÃO E TREINAMENTO;DFHT;Administrativo;2007-02-01;2008-06-30;C081-Administração;False;Inativo
2.6.2;DEPTO.DE ADMINISTRAÇÃO DE PESSOAL;DFHP;Administrativo;2007-02-01;2008-06-30;C081-Administração;False;Inativo
2.6.2.0;DEPTO.DE ADMINISTRAÇÃO DE PESSOAL;DFHP;Administrativo;2007-02-01;2008-06-30;C081-Administração;False;Inativo
2.6.2.0.0;DEPTO.DE ADMINISTRAÇÃO DE PESSOAL;DFHP;Administrativo;2007-02-01;2008-06-30;C081-Administração;False;Inativo
2.6.3;DEPTO.DE HIGIENE E SEGURANÇA DO TRABALHO;DFHS;Administrativo;2007-02-01;2008-06-30;C081-Administração;False;Inativo
2.6.3.0;DEPTO.DE HIGIENE E SEGURANÇA DO TRABALHO;DFHS;Administrativo;2007-02-01;2008-06-30;C081-Administração;False;Inativo
2.6.3.0.0;DEPTO.DE HIGIENE E SEGURANÇA DO TRABALHO;DFHS;Administrativo;2007-02-01;2008-06-30;C081-Administração;False;Inativo
3;DIRETORIA DE PLANEJAMENTO E PROJETOS;DP;Administrativo;2012-01-01;;C081-Administração;True;Ativo
3.0;DIRETORIA DE PLANEJAMENTO - CHEFIA;DP;Administrativo;2004-07-01;2008-10-31;C081-Administração;False;Inativo
3.0.0;DIRETORIA DE PLANEJAMENTO - CHEFIA;DP;Administrativo;2004-07-01;2008-10-31;C081-Administração;False;Inativo
3.0.0.0;DIRETORIA DE PLANEJAMENTO - CHEFIA;DP;Administrativo;2004-07-01;2008-10-31;C081-Administração;False;Inativo
3.0.0.0.0;DIRETORIA DE PLANEJAMENTO - CHEFIA;DP;Administrativo;2004-07-01;2008-10-31;C081-Administração;False;Inativo
3.1;GERÊNCIA DE PLANEJAMENTO DE TRANSPORTES;GPT;Administrativo;2007-02-01;2008-10-31;C081-Administração;False;Inativo
5.4.4.0;DEPTO DE ESTAÇÕES - LINHAS D/E/F;DOPL;Operacional;2007-04-01;2007-12-31;C036-Linhas: 10/11/12/13 - Turquesa/Coral/Safira/Jade;False;Inativo
5.4.4.0.0;DEPTO DE ESTAÇÕES - LINHAS D/E/F;DOPL;Operacional;2007-04-01;2007-12-31;C036-Linhas: 10/11/12/13 - Turquesa/Coral/Safira/Jade;False;Inativo
5.4.4.1;EQUIPE OPERAÇÃO E GESTÃO-ESTAÇÕES D/E/F;DOPL;Operacional;2007-04-01;2007-12-31;C036-Linhas: 10/11/12/13 - Turquesa/Coral/Safira/Jade;False;Inativo
5.4.4.1.0;EQUIPE OPERAÇÃO E GESTÃO-ESTAÇÕES D/E/F;DOPL;Operacional;2007-04-01;2007-12-31;C036-Linhas: 10/11/12/13 - Turquesa/Coral/Safira/Jade;False;Inativo
5.4.4.1.1;OPERAÇÃO E GESTÃO ESTAÇÕES - D;LUZ;Operacional;2007-04-01;2007-12-31;C010-Linha: 10 - Turquesa;False;Inativo
5.4.4.1.2;OPERAÇÃO E GESTÃO ESTAÇÕES - EXPRESSO LE;BAS;Operacional;2007-04-01;2007-12-31;C011-Linha: 11 - Coral;False;Inativo
5.4.4.1.3;OPERAÇÃO E GESTÃO ESTAÇÕES - E;AGN;Operacional;2007-04-01;2007-12-31;C011-Linha: 11 - Coral;False;Inativo
5.4.4.1.4;OPERAÇÃO E GESTÃO ESTAÇÕES - F;EGO;Operacional;2007-04-01;2007-12-31;C012-Linha: 12 - Safira;False;Inativo
5.5;GERÊNCIA CIRCULAÇÃO E CONTR.OPERACIONAL;GOC;Operacional;2004-07-01;2008-10-31;C071-Custos Indiretos - Operação;False;Inativo
5.5.0;GERÊNCIA CIRCULAÇÃO E CONTR.OPERACIONAL;GOC;Operacional;2004-07-01;2008-10-31;C071-Custos Indiretos - Operação;False;Inativo
5.5.0.0;GERÊNCIA CIRCULAÇÃO E CONTR.OPERACIONAL;GOC;Operacional;2004-07-01;2008-10-31;C071-Custos Indiretos - Operação;False;Inativo
5.5.0.0.0;GERÊNCIA CIRCULAÇÃO E CONTR.OPERACIONAL;GOC;Operacional;2004-07-01;2008-10-31;C071-Custos Indiretos - Operação;False;Inativo
5.5.1;DEPTO DE ENG CONTR OPERAC;DOOG;Operacional;2008-01-01;2008-10-31;C041-Todas as Linhas Operacionais;False;Inativo
5.5.1.0;DEPTO DE ENG CONTR OPERAC - CHEFIA;DOOG;Operacional;2008-01-01;2008-10-31;C041-Todas as Linhas Operacionais;False;Inativo
5.5.1.0.0;DEPTO DE ENG CONTR OPERAC - CHEFIA;DOOG;Operacional;2008-01-01;2008-10-31;C041-Todas as Linhas Operacionais;False;Inativo
5.5.1.1;DEPTO DE ENG CONTR OPERAC - EQUIPES;DOOG;Operacional;2008-01-01;2008-10-31;C041-Todas as Linhas Operacionais;False;Inativo
5.5.1.1.0;DEPTO DE ENG CONTR OPERAC - EQUIPES;DOOG;Operacional;2008-01-01;2008-10-31;C041-Todas as Linhas Operacionais;False;Inativo
5.5.2;DEPTO DE CONTROLE OPERACIONAL;DOOC;Operacional;2004-07-01;2008-10-31;C041-Todas as Linhas Operacionais;False;Inativo
5.5.2.0;DEPTO DE CONTROLE OPERACIONAL-CHEFIA;DOOC;Operacional;2004-07-01;2008-10-31;C041-Todas as Linhas Operacionais;False;Inativo
5.5.2.0.0;DEPTO DE CONTROLE OPERACIONAL-CHEFIA;DOOC;Operacional;2004-07-01;2008-10-31;C041-Todas as Linhas Operacionais;False;Inativo
5.5.2.1;CONTROLE DE TRÁFEGO - CCO;DOOC;Operacional;2004-07-01;2008-10-31;C031-Linhas: 7/10 - Rubi/Turquesa;False;Inativo
5.5.2.1.1;CONTROLE DE TRÁFEGO - CCO LUZ;DOOC;Operacional;2004-07-01;2008-10-31;C031-Linhas: 7/10 - Rubi/Turquesa;False;Inativo
5.5.2.1.2;CONTROLE DE TRÁFEGO - CCO PRES.ALTINO;DOOC;Operacional;2004-07-01;2008-10-31;C032-Linhas: 8/9 - Diamante/Esmeralda;False;Inativo
5.5.2.1.3;CONTROLE DE TRÁFEGO - CCO BRAS;DOOC;Operacional;2004-07-01;2008-10-31;C033-Linhas: 11/12 - Coral/Safira;False;Inativo
5.5.3;DEPTO DE CIRCULAÇÃO;DOCC;Operacional;2004-07-01;2007-12-31;C041-Todas as Linhas Operacionais;False;Inativo
5.5.3.0;DEPTO DE CIRCULAÇÃO;DOCC;Operacional;2004-07-01;2007-12-31;C041-Todas as Linhas Operacionais;False;Inativo
5.5.3.0.0;DEPTO DE CIRCULAÇÃO;DOCC;Operacional;2004-07-01;2007-12-31;C041-Todas as Linhas Operacionais;False;Inativo
5.5.3.1;MOVIMENTO DE TRENS - LINHA A/D;DOCC;Operacional;2004-07-01;2007-12-31;C031-Linhas: 7/10 - Rubi/Turquesa;False;Inativo
5.5.3.1.1;MOVIMENTO DE TRENS - LINHA A/D;DOCC;Operacional;2004-07-01;2007-12-31;C031-Linhas: 7/10 - Rubi/Turquesa;False;Inativo
5.5.3.1.2;MOVIMENTO DE TRENS - LINHA B/C;DOCC;Operacional;2004-07-01;2007-12-31;C032-Linhas: 8/9 - Diamante/Esmeralda;False;Inativo
5.5.3.1.3;MOVIMENTO DE TRENS - LINHA E/F;DOCC;Operacional;2004-07-01;2007-12-31;C033-Linhas: 11/12 - Coral/Safira;False;Inativo
5.5.3.2;LAVADOR DE CARROS BARRA FUNDA - A/D;DOCC;Operacional;2004-07-01;2007-12-31;C031-Linhas: 7/10 - Rubi/Turquesa;False;Inativo
5.5.3.2.1;LAVADOR DE CARROS BARRA FUNDA - A/D;DOCC;Operacional;2004-07-01;2007-12-31;C031-Linhas: 7/10 - Rubi/Turquesa;False;Inativo
5.5.3.2.2;LAVADOR DE CARROS PRES. ALTINO - B/C;DOCC;Operacional;2004-07-01;2007-12-31;C032-Linhas: 8/9 - Diamante/Esmeralda;False;Inativo
5.5.3.2.3;LAVADOR DE CARROS JUNDIAPEBA - E/F;DOCC;Operacional;2004-07-01;2007-12-31;C033-Linhas: 11/12 - Coral/Safira;False;Inativo
5.6;GERÊNCIA DE SEGURANÇA;GOS;Operacional;2004-07-01;2008-10-31;C071-Custos Indiretos - Operação;False;Inativo
5.6.0;GERÊNCIA DE SEGURANÇA - CHEFIA;GOS;Operacional;2004-07-01;2008-10-31;C071-Custos Indiretos - Operação;False;Inativo
5.6.0.0;GERÊNCIA DE SEGURANÇA - CHEFIA;GOS;Operacional;2004-07-01;2008-10-31;C071-Custos Indiretos - Operação;False;Inativo
5.6.0.0.0;GERÊNCIA DE SEGURANÇA - CHEFIA;GOS;Operacional;2004-07-01;2008-10-31;C071-Custos Indiretos - Operação;False;Inativo
5.6.1;DEPTO DE EFETIVO E LOGÍSTICA;DOSE;Operacional;2004-07-01;2008-10-31;C041-Todas as Linhas Operacionais;False;Inativo
5.6.1.0;DEPTO DE EFETIVO E LOGÍSTICA;DOSE;Operacional;2004-07-01;2008-10-31;C041-Todas as Linhas Operacionais;False;Inativo
5.6.1.0.0;DEPTO DE EFETIVO E LOGÍSTICA;DOSE;Operacional;2004-07-01;2008-10-31;C041-Todas as Linhas Operacionais;False;Inativo
5.6.2;DEPTO DE SEGURANÇA E VIGILÂNCIA;DOSV;Operacional;2004-07-01;2008-10-31;C041-Todas as Linhas Operacionais;False;Inativo
5.6.2.0;DEPTO DE SEGURANÇA E VIGILÂNCIA-CHEFIA;DOSV;Operacional;2004-07-01;2008-10-31;C041-Todas as Linhas Operacionais;False;Inativo
5.6.2.0.0;DEPTO DE SEGURANÇA E VIGILÂNCIA-CHEFIA;DOSV;Operacional;2004-07-01;2008-10-31;C041-Todas as Linhas Operacionais;False;Inativo
5.6.2.1;SEGURANÇA OPERACIONAL - LINHAS 7 / 10;DOSV;Operacional;2004-07-01;2008-10-31;C031-Linhas: 7/10 - Rubi/Turquesa;False;Inativo
5.2.3.8;OFICINA ELÉTRICA;DOFE;Manutenção;2004-07-01;2007-12-31;C032-Linhas: 8/9 - Diamante/Esmeralda;False;Inativo
5.2.3.8.1;OFICINA ELÉTRICA - PRESIDENTE ALTINO;DOFE;Manutenção;2004-07-01;2007-12-31;C032-Linhas: 8/9 - Diamante/Esmeralda;False;Inativo
5.2.3.8.2;OFICINA ELÉTRICA - LAPA;DOFE;Manutenção;2004-07-01;2007-12-31;C039-Linhas: 7/10/11/12 - Rubi/Turquesa/Coral/Safira;False;Inativo
5.2.4;DEPTO MANUT.OBRAS ARTE,EDIF. EQUIPAM.;DOFO;Manutenção;2004-07-01;2008-10-31;C041-Todas as Linhas Operacionais;False;Inativo
5.2.4.0;DEPTO MANUT.OBRAS ARTE,EDIF. EQ.-CHEFIA;DOFO;Manutenção;2004-07-01;2008-10-31;C041-Todas as Linhas Operacionais;False;Inativo
5.2.4.0.0;DEPTO MANUT.OBRAS ARTE,EDIF. EQ.-CHEFIA;DOFO;Manutenção;2004-07-01;2008-10-31;C041-Todas as Linhas Operacionais;False;Inativo
5.2.4.1;MANUTENÇÃO CIVIL;DOFO;Manutenção;2004-07-01;2008-10-31;C039-Linhas: 7/10/11/12 - Rubi/Turquesa/Coral/Safira;False;Inativo
5.2.4.1.1;MANUTENÇÃO CIVIL - LAPA;DOFO;Manutenção;2004-07-01;2008-10-31;C039-Linhas: 7/10/11/12 - Rubi/Turquesa/Coral/Safira;False;Inativo
5.2.4.1.2;MANUTENÇÃO CIVIL - PRES.ALTINO;DOFO;Manutenção;2004-07-01;2008-10-31;C032-Linhas: 8/9 - Diamante/Esmeralda;False;Inativo
5.2.4.2;OFICINAS GERAIS - LAPA;DOFO;Manutenção;2004-07-01;2008-10-31;C039-Linhas: 7/10/11/12 - Rubi/Turquesa/Coral/Safira;False;Inativo
5.2.4.2.1;OFICINAS GERAIS - LAPA;DOFO;Manutenção;2004-07-01;2008-10-31;C039-Linhas: 7/10/11/12 - Rubi/Turquesa/Coral/Safira;False;Inativo
5.2.4.2.2;OFICINAS GERAIS - PRESIDENTE ALTINO;DOFO;Manutenção;2004-07-01;2008-10-31;C032-Linhas: 8/9 - Diamante/Esmeralda;False;Inativo
5.2.4.3;OFICINA DE MÁQUINAS DE VIA PERMANENTE;DOFO;Manutenção;2004-07-01;2004-07-06;C099-Inativos;False;Inativo
5.2.4.3.1;OFICINA DE MÁQUINAS DE VIA PERMANENTE;DOFO;Manutenção;2004-07-01;2004-07-06;C099-Inativos;False;Inativo
5.2.4.4;OFIC. SOLDA VIA PERMANENTE - PIRITUBA;DOFO;Manutenção;2004-07-01;2004-07-06;C099-Inativos;False;Inativo
5.2.4.4.1;OFIC. SOLDA VIA PERMANENTE - PIRITUBA;DOFO;Manutenção;2004-07-01;2004-07-06;C099-Inativos;False;Inativo
5.2.4.5;OFICINA PRODUÇÃO COMPON. - V.P. - LAPA;DOFO;Manutenção;2004-07-01;2004-07-06;C099-Inativos;False;Inativo
5.2.4.5.1;OFICINA PRODUÇÃO COMPON. - V.P. - LAPA;DOFO;Manutenção;2004-07-01;2004-07-06;C099-Inativos;False;Inativo
5.2.5;DEPTO DE MANUT. VIA PERMANENTE;DOFV;Manutenção;2004-07-01;2008-10-31;C041-Todas as Linhas Operacionais;False;Inativo
5.2.5.0;DEPTO DE MANUT. VIA PERMANENTE-CHEFIA;DOFV;Manutenção;2004-07-01;2008-10-31;C041-Todas as Linhas Operacionais;False;Inativo
5.2.5.0.0;DEPTO DE MANUT. VIA PERMANENTE-CHEFIA;DOFV;Manutenção;2004-07-01;2008-10-31;C041-Todas as Linhas Operacionais;False;Inativo
5.2.5.1;MANUTENÇÃO - VIA PERMANENTE;DOFV;Manutenção;2004-07-01;2008-10-31;C007-Linha: 7 - Rubi;False;Inativo
5.2.5.1.1;MANUTENÇÃO - VIA PERMANENTE - LINHA 7;DOFV;Manutenção;2004-07-01;2008-10-31;C007-Linha: 7 - Rubi;False;Inativo
5.2.5.1.2;MANUTENÇÃO - VIA PERMANENTE - LINHA 8/9;DOFV;Manutenção;2004-07-01;2008-10-31;C032-Linhas: 8/9 - Diamante/Esmeralda;False;Inativo
5.2.5.1.4;MANUTENÇÃO - VIA PERMANENTE - LINHA 10;DOFV;Manutenção;2004-07-01;2008-10-31;C010-Linha: 10 - Turquesa;False;Inativo
5.2.5.1.5;MANUTENÇÃO - VIA PERMANENTE-LINHA 11/12;DOFV;Manutenção;2004-07-01;2008-10-31;C033-Linhas: 11/12 - Coral/Safira;False;Inativo
5.2.5.2;OFICINA DE MÁQ. DE VIA PERMANENTE - LAPA;DOFV;Manutenção;2004-07-01;2008-10-31;C041-Todas as Linhas Operacionais;False;Inativo
5.2.5.2.1;OFICINA DE MÁQ. DE VIA PERMANENTE - LAPA;DOFV;Manutenção;2004-07-01;2008-10-31;C041-Todas as Linhas Operacionais;False;Inativo
5.2.5.3;OFICINA SOLDA VIA PERMANENTE - PIRITUBA;DOFV;Manutenção;2004-07-01;2008-10-31;C041-Todas as Linhas Operacionais;False;Inativo
5.2.5.3.1;OFICINA SOLDA VIA PERMANENTE - PIRITUBA;DOFV;Manutenção;2004-07-01;2008-10-31;C041-Todas as Linhas Operacionais;False;Inativo
5.2.5.4;OFICINA PROD.COMPON.-VIA PERMAN. - LAPA;DOFV;Manutenção;2004-07-01;2008-10-31;C041-Todas as Linhas Operacionais;False;Inativo
5.2.5.4.1;OFICINA PROD.COMPON.-VIA PERMAN. - LAPA;DOFV;Manutenção;2004-07-01;2008-10-31;C041-Todas as Linhas Operacionais;False;Inativo
5.2.6;DEPTO DE MANUT SIST ENERGIA;DOFE;Manutenção;2008-01-01;2008-10-31;C041-Todas as Linhas Operacionais;False;Inativo
5.2.6.0;DEPTO DE MANUT SIST ENERGIA-CHEFIA;DOFE;Manutenção;2008-01-01;2008-10-31;C041-Todas as Linhas Operacionais;False;Inativo
5.2.6.0.0;DEPTO DE MANUT SIST ENERGIA-CHEFIA;DOFE;Manutenção;2008-01-01;2008-10-31;C041-Todas as Linhas Operacionais;False;Inativo
5.2.6.1;EQUIPE - SIST ENERGIA - 7 / 10;DOFE;Manutenção;2008-01-01;2008-10-31;C031-Linhas: 7/10 - Rubi/Turquesa;False;Inativo
5.2.6.1.0;EQUIPE - SIST ENERGIA - 7 / 10 - CHEFIA;DOFE;Manutenção;2008-01-01;2008-10-31;C031-Linhas: 7/10 - Rubi/Turquesa;False;Inativo
5.2.6.1.1;REDE AÉREA - LINHA 7 / 10;DOFE;Manutenção;2008-01-01;2008-10-31;C007-Linha: 7 - Rubi;False;Inativo
5.2.6.1.2;DISTRIBUIÇÃO - LINHAS 7 / 10;DOFE;Manutenção;2008-01-01;2008-10-31;C031-Linhas: 7/10 - Rubi/Turquesa;False;Inativo
5.2.6.1.3;SUBESTAÇÕES - LINHAS 7 / 10;DOFE;Manutenção;2008-01-01;2008-10-31;C007-Linha: 7 - Rubi;False;Inativo
5.2.6.2;EQUIPE - SIST ENERGIA - 8 / 9;DOFE;Manutenção;2008-01-01;2008-10-31;C032-Linhas: 8/9 - Diamante/Esmeralda;False;Inativo
5.2.6.2.0;EQUIPE - SIST ENERGIA - 8 / 9 - CHEFIA;DOFE;Manutenção;2008-01-01;2008-10-31;C032-Linhas: 8/9 - Diamante/Esmeralda;False;Inativo
5.2.6.2.1;REDE AÉREA - LINHAS 8 / 9;DOFE;Manutenção;2008-01-01;2008-10-31;C032-Linhas: 8/9 - Diamante/Esmeralda;False;Inativo
5.2.6.2.2;DISTRIBUIÇÃO - LINHAS 8 / 9;DOFE;Manutenção;2008-01-01;2008-10-31;C032-Linhas: 8/9 - Diamante/Esmeralda;False;Inativo
5.2.6.2.3;SUBESTAÇÕES - LINHAS 8 / 9;DOFE;Manutenção;2008-01-01;2008-10-31;C032-Linhas: 8/9 - Diamante/Esmeralda;False;Inativo
5.2.6.3;EQUIPE - SIST ENERGIA - 11 / 12;DOFE;Manutenção;2008-01-01;2008-10-31;C033-Linhas: 11/12 - Coral/Safira;False;Inativo
5.2.6.3.0;EQUIPE - SIST ENERGIA - 11 / 12 - CHEFIA;DOFE;Manutenção;2008-01-01;2008-10-31;C033-Linhas: 11/12 - Coral/Safira;False;Inativo
5.2.6.3.1;REDE AÉREA - LINHAS 11 / 12;DOFE;Manutenção;2008-01-01;2008-10-31;C033-Linhas: 11/12 - Coral/Safira;False;Inativo
5.2.6.3.2;DISTRIBUIÇÃO - LINHAS 11 / 12;DOFE;Manutenção;2008-01-01;2008-10-31;C033-Linhas: 11/12 - Coral/Safira;False;Inativo
5.2.6.3.3;SUBESTAÇÕES - LINHAS 11 / 12;DOFE;Manutenção;2008-01-01;2008-10-31;C033-Linhas: 11/12 - Coral/Safira;False;Inativo
5.2.7;DEPTO DE MANUT SINALIZ TELEC;DOFS;Manutenção;2008-01-01;2008-10-31;C041-Todas as Linhas Operacionais;False;Inativo
5.2.7.0;DEPTO DE MANUT SINALIZ TELEC- CHEFIA;DOFS;Manutenção;2008-01-01;2008-10-31;C041-Todas as Linhas Operacionais;False;Inativo
5.2.7.0.0;DEPTO DE MANUT SINALIZ TELEC- CHEFIA;DOFS;Manutenção;2008-01-01;2008-10-31;C041-Todas as Linhas Operacionais;False;Inativo
5.2.7.1;EQUIPE - SINALIZ TELEC - LINHAS 7/10;DOFS;Manutenção;2008-01-01;2008-10-31;C031-Linhas: 7/10 - Rubi/Turquesa;False;Inativo
5.2.7.1.0;EQUIPE - SINALIZ TELEC - LINHAS 7/10 - C;DOFS;Manutenção;2008-01-01;2008-10-31;C031-Linhas: 7/10 - Rubi/Turquesa;False;Inativo
5.2.7.1.1;SINALIZAÇÃO - LINHAS 7 / 10;DOFS;Manutenção;2008-01-01;2008-10-31;C007-Linha: 7 - Rubi;False;Inativo
5.2.7.1.2;TELECOMUNICAÇÃO - LINHAS 7 / 10;DOFS;Manutenção;2008-01-01;2008-10-31;C007-Linha: 7 - Rubi;False;Inativo
5.2.7.2;EQUIPE - SINALIZ TELEC - LINHAS 8 / 9;DOFS;Manutenção;2008-01-01;2008-10-31;C032-Linhas: 8/9 - Diamante/Esmeralda;False;Inativo
5.2.7.2.0;EQUIPE - SINALIZ TELEC - 8 / 9 - CHEFIA;DOFS;Manutenção;2008-01-01;2008-10-31;C032-Linhas: 8/9 - Diamante/Esmeralda;False;Inativo
5.2.7.2.1;SINALIZAÇÃO - LINHAS 8 / 9;DOFS;Manutenção;2008-01-01;2008-10-31;C032-Linhas: 8/9 - Diamante/Esmeralda;False;Inativo
5.2.7.2.2;TELECOMUNICAÇÃO - LINHAS 8 / 9;DOFS;Manutenção;2008-01-01;2008-10-31;C032-Linhas: 8/9 - Diamante/Esmeralda;False;Inativo
5.2.7.3;EQUIPE - SINALIZ TELEC - LINHAS 11 / 12;DOFS;Manutenção;2008-01-01;2008-10-31;C033-Linhas: 11/12 - Coral/Safira;False;Inativo
5.2.7.3.0;EQUIPE - SINALIZ TELEC - 11 / 12- CHEFIA;DOFS;Manutenção;2008-01-01;2008-10-31;C033-Linhas: 11/12 - Coral/Safira;False;Inativo
5.2.7.3.1;SINALIZAÇÃO - LINHAS 11 / 12;DOFS;Manutenção;2008-01-01;2008-10-31;C011-Linha: 11 - Coral;False;Inativo
5.2.7.3.2;TELECOMUNICAÇÃO - LINHAS 11 / 12;DOFS;Manutenção;2008-01-01;2008-10-31;C033-Linhas: 11/12 - Coral/Safira;False;Inativo
5.2.7.4;EQUIPE - OFIC ELETRON ELETRICA;DOFS;Manutenção;2008-01-01;2008-10-31;C041-Todas as Linhas Operacionais;False;Inativo
5.2.7.4.0;EQUIPE - OFIC ELETRON ELETRICA - CHEFIA;DOFS;Manutenção;2008-01-01;2008-10-31;C041-Todas as Linhas Operacionais;False;Inativo
5.2.7.4.1;OFICINA ELETRÔNICA;DOFS;Manutenção;2008-01-01;2008-10-31;C041-Todas as Linhas Operacionais;False;Inativo
5.2.7.4.2;LABORATÓRIO DE TELECOMUNICAÇÕES;DOFS;Manutenção;2008-01-01;2008-10-31;C041-Todas as Linhas Operacionais;False;Inativo
5.2.7.4.3;OFICINA DE SINALIZAÇÃO;DOFS;Manutenção;2008-01-01;2008-10-31;C041-Todas as Linhas Operacionais;False;Inativo
5.2.7.4.4;OFICINA ELÉTRICA ALTINO;DOFS;Manutenção;2008-01-01;2008-10-31;C041-Todas as Linhas Operacionais;False;Inativo
5.3;GERÊNCIA DE MANUT. DE MATERIAL RODANTE;GOR;Manutenção;2004-07-01;2008-10-31;C041-Todas as Linhas Operacionais;False;Inativo
5.3.0;GERÊNCIA DE MANUT. DE MATERIAL RODANTE -;GOR;Manutenção;2004-07-01;2008-10-31;C041-Todas as Linhas Operacionais;False;Inativo
5.3.0.0;GERÊNCIA DE MANUT. DE MATERIAL RODANTE -;GOR;Manutenção;2004-07-01;2008-10-31;C041-Todas as Linhas Operacionais;False;Inativo
5.3.0.0.0;GERÊNCIA DE MANUT. DE MATERIAL RODANTE -;GOR;Manutenção;2004-07-01;2008-10-31;C041-Todas as Linhas Operacionais;False;Inativo
5.3.1;DEPTO DE ENG DE MANUT MAT ROD;DORG;Manutenção;2008-01-01;2008-10-31;C041-Todas as Linhas Operacionais;False;Inativo
5.3.1.0;DEPTO DE ENG DE MANUT MAT ROD - CHEFIA;DORG;Manutenção;2008-01-01;2008-10-31;C041-Todas as Linhas Operacionais;False;Inativo
5.3.1.0.0;DEPTO DE ENG DE MANUT MAT ROD - CHEFIA;DORG;Manutenção;2008-01-01;2008-10-31;C041-Todas as Linhas Operacionais;False;Inativo
5.3.1.1;DEPTO DE ENG DE MANUT MAT ROD - EQUIPES;DORG;Manutenção;2008-01-01;2008-10-31;C041-Todas as Linhas Operacionais;False;Inativo
5.3.1.1.0;DEPTO DE ENG DE MANUT MAT ROD - EQUIPES;DORG;Manutenção;2008-01-01;2008-10-31;C041-Todas as Linhas Operacionais;False;Inativo
5.3.3;DEPTO DE MANUTENÇÃO DE MATERIAL RODANTE;DORM;Manutenção;2004-07-01;2007-12-31;C041-Todas as Linhas Operacionais;False;Inativo
5.3.3.0;DEPTO DE MANUTENÇÃO DE MATERIAL RODANTE;DORM;Manutenção;2004-07-01;2007-12-31;C041-Todas as Linhas Operacionais;False;Inativo
5.3.3.0.0;DEPTO DE MANUTENÇÃO DE MATERIAL RODANTE;DORM;Manutenção;2004-07-01;2007-12-31;C041-Todas as Linhas Operacionais;False;Inativo
5.3.3.1;MANUT. DE TRENS;DORM;Manutenção;2004-07-01;2007-12-31;C031-Linhas: 7/10 - Rubi/Turquesa;False;Inativo
5.3.3.1.1;MANUT. DE TRENS - ABRIGO LAPA;DORM;Manutenção;2004-07-01;2007-12-31;C031-Linhas: 7/10 - Rubi/Turquesa;False;Inativo
5.3.3.1.2;MANUT. DE TRENS - ABRIGO LUZ;DORM;Manutenção;2004-07-01;2007-12-31;C031-Linhas: 7/10 - Rubi/Turquesa;False;Inativo
5.3.3.1.3;MANUT. DE TRENS - ABRIGO PRES. ALTINO;DORM;Manutenção;2004-07-01;2007-12-31;C032-Linhas: 8/9 - Diamante/Esmeralda;False;Inativo
5.3.3.1.4;MANUT. DE TRENS - ABRIGO ENGª SÃO PAULO;DORM;Manutenção;2004-07-01;2007-12-31;C033-Linhas: 11/12 - Coral/Safira;False;Inativo
5.3.3.1.5;MANUT. DE TRENS - ABRIGO ROOSEVELT;DORM;Manutenção;2004-07-01;2007-12-31;C033-Linhas: 11/12 - Coral/Safira;False;Inativo
5.3.3.2;MANUT. EQPTOS.DOS TRENS;DORM;Manutenção;2004-07-01;2007-12-31;C032-Linhas: 8/9 - Diamante/Esmeralda;False;Inativo
5.3.3.2.1;MANUT. EQPTOS.DOS TRENS - PRES.ALTINO;DORM;Manutenção;2004-07-01;2007-12-31;C032-Linhas: 8/9 - Diamante/Esmeralda;False;Inativo
5.3.3.2.2;MANUT. EQPTOS.DOS TRENS - LAPA;DORM;Manutenção;2004-07-01;2007-12-31;C039-Linhas: 7/10/11/12 - Rubi/Turquesa/Coral/Safira;False;Inativo
5.3.3.3;MANUT. INDUSTRIAL - LOCOMOTIVAS E VAGÔES;DORM;Manutenção;2004-07-01;2007-12-31;C041-Todas as Linhas Operacionais;False;Inativo
5.3.3.3.1;MANUT. INDUSTRIAL - LOCOMOTIVAS E VAGÔES;DORM;Manutenção;2004-07-01;2007-12-31;C041-Todas as Linhas Operacionais;False;Inativo
5.3.3.4;SERVIÇOS EXTERNOS - TRENS E EQUIPAMENTOS;DORM;Manutenção;2004-07-01;2007-12-31;C041-Todas as Linhas Operacionais;False;Inativo
2.3.0.0;GERÊNCIA DE ADMINISTRAÇÃO DO PATRIMÔNIO;GFP;Administrativo;2004-07-01;2008-10-31;C081-Administração;False;Inativo
2.3.0.0.0;GERÊNCIA DE ADMINISTRAÇÃO DO PATRIMÔNIO;GFP;Administrativo;2004-07-01;2008-10-31;C081-Administração;False;Inativo
2.3.1;DEPTO DE PATRIMÔNIO E SERVIÇOS GERAIS;DFPP;Administrativo;2004-07-01;2008-10-31;C081-Administração;False;Inativo
2.3.1.0;DEPTO DE PATRIMÔNIO E SERVIÇOS GERAIS;DFPP;Administrativo;2004-07-01;2008-10-31;C081-Administração;False;Inativo
2.3.1.0.0;DEPTO DE PATRIMÔNIO E SERVIÇOS GERAIS;DFPP;Administrativo;2004-07-01;2008-10-31;C081-Administração;False;Inativo
2.3.2;DEPTO DE MATERIAIS;DFPM;Administrativo;2004-07-01;2008-10-31;C081-Administração;False;Inativo
2.3.2.0;DEPTO DE MATERIAIS;DFPM;Administrativo;2004-07-01;2008-10-31;C081-Administração;False;Inativo
2.3.2.0.0;DEPTO DE MATERIAIS;DFPM;Administrativo;2004-07-01;2008-10-31;C081-Administração;False;Inativo
2.4;GERÊNCIA JURÍDICA;GFJ;Administrativo;2004-07-01;2005-02-28;C099-Inativos;False;Inativo
2.4.0;GERÊNCIA JURÍDICA;GFJ;Administrativo;2004-07-01;2005-02-28;C099-Inativos;False;Inativo
2.4.0.0;GERÊNCIA JURÍDICA;GFJ;Administrativo;2004-07-01;2005-02-28;C099-Inativos;False;Inativo
2.4.0.0.0;GERÊNCIA JURÍDICA;GFJ;Administrativo;2004-07-01;2005-02-28;C099-Inativos;False;Inativo
2.4.1;DEPTO. JURIDICO CONSULTIVO;DFJS;Administrativo;2004-07-01;2005-02-28;C099-Inativos;False;Inativo
2.4.1.0;DEPTO. JURIDICO CONSULTIVO;DFJS;Administrativo;2004-07-01;2005-02-28;C099-Inativos;False;Inativo
2.4.1.0.0;DEPTO. JURIDICO CONSULTIVO;DFJS;Administrativo;2004-07-01;2005-02-28;C099-Inativos;False;Inativo
2.4.2;DEPTO. JURÍDICO CONTENCIOSO;DFJC;Administrativo;2004-07-01;2005-02-28;C099-Inativos;False;Inativo
2.4.2.0;DEPTO. JURÍDICO CONTENCIOSO;DFJC;Administrativo;2004-07-01;2005-02-28;C099-Inativos;False;Inativo
2.4.2.0.0;DEPTO. JURÍDICO CONTENCIOSO;DFJC;Administrativo;2004-07-01;2005-02-28;C099-Inativos;False;Inativo
2.4.3;DEPTO. JURIDICO CONTENCIOSO TRABALHISTA;DFJT;Administrativo;2004-07-01;2005-02-28;C099-Inativos;False;Inativo
2.4.3.0;DEPTO. JURIDICO CONTENCIOSO TRABALHISTA;DFJT;Administrativo;2004-07-01;2005-02-28;C099-Inativos;False;Inativo
2.4.3.0.0;DEPTO. JURIDICO CONTENCIOSO TRABALHISTA;DFJT;Administrativo;2004-07-01;2005-02-28;C099-Inativos;False;Inativo
2.5;GERÊNCIA DE TECNOLOGIA DA INFORMAÇÃO;GFI;Administrativo;2005-06-01;2008-10-31;C081-Administração;False;Inativo
2.5.0;GERÊNCIA DE TECNOLOGIA DA INFORMAÇÃO;GFI;Administrativo;2005-06-01;2008-10-31;C081-Administração;False;Inativo
2.5.0.0;GERÊNCIA DE TECNOLOGIA DA INFORMAÇÃO;GFI;Administrativo;2005-06-01;2008-10-31;C081-Administração;False;Inativo
2.5.0.0.0;GERÊNCIA DE TECNOLOGIA DA INFORMAÇÃO;GFI;Administrativo;2005-06-01;2008-10-31;C081-Administração;False;Inativo
2.6;GERÊNCIA DE DESENV.ORGANIZ.E REC.HUMANOS;GFH;Administrativo;2007-02-01;2008-06-30;C081-Administração;False;Inativo
2.6.0;GERÊNCIA DE DESENV.ORGANIZ.E REC.HUMANOS;GFH;Administrativo;2007-02-01;2008-06-30;C081-Administração;False;Inativo
0.6;GERÊNCIA DE MARKETING E DESENV.NEGÓCIOS;GRM;Administrativo;2008-07-01;2008-10-31;C081-Administração;False;Inativo
0.6.0;GERÊNCIA DE MARKETING E DESENV.NEGÓCIOS;GRM;Administrativo;2008-07-01;2008-10-31;C081-Administração;False;Inativo
0.6.0.0;GERÊNCIA DE MARKETING E DESENV.NEGÓCIOS;GRM;Administrativo;2008-07-01;2008-10-31;C081-Administração;False;Inativo
0.6.0.0.0;GERÊNCIA DE MARKETING E DESENV.NEGÓCIOS;GRM;Administrativo;2008-07-01;2008-10-31;C081-Administração;False;Inativo
0.7;GERENCIA GERAL DE DESENV. ORGANIZACIONAL;GRD;Administrativo;2008-07-01;2008-10-31;C081-Administração;False;Inativo
0.7.0;GERENCIA GERAL DE DESENV. ORGANIZACIONAL;GRD;Administrativo;2008-07-01;2008-10-31;C081-Administração;False;Inativo
0.7.0.0;GERENCIA GERAL DE DESENV. ORGANIZACIONAL;GRD;Administrativo;2008-07-01;2008-10-31;C081-Administração;False;Inativo
0.7.0.0.0;GERENCIA GERAL DE DESENV. ORGANIZACIONAL;GRD;Administrativo;2008-07-01;2008-10-31;C081-Administração;False;Inativo
0.7.1;OUVIDORIA;OUV;Administrativo;2008-07-01;2008-10-31;C081-Administração;False;Inativo
0.7.1.0;OUVIDORIA;OUV;Administrativo;2008-07-01;2008-10-31;C081-Administração;False;Inativo
0.7.1.0.0;OUVIDORIA;OUV;Administrativo;2008-07-01;2008-10-31;C081-Administração;False;Inativo
0.7.2;SERVICO ATEND AO USUARIO;SAU;Administrativo;2008-07-01;2008-10-31;C081-Administração;False;Inativo
0.7.2.0;SERVIÇO DE ATEND.AO USUÁRIO-CHEFIA;SAU;Administrativo;2008-07-01;2008-10-31;C081-Administração;False;Inativo
0.7.2.0.0;SERVIÇO DE ATEND.AO USUÁRIO-CHEFIA;SAU;Administrativo;2008-07-01;2008-10-31;C081-Administração;False;Inativo
0.7.2.1;SERVICO ATEND AO USUARIO-EQUIPES;SAU;Administrativo;2008-07-01;2008-10-31;C081-Administração;False;Inativo
0.7.2.1.0;SERVICO ATEND AO USUARIO-EQUIPES;SAU;Administrativo;2008-07-01;2008-10-31;C081-Administração;False;Inativo
0.7.2.2;ATENDIMENTO EMERGENCIAL;SAU;Administrativo;2008-07-01;2008-10-31;C081-Administração;False;Inativo
0.7.2.2.0;ATENDIMENTO EMERGENCIAL;SAU;Administrativo;2008-07-01;2008-10-31;C081-Administração;False;Inativo
0.8;GERENCIA DESENV ORG E RH;GRH;Administrativo;2008-07-01;2008-10-31;C081-Administração;False;Inativo
0.8.0;GERÊNCIA DESEN.ORG.E REC.HUMANOS-CHEFIA;GRH;Administrativo;2008-07-01;2008-10-31;C081-Administração;False;Inativo
0.8.0.0;GERÊNCIA DESEN.ORG.E REC.HUMANOS-CHEFIA;GRH;Administrativo;2008-07-01;2008-10-31;C081-Administração;False;Inativo
0.8.0.0.0;GERÊNCIA DESEN.ORG.E REC.HUMANOS-CHEFIA;GRH;Administrativo;2008-07-01;2008-10-31;C081-Administração;False;Inativo
0.8.1;DEPTO DE RECRUTAMENTO SELEC TREINAMENTO;DRHT;Administrativo;2008-07-01;2008-10-31;C081-Administração;False;Inativo
0.8.1.0;DEPTO DE RECRUTAMENTO SELEC TREINAMENTO;DRHT;Administrativo;2008-07-01;2008-10-31;C081-Administração;False;Inativo
0.8.1.0.0;DEPTO DE RECRUTAMENTO SELEC TREINAMENTO;DRHT;Administrativo;2008-07-01;2008-10-31;C081-Administração;False;Inativo
0.8.2;DEPTO DE ADMINISTRACAO DE PESSOAL;DRHP;Administrativo;2008-07-01;2008-10-31;C081-Administração;False;Inativo
0.8.2.0;DEPTO DE ADMINISTRACAO DE PESSOAL;DRHP;Administrativo;2008-07-01;2008-10-31;C081-Administração;False;Inativo
0.8.2.0.0;DEPTO DE ADMINISTRACAO DE PESSOAL;DRHP;Administrativo;2008-07-01;2008-10-31;C081-Administração;False;Inativo
0.8.3;DEPTO DE HIGIENE E SEGURANCA DO TRABALHO;DRHS;Administrativo;2008-07-01;2008-10-31;C081-Administração;False;Inativo
0.8.3.0;DEPTO DE HIGIENE E SEGURANCA DO TRABALHO;DRHS;Administrativo;2008-07-01;2008-10-31;C081-Administração;False;Inativo
0.8.3.0.0;DEPTO DE HIGIENE E SEGURANCA DO TRABALHO;DRHS;Administrativo;2008-07-01;2008-10-31;C081-Administração;False;Inativo
1;PRESIDÊNCIA;PR;Administrativo;2012-01-01;;C081-Administração;True;Ativo
1.0;PRESIDÊNCIA;PR;Administrativo;2004-07-01;2008-06-30;C081-Administração;False;Inativo
1.0.0;PRESIDÊNCIA - CHEFIA;PR;Administrativo;2004-07-01;2008-06-30;C081-Administração;False;Inativo
1.0.0.0;PRESIDÊNCIA - CHEFIA;PR;Administrativo;2004-07-01;2008-06-30;C081-Administração;False;Inativo
1.0.0.0.0;PRESIDÊNCIA - CHEFIA;PR;Administrativo;2004-07-01;2008-06-30;C081-Administração;False;Inativo
1.0.1;AUDITORIA;DRAU;Administrativo;2004-07-01;2006-07-31;C099-Inativos;False;Inativo
1.0.1.0;AUDITORIA;DRAU;Administrativo;2004-07-01;2006-07-31;C099-Inativos;False;Inativo
1.0.1.0.0;AUDITORIA;DRAU;Administrativo;2004-07-01;2006-07-31;C099-Inativos;False;Inativo
1.0.2;OUVIDORIA;DROV;Administrativo;2004-07-01;2008-06-30;C081-Administração;False;Inativo
1.0.2.0;OUVIDORIA;DROV;Administrativo;2004-07-01;2008-06-30;C081-Administração;False;Inativo
1.0.2.0.0;OUVIDORIA;DROV;Administrativo;2004-07-01;2008-06-30;C081-Administração;False;Inativo
1.0.3;SERVIÇO DE ATEND.AO USUÁRIO;SAU;Administrativo;2008-01-01;2008-06-30;C081-Administração;False;Inativo
1.0.3.0;SERVIÇO DE ATEND.AO USUÁRIO-CHEFIA;SAU;Administrativo;2008-01-01;2008-06-30;C081-Administração;False;Inativo
1.0.3.0.0;SERVIÇO DE ATEND.AO USUÁRIO-CHEFIA;SAU;Administrativo;2008-01-01;2008-06-30;C081-Administração;False;Inativo
1.0.3.1;SERVIÇO DE ATEND.AO USUÁRIO-EQUIPES;SAU;Administrativo;2008-01-01;2008-06-30;C081-Administração;False;Inativo
1.0.3.1.0;SERVIÇO DE ATEND.AO USUÁRIO-EQUIPES;SAU;Administrativo;2008-01-01;2008-06-30;C081-Administração;False;Inativo
1.0.4;ASSESSORIA PLANEJAMENTO EMPRESARIAL;ARP;Administrativo;2008-05-01;2008-06-30;C081-Administração;False;Inativo
1.0.4.0;ASSESSORIA PLANEJAMENTO EMPRESARIAL;ARP;Administrativo;2008-05-01;2008-06-30;C081-Administração;False;Inativo
1.0.4.0.0;ASSESSORIA PLANEJAMENTO EMPRESARIAL;ARP;Administrativo;2008-05-01;2008-06-30;C081-Administração;False;Inativo
1.0.5;ASSESSORIA P/ASSUNTOS INSTITUCIONAIS;ARA;Administrativo;2008-05-01;2008-06-30;C081-Administração;False;Inativo
1.0.5.0;ASSESSORIA P/ASSUNTOS INSTITUCIONAIS;ARA;Administrativo;2008-05-01;2008-06-30;C081-Administração;False;Inativo
1.0.5.0.0;ASSESSORIA P/ASSUNTOS INSTITUCIONAIS;ARA;Administrativo;2008-05-01;2008-06-30;C081-Administração;False;Inativo
1.1;GERENCIA DE CONTRATAÇÕES E COMPRAS;GRC;Administrativo;2004-07-01;2007-01-31;C099-Inativos;False;Inativo
1.1.0;GERENCIA DE CONTRATAÇÕES E COMPRAS;GRC;Administrativo;2004-07-01;2007-01-31;C099-Inativos;False;Inativo
1.1.0.0;GERENCIA DE CONTRATAÇÕES E COMPRAS;GRC;Administrativo;2004-07-01;2007-01-31;C099-Inativos;False;Inativo
1.1.0.0.0;GERENCIA DE CONTRATAÇÕES E COMPRAS;GRC;Administrativo;2004-07-01;2007-01-31;C099-Inativos;False;Inativo
1.1.1;DEPARTAMENTO DE CONTRATAÇÕES;DRCT;Administrativo;2005-06-01;2007-01-31;C099-Inativos;False;Inativo
1.1.1.0;DEPARTAMENTO DE CONTRATAÇÕES;DRCT;Administrativo;2005-06-01;2007-01-31;C099-Inativos;False;Inativo
1.1.1.0.0;DEPARTAMENTO DE CONTRATAÇÕES;DRCT;Administrativo;2005-06-01;2007-01-31;C099-Inativos;False;Inativo
1.1.2;DEPARTAMENTO DE COMPRAS;DRCP;Administrativo;2005-06-01;2007-01-31;C099-Inativos;False;Inativo
1.1.2.0;DEPARTAMENTO DE COMPRAS;DRCP;Administrativo;2005-06-01;2007-01-31;C099-Inativos;False;Inativo
1.1.2.0.0;DEPARTAMENTO DE COMPRAS;DRCP;Administrativo;2005-06-01;2007-01-31;C099-Inativos;False;Inativo
1.2;GERENCIA DE AUDITORIA;GRA;Administrativo;2004-07-01;2008-06-30;C081-Administração;False;Inativo
1.2.0;GERENCIA DE AUDITORIA;GRA;Administrativo;2004-07-01;2008-06-30;C081-Administração;False;Inativo
1.2.0.0;GERENCIA DE AUDITORIA;GRA;Administrativo;2004-07-01;2008-06-30;C081-Administração;False;Inativo
1.2.0.0.0;GERENCIA DE AUDITORIA;GRA;Administrativo;2004-07-01;2008-06-30;C081-Administração;False;Inativo
1.3;GABINETE DA PRESIDÊNCIA;PRG;Administrativo;2004-07-01;2008-04-30;C081-Administração;False;Inativo
1.3.0;GABINETE DA PRESIDÊNCIA;PRG;Administrativo;2004-07-01;2008-04-30;C081-Administração;False;Inativo
1.3.0.0;GABINETE DA PRESIDÊNCIA;PRG;Administrativo;2004-07-01;2008-04-30;C081-Administração;False;Inativo
6.15.02.1.0.01;ESTAÇÃO BRÁS(EXPRESSO LESTE);BAS;Operacional;2008-11-01;2011-02-28;C012-Linha: 12 - Safira;False;Inativo
6.15.02.1.0.02;ESTAÇÃO TATUAPÉ(EXPRESSO LESTE);TAT;Operacional;2008-11-01;2011-02-28;C012-Linha: 12 - Safira;False;Inativo
6.15.02.1.0.03;ESTAÇÃO PENHA;PNH;Operacional;2008-11-01;2011-02-28;C012-Linha: 12 - Safira;False;Inativo
6.15.02.1.0.04;ESTAÇÃO ENG. GOULART;EGO;Operacional;2008-11-01;2011-02-28;C012-Linha: 12 - Safira;False;Inativo
6.15.02.1.0.05;ESTAÇÃO USP LESTE;USL;Operacional;2008-11-01;2011-02-28;C012-Linha: 12 - Safira;False;Inativo
6.15.02.1.0.06;ESTAÇÃO COMENDADOR ERMELINO;ERM;Operacional;2008-11-01;2011-02-28;C012-Linha: 12 - Safira;False;Inativo
6.15.02.1.0.07;ESTAÇÃO SÃO MIGUEL PAULISTA;SMP;Operacional;2008-11-01;2011-02-28;C012-Linha: 12 - Safira;False;Inativo
6.15.02.1.0.08;ESTAÇÃO JARDIM HELENA-VILA MARIA;JHE;Operacional;2008-11-01;2011-02-28;C012-Linha: 12 - Safira;False;Inativo
6.15.02.1.0.09;ESTAÇÃO ITAIM PAULISTA;ITI;Operacional;2008-11-01;2011-02-28;C012-Linha: 12 - Safira;False;Inativo
6.15.02.1.0.10;ESTAÇÃO JARDIM ROMANO;JRO;Operacional;2008-11-01;2011-02-28;C012-Linha: 12 - Safira;False;Inativo
6.15.02.1.0.11;ESTAÇÃO ENG. MANOEL FEIO;EMF;Operacional;2008-11-01;2011-02-28;C012-Linha: 12 - Safira;False;Inativo
6.15.02.1.0.12;ESTAÇÃO ITAQUAQUECETUBA;IQC;Operacional;2008-11-01;2011-02-28;C012-Linha: 12 - Safira;False;Inativo
6.15.02.1.0.13;ESTAÇÃO ARACARÉ;ARC;Operacional;2008-11-01;2011-02-28;C012-Linha: 12 - Safira;False;Inativo
6.15.02.1.0.14;ESTAÇÃO CALMON VIANA;CVN;Operacional;2008-11-01;2011-02-28;C012-Linha: 12 - Safira;False;Inativo
6.16.01.0.0.00;DEPTO DE ENG DE CIRC. E CONTR OPERA-CHEF;DOGO;Operacional;2008-11-01;2011-12-31;C041-Todas as Linhas Operacionais;False;Inativo
6.16.01.1.0.00;DEPTO DE ENG DE CIRC. E CONTR OPERA-EQUI;DOGO;Operacional;2008-11-01;2011-12-31;C041-Todas as Linhas Operacionais;False;Inativo
6.16.02.0.0.00;DEPTO DE ENG DE ESTAÇÕES E SERVIÇOS-CHEF;DOGE;Operacional;2008-11-01;2011-12-31;C041-Todas as Linhas Operacionais;False;Inativo
6.16.02.1.0.00;DEPTO DE ENG DE ESTAÇÕES E SERVIÇOS-EQUI;DOGE;Operacional;2008-11-01;2011-12-31;C041-Todas as Linhas Operacionais;False;Inativo
9.01.01.0.0.01;CIA. BRAS. TRENS URBANOS - CBTU (ERSP);Sem Sigla;Administrativo;2008-11-01;2011-12-31;C081-Administração;False;Inativo
9.01.01.0.0.02;CESSÃO-SENADO FEDERAL;CSF;Administrativo;2008-11-01;2011-12-31;C081-Administração;False;Inativo
9.01.01.0.0.50;REDE FERROVIÁRIA FEDERAL S/A-ADMINISTRAÇ;Administrativo;Administrativo;2008-11-01;2011-12-31;C081-Administração;False;Inativo
9.01.01.0.0.51;REDE FERROVIÁRIA FEDERAL S/A-OPERAÇÃO;Operacional;Operacional;2008-11-01;2011-12-31;C071-Custos Indiretos - Operação;False;Inativo
9.01.01.0.0.52;CIA BRASILEIRA DE TRENS URBANOS-ADM;Administrativo;Administrativo;2008-11-01;2011-12-31;C081-Administração;False;Inativo
9.01.01.0.0.53;CIA BRASILEIRA DE TRENS URBANOS-OPE;Operacional;Operacional;2008-11-01;2011-12-31;C071-Custos Indiretos - Operação;False;Inativo
9.01.02.0.0.01;SECRET. TRANSP. METROPOLITANOS - STM;Administrativo;Administrativo;2008-11-01;2011-12-31;C081-Administração;False;Inativo
9.01.02.0.0.02;SECRETARIA DA FAZENDA;Administrativo;Administrativo;2008-11-01;2011-12-31;C081-Administração;False;Inativo
9.01.02.0.0.03;SECRET. GOVERNO GESTÃO ESTRATÉGICA;Administrativo;Administrativo;2008-11-01;2011-12-31;C081-Administração;False;Inativo
9.01.02.0.0.04;SECRET. EMPREGOS E RELAÇÕES DO TRABALHO;Administrativo;Administrativo;2008-11-01;2011-12-31;C081-Administração;False;Inativo
9.01.02.0.0.05;CASA CIVIL - GESP - DF;Administrativo;Administrativo;2008-11-01;2011-12-31;C081-Administração;False;Inativo
9.01.02.0.0.06;AG. REGUL. SERV. PÚBLICOS DE SÃO PAULO;Administrativo;Administrativo;2008-11-01;2011-12-31;C081-Administração;False;Inativo
9.01.02.0.0.07;UNIVERSIDADE ESTADUAL PAULISTA;Administrativo;Administrativo;2008-11-01;2011-12-31;C081-Administração;False;Inativo
9.01.02.0.0.08;CIA. DO METROPOLITANO DE SÃO PAULO;Administrativo;Administrativo;2008-11-01;2011-12-31;C081-Administração;False;Inativo
9.01.02.0.0.09;EMPR. METROPOL.TRANSPORTES URBANOS-EMTU;Administrativo;Administrativo;2008-11-01;2011-12-31;C081-Administração;False;Inativo
9.01.02.0.0.10;SECRET.DE ESTADO - ADM. PENITENCIÁRIA;Administrativo;Administrativo;2008-11-01;2011-12-31;C081-Administração;False;Inativo
9.01.02.0.0.11;ASSEMBLEIA LEGISLATIVA DE SÃO PAULO;Administrativo;Administrativo;2008-11-01;2011-12-31;C081-Administração;False;Inativo
9.01.02.0.0.12;SECRETARIA ESTAD.ASSIST.E DESENV.SOCIAL;Administrativo;Administrativo;2008-11-01;2011-12-31;C081-Administração;False;Inativo
9.01.02.0.0.13;SECRETARIA DE ECONOMIA E PLANEJAMENTO;Administrativo;Administrativo;2008-11-01;2011-12-31;C081-Administração;False;Inativo
9.01.02.0.0.14;CASA CIVIL - GESP - SP;Administrativo;Administrativo;2008-11-01;2011-12-31;C081-Administração;False;Inativo
9.01.02.0.0.15;SECRETARIA DE ESTADO DA CULTURA;Administrativo;Administrativo;2008-11-01;2011-12-31;C081-Administração;False;Inativo
9.01.02.0.0.16;INST.ASSIST.MED.SERV.PÚBLICO;Administrativo;Administrativo;2008-11-01;2011-12-31;C081-Administração;False;Inativo
9.01.02.0.0.17;CIA. TEC. E SANEAMENTO AMBIENTAL;Administrativo;Administrativo;2008-11-01;2011-12-31;C081-Administração;False;Inativo
9.01.02.0.0.18;SEC EST ESP, LAZER E TURISMO;Administrativo;Administrativo;2008-11-01;2011-12-31;C081-Administração;False;Inativo
9.01.02.0.0.19;DESENVOLVIMENTO RODOVIARIO S/A;Administrativo;Administrativo;2008-11-01;2011-12-31;C081-Administração;False;Inativo
9.01.02.0.0.20;CIA. E PROCESS. DE DADOS DO EST.DE S.PAU;Administrativo;Administrativo;2008-11-01;2011-12-31;C081-Administração;False;Inativo
9.01.02.0.0.21;SECRETARIA DE GESTÃO PÚBLICA;Administrativo;Administrativo;2008-11-01;2011-12-31;C081-Administração;False;Inativo
9.01.02.0.0.50;UNIVERSIDADE DE CAMPINAS - UNICAMP;Administrativo;Administrativo;2008-11-01;2011-12-31;C081-Administração;False;Inativo
9.01.02.0.0.51;SECRET. ADM. E MODERN. SERV. PÚBLICOS;Administrativo;Administrativo;2008-11-01;2011-12-31;C081-Administração;False;Inativo
9.01.02.0.0.52;CIA. DESENV. HABITACIONAL URBANO DE S.P.;Administrativo;Administrativo;2008-11-01;2011-12-31;C081-Administração;False;Inativo
9.01.02.0.0.53;CIA. PTA. ADMINISTRAÇÃO ATIVOS - CPA;Administrativo;Administrativo;2008-11-01;2011-12-31;C081-Administração;False;Inativo
9.01.02.0.0.54;FERROVIA BANDEIRANTE - FERROBAN - ADM;Administrativo;Administrativo;2008-11-01;2011-12-31;C081-Administração;False;Inativo
9.01.02.0.0.55;FERROVIA BANDEIRANTE - FERROBAN - OPE;Operacional;Operacional;2008-11-01;2011-12-31;C071-Custos Indiretos - Operação;False;Inativo
9.01.02.0.0.56;SECR. ESTADO AGRICULT. ABASTEC.;Administrativo;Administrativo;2008-11-01;2011-12-31;C081-Administração;False;Inativo
9.01.03.0.0.01;CÂMARA MUNICIPAL DE CONCHAS;Administrativo;Administrativo;2008-11-01;2011-12-31;C081-Administração;False;Inativo
9.01.03.0.0.02;SÃO PAULO TRANSPORTES S/A;Administrativo;Administrativo;2008-11-01;2011-12-31;C081-Administração;False;Inativo
9.01.03.0.0.03;SECR. MUNIC. DAS SUBPREF. DE SÃO PAULO;Administrativo;Administrativo;2008-11-01;2011-12-31;C081-Administração;False;Inativo
9.01.03.0.0.04;SECRETARIA DO GOVERNO MUNICIPAL;Administrativo;Administrativo;2008-11-01;2011-12-31;C081-Administração;False;Inativo
9.01.03.0.0.05;SECR MUNICIPAL DE INFRA ESTRUTURA URBANA;Administrativo;Administrativo;2008-11-01;2011-12-31;C081-Administração;False;Inativo
9.01.03.0.0.06;EMPRESA MUNICIPAL DE URBANIZAÇÃO;Administrativo;Administrativo;2008-11-01;2011-12-31;C081-Administração;False;Inativo
9.01.03.0.0.07;SECRET.MUNICIPAL DE TRANSPORTES;Administrativo;Administrativo;2008-11-01;2011-12-31;C081-Administração;False;Inativo
9.01.03.0.0.08;CIA.DE ENGENHARIA DE TRAFEGO;Administrativo;Administrativo;2008-11-01;2011-12-31;C081-Administração;False;Inativo
3.1.0;GERÊNCIA DE PLANEJAMENTO DE TRANSPORTES;GPT;Administrativo;2007-02-01;2008-10-31;C081-Administração;False;Inativo
3.1.0.0;GERÊNCIA DE PLANEJAMENTO DE TRANSPORTES;GPT;Administrativo;2007-02-01;2008-10-31;C081-Administração;False;Inativo
3.1.0.0.0;GERÊNCIA DE PLANEJAMENTO DE TRANSPORTES;GPT;Administrativo;2007-02-01;2008-10-31;C081-Administração;False;Inativo
3.2;GERÊNCIA PROJ FUNC E INTEGR TRANSPORTE;GPI;Administrativo;2007-04-01;2008-10-31;C081-Administração;False;Inativo
3.2.0;GERÊNCIA PROJ FUNC E INTEGR TRANSPORTE;GPI;Administrativo;2007-04-01;2008-10-31;C081-Administração;False;Inativo
3.2.0.0;GERÊNCIA PROJ FUNC E INTEGR TRANSPORTE;GPI;Administrativo;2007-04-01;2008-10-31;C081-Administração;False;Inativo
3.2.0.0.0;GERÊNCIA PROJ FUNC E INTEGR TRANSPORTE;GPI;Administrativo;2007-04-01;2008-10-31;C081-Administração;False;Inativo
4;DIRETORIA DE ENGENHARIA E OBRAS;DE;Administrativo;2012-01-01;;C081-Administração;True;Ativo
4.0;DIRETORIA DE ENGENHARIA E OBRAS - CH;DE;Administrativo;2004-07-01;2008-10-31;C081-Administração;False;Inativo
4.0.0;DIRETORIA DE ENGENHARIA E OBRAS - CH;DE;Administrativo;2004-07-01;2008-10-31;C081-Administração;False;Inativo
4.0.0.0;DIRETORIA DE ENGENHARIA E OBRAS - CH;DE;Administrativo;2004-07-01;2008-10-31;C081-Administração;False;Inativo
4.0.0.0.0;DIRETORIA DE ENGENHARIA E OBRAS - CH;DE;Administrativo;2004-07-01;2008-10-31;C081-Administração;False;Inativo
4.1;GERÊNCIA DE OBRAS E MONTAGENS;GEO;Administrativo;2004-07-01;2008-10-31;C081-Administração;False;Inativo
4.1.0;GERÊNCIA DE OBRAS E MONTAGENS;GEO;Administrativo;2004-07-01;2008-10-31;C081-Administração;False;Inativo
4.1.0.0;GERÊNCIA DE OBRAS E MONTAGENS;GEO;Administrativo;2004-07-01;2008-10-31;C081-Administração;False;Inativo
4.1.0.0.0;GERÊNCIA DE OBRAS E MONTAGENS;GEO;Administrativo;2004-07-01;2008-10-31;C081-Administração;False;Inativo
4.2;GERÊNCIA DE COORDENAÇÃO;GEC;Administrativo;2004-07-01;2008-10-31;C081-Administração;False;Inativo
4.2.0;GERÊNCIA DE COORDENAÇÃO;GEC;Administrativo;2004-07-01;2008-10-31;C081-Administração;False;Inativo
4.2.0.0;GERÊNCIA DE COORDENAÇÃO;GEC;Administrativo;2004-07-01;2008-10-31;C081-Administração;False;Inativo
4.2.0.0.0;GERÊNCIA DE COORDENAÇÃO;GEC;Administrativo;2004-07-01;2008-10-31;C081-Administração;False;Inativo
4.3;GERÊNCIA DE ENGENHARIA DE INFRAESTRUTURA;GEE;Administrativo;2004-07-01;2007-12-31;C081-Administração;False;Inativo
4.3.0;GERÊNCIA DE ENGENHARIA DE INFRAESTRUTURA;GEE;Administrativo;2004-07-01;2007-12-31;C081-Administração;False;Inativo
4.3.0.0;GERÊNCIA DE ENGENHARIA DE INFRAESTRUTURA;GEE;Administrativo;2004-07-01;2007-12-31;C081-Administração;False;Inativo
4.3.0.0.0;GERÊNCIA DE ENGENHARIA DE INFRAESTRUTURA;GEE;Administrativo;2004-07-01;2007-12-31;C081-Administração;False;Inativo
4.4;GERÊNCIA DE ENGENHARIA DE SISTEMAS;GES;Administrativo;2004-07-01;2007-12-31;C081-Administração;False;Inativo
4.4.0;GERÊNCIA DE ENGENHARIA DE SISTEMAS;GES;Administrativo;2004-07-01;2007-12-31;C081-Administração;False;Inativo
4.4.0.0;GERÊNCIA DE ENGENHARIA DE SISTEMAS;GES;Administrativo;2004-07-01;2007-12-31;C081-Administração;False;Inativo
4.4.0.0.0;GERÊNCIA DE ENGENHARIA DE SISTEMAS;GES;Administrativo;2004-07-01;2007-12-31;C081-Administração;False;Inativo
4.5;GERENCIA ENG SIST E INFRA-ESTRURA;GEI;Administrativo;2007-04-01;2008-10-31;C081-Administração;False;Inativo
4.5.0;GERENCIA ENG SIST E INFRA-ESTRURA;GEI;Administrativo;2007-04-01;2008-10-31;C081-Administração;False;Inativo
4.5.0.0;GERENCIA ENG SIST E INFRA-ESTRUT-CHEFIA;GEI;Administrativo;2007-04-01;2008-10-31;C081-Administração;False;Inativo
4.5.0.0.0;GERENCIA ENG SIST E INFRA-ESTRUT-CHEFIA;GEI;Administrativo;2007-04-01;2008-10-31;C081-Administração;False;Inativo
4.5.0.1;GEI-ENGENHARIA DE INFRA-ESTRUTURA;GEI;Administrativo;2008-01-01;2008-10-31;C081-Administração;False;Inativo
4.5.0.1.0;GEI-ENGENHARIA DE INFRA-ESTRUTURA;GEI;Administrativo;2008-01-01;2008-10-31;C081-Administração;False;Inativo
4.5.0.2;GEI-ENGENHARIA DE SISTEMAS;GEI;Administrativo;2008-01-01;2008-10-31;C081-Administração;False;Inativo
4.5.0.2.0;GEI-ENGENHARIA DE SISTEMAS;GEI;Administrativo;2008-01-01;2008-10-31;C081-Administração;False;Inativo
5;DIRETORIA DE OPERAÇÃO E MANUTENÇÃO;DO;Operacional;2012-01-01;;C071-Custos Indiretos - Operação;True;Ativo
5.0;DIRETORIA DE OPERAÇÃO E MANUTENÇÃO;DO;Operacional;2004-07-01;2008-10-31;C071-Custos Indiretos - Operação;False;Inativo
5.0.0;DIRETORIA DE OPERAÇÃO E MANUTENÇÃO -;DO;Operacional;2004-07-01;2008-10-31;C071-Custos Indiretos - Operação;False;Inativo
5.0.0.0;DIRETORIA DE OPERAÇÃO E MANUTENÇÃO -;DO;Operacional;2004-07-01;2008-10-31;C071-Custos Indiretos - Operação;False;Inativo
5.0.0.0.0;DIRETORIA DE OPERAÇÃO E MANUTENÇÃO -;DO;Operacional;2004-07-01;2008-10-31;C071-Custos Indiretos - Operação;False;Inativo
5.0.1;SERVIÇO DE ATENDIMENTO AO USUÁRIO;SAU;Operacional;2004-07-01;2007-01-31;C099-Inativos;False;Inativo
5.0.1.0;SERVIÇO DE ATENDIMENTO AO USUÁRIO;SAU;Operacional;2004-07-01;2007-01-31;C099-Inativos;False;Inativo
5.0.1.0.0;SERVIÇO DE ATENDIMENTO AO USUÁRIO;SAU;Operacional;2004-07-01;2007-01-31;C099-Inativos;False;Inativo
5.0.2;DEPTO DE PLANEJ,CONTRÔLE GESTÃO;DOPC;Operacional;2008-01-01;2008-06-30;C071-Custos Indiretos - Operação;False;Inativo
5.0.2.0;DEPTO DE PLANEJ,CONTRÔLE GESTÃO-CHEFIA;DOPC;Operacional;2008-01-01;2008-06-30;C071-Custos Indiretos - Operação;False;Inativo
5.0.2.0.0;DEPTO DE PLANEJ,CONTRÔLE GESTÃO-CHEFIA;DOPC;Operacional;2008-01-01;2008-06-30;C071-Custos Indiretos - Operação;False;Inativo
5.0.2.1;DEPTO.DE PLANEJ,CONTRÔLE GESTÃO-EQUIPE;DOPC;Operacional;2008-01-01;2008-06-30;C071-Custos Indiretos - Operação;False;Inativo
5.0.2.1.0;DEPTO.DE PLANEJ,CONTRÔLE GESTÃO-EQUIPE;DOPC;Operacional;2008-01-01;2008-06-30;C071-Custos Indiretos - Operação;False;Inativo
5.0.3;DEPTO.DE ENG DE CIRC,OPER E SERV;DOEG;Operacional;2008-01-01;2008-10-31;C071-Custos Indiretos - Operação;False;Inativo
5.0.3.0;DEPTO.DE ENG DE CIRC,OPER E SERV-CHEFIA;DOEG;Operacional;2008-01-01;2008-10-31;C071-Custos Indiretos - Operação;False;Inativo
5.0.3.0.0;DEPTO.DE ENG DE CIRC,OPER E SERV-CHEFIA;DOEG;Operacional;2008-01-01;2008-10-31;C071-Custos Indiretos - Operação;False;Inativo
5.0.3.1;DEPTO.DE ENG DE CIRC,OPER E SERV-EQUIPES;DOEG;Operacional;2008-01-01;2008-10-31;C071-Custos Indiretos - Operação;False;Inativo
5.0.3.1.0;DEPTO.DE ENG DE CIRC,OPER E SERV-EQUIPES;DOEG;Operacional;2008-01-01;2008-10-31;C071-Custos Indiretos - Operação;False;Inativo
5.0.4;ASSESSORIA DE GESTÃO DA QUALIDADE;AOG;Operacional;2007-12-01;2008-10-31;C071-Custos Indiretos - Operação;False;Inativo
5.0.4.0;ASSESSORIA DE GESTÃO DA QUALIDADE;AOG;Operacional;2007-12-01;2008-10-31;C071-Custos Indiretos - Operação;False;Inativo
5.0.4.0.0;ASSESSORIA DE GESTÃO DA QUALIDADE;AOG;Operacional;2007-12-01;2008-10-31;C071-Custos Indiretos - Operação;False;Inativo
5.0.5;DEPTO DE PLANEJ CONTROLE E GESTÃO-CHEFIA;DOGC;Operacional;2008-07-01;2008-10-31;C071-Custos Indiretos - Operação;False;Inativo
5.0.5.0;DEPTO DE PLANEJ CONTROLE E GESTÃO-CHEFIA;DOGC;Operacional;2008-07-01;2008-10-31;C071-Custos Indiretos - Operação;False;Inativo
5.0.5.0.0;DEPTO DE PLANEJ CONTROLE E GESTÃO-CHEFIA;DOGC;Operacional;2008-07-01;2008-10-31;C071-Custos Indiretos - Operação;False;Inativo
5.0.5.1;DEPTO DE PLANEJ CONTROLE E GESTÃO-EQUIPE;DOGC;Operacional;2008-07-01;2008-10-31;C071-Custos Indiretos - Operação;False;Inativo
5.0.5.1.0;DEPTO DE PLANEJ CONTROLE E GESTÃO-EQUIPE;DOGC;Operacional;2008-07-01;2008-10-31;C071-Custos Indiretos - Operação;False;Inativo
5.0.6;GESTAO AMBIENTAL;GOM;Operacional;2008-07-01;2008-10-31;C071-Custos Indiretos - Operação;False;Inativo
5.0.6.0;GESTAO AMBIENTAL;GOM;Operacional;2008-07-01;2008-10-31;C071-Custos Indiretos - Operação;False;Inativo
5.0.6.0.0;GESTAO AMBIENTAL;GOM;Operacional;2008-07-01;2008-10-31;C071-Custos Indiretos - Operação;False;Inativo
5.2;GERÊNCIA DE MANUT DE INSTALAÇÕES FIXAS;GOF;Manutenção;2004-07-01;2008-10-31;C041-Todas as Linhas Operacionais;False;Inativo
5.2.0;GERÊNCIA DE MANUT DE INSTALAÇÕES FIXAS;GOF;Manutenção;2004-07-01;2008-10-31;C041-Todas as Linhas Operacionais;False;Inativo
5.6.2.1.0;SEGURANÇA OPERACIONAL - LINHAS 7 / 10;DOSV;Operacional;2004-07-01;2008-10-31;C031-Linhas: 7/10 - Rubi/Turquesa;False;Inativo
5.6.2.2;SEGURANÇA OPERACIONAL - LINHA 8 / 9;DOSV;Operacional;2004-07-01;2008-10-31;C032-Linhas: 8/9 - Diamante/Esmeralda;False;Inativo
5.6.2.2.0;SEGURANÇA OPERACIONAL - LINHA 8 / 9;DOSV;Operacional;2004-07-01;2008-10-31;C032-Linhas: 8/9 - Diamante/Esmeralda;False;Inativo
5.6.2.3;SEGURANÇA OPERACIONAL - LINHA 11 / 12;DOSV;Operacional;2004-07-01;2008-10-31;C033-Linhas: 11/12 - Coral/Safira;False;Inativo
5.6.2.3.0;SEGURANÇA OPERACIONAL - LINHA 11 / 12;DOSV;Operacional;2004-07-01;2008-10-31;C033-Linhas: 11/12 - Coral/Safira;False;Inativo
5.6.2.4;SEGURANÇA PATIO E ESTAÇÃO SÃO VICENTE;DOSV;Operacional;2004-07-01;2008-10-31;C031-Linhas: 7/10 - Rubi/Turquesa;False;Inativo
5.6.2.4.0;SEGURANÇA PATIO E ESTAÇÃO SÃO VICENTE;DOSV;Operacional;2004-07-01;2008-10-31;C031-Linhas: 7/10 - Rubi/Turquesa;False;Inativo
5.7;GERÊNCIA DE OPERAÇÃO-LINHAS 7/10;GOA;Operacional;2007-01-01;2008-10-31;C071-Custos Indiretos - Operação;False;Inativo
5.7.0;GERÊNCIA DE OPERAÇÃO-LINHAS 7/10-CHEFIA;GOA;Operacional;2007-01-01;2008-10-31;C071-Custos Indiretos - Operação;False;Inativo
5.7.0.0;GERÊNCIA DE OPERAÇÃO-LINHAS 7/10-CHEFIA;GOA;Operacional;2007-01-01;2008-10-31;C071-Custos Indiretos - Operação;False;Inativo
5.7.0.0.0;GERÊNCIA DE OPERAÇÃO-LINHAS 7/10-CHEFIA;GOA;Operacional;2007-01-01;2008-10-31;C071-Custos Indiretos - Operação;False;Inativo
5.7.1;SERVIÇO DE ATENDIMENTO AO USUÁRIO;SAU;Operacional;2007-01-01;2007-12-31;C071-Custos Indiretos - Operação;False;Inativo
5.7.1.0;SERVIÇO DE ATENDIMENTO AO USUÁRIO;SAU;Operacional;2007-01-01;2007-12-31;C071-Custos Indiretos - Operação;False;Inativo
5.7.1.0.0;SERVIÇO DE ATENDIMENTO AO USUÁRIO;SAU;Operacional;2007-01-01;2007-12-31;C071-Custos Indiretos - Operação;False;Inativo
5.7.2;DEPTO.DE PLANEJ.CONTROLE E GESTÃO;DOQC;Operacional;2007-01-01;2007-12-31;C071-Custos Indiretos - Operação;False;Inativo
5.7.2.0;DEPTO.DE PLANEJ.CONTROLE E GESTÃO;DOQC;Operacional;2007-01-01;2007-12-31;C071-Custos Indiretos - Operação;False;Inativo
5.7.2.0.0;DEPTO.DE PLANEJ.CONTROLE E GESTÃO;DOQC;Operacional;2007-01-01;2007-12-31;C071-Custos Indiretos - Operação;False;Inativo
5.7.3;DEPTO OPERAÇÃO E SERVIÇOS-LINHA 7;DOAA;Operacional;2008-01-01;2008-10-31;C007-Linha: 7 - Rubi;False;Inativo
5.7.3.0;DEPTO OPERAÇÃO E SERVIÇOS-LINHA 7-CHEFIA;DOAA;Operacional;2008-01-01;2008-10-31;C007-Linha: 7 - Rubi;False;Inativo
5.7.3.0.0;DEPTO OPERAÇÃO E SERVIÇOS-LINHA 7-CHEFIA;DOAA;Operacional;2008-01-01;2008-10-31;C007-Linha: 7 - Rubi;False;Inativo
5.7.3.1;DEPTO OPERAÇÃO E SERVIÇOS-LINHA 7-ESTAÇÕ;ABR;Operacional;2008-01-01;2008-10-31;C007-Linha: 7 - Rubi;False;Inativo
5.7.3.1.1;DEPTO OPERAÇÃO E SERVIÇOS-LINHA 7-ESTAÇÕ;ABR;Operacional;2008-01-01;2008-10-31;C007-Linha: 7 - Rubi;False;Inativo
5.7.4;DEPTO OPERAÇÃO E SERVIÇOS-LINHA10;DOAD;Operacional;2008-01-01;2008-10-31;C010-Linha: 10 - Turquesa;False;Inativo
5.7.4.0;DEPTO OPERAÇÃO E SERVIÇOS-LINHA10-CHEFIA;DOAD;Operacional;2008-01-01;2008-10-31;C010-Linha: 10 - Turquesa;False;Inativo
5.7.4.0.0;DEPTO OPERAÇÃO E SERVIÇOS-LINHA10-CHEFIA;DOAD;Operacional;2008-01-01;2008-10-31;C010-Linha: 10 - Turquesa;False;Inativo
5.7.4.1;DEPTO OPERAÇÃO E SERVIÇOS-LINHA10-ESTAÇÕ;LUZ;Operacional;2008-01-01;2008-10-31;C010-Linha: 10 - Turquesa;False;Inativo
5.7.4.1.1;DEPTO OPERAÇÃO E SERVIÇOS-LINHA10-ESTAÇÕ;LUZ;Operacional;2008-01-01;2008-10-31;C010-Linha: 10 - Turquesa;False;Inativo
5.7.5;DEPTO.DE CIRCULAÇÃO- LINHAS 7/10-CHEFIA;DOAL;Operacional;2008-01-01;2008-10-31;C031-Linhas: 7/10 - Rubi/Turquesa;False;Inativo
5.7.5.0;DEPTO.DE CIRCULAÇÃO- LINHAS 7/10-CHEFIA;DOAL;Operacional;2008-01-01;2008-10-31;C031-Linhas: 7/10 - Rubi/Turquesa;False;Inativo
5.7.5.0.0;DEPTO.DE CIRCULAÇÃO- LINHAS 7/10-CHEFIA;DOAL;Operacional;2008-01-01;2008-10-31;C031-Linhas: 7/10 - Rubi/Turquesa;False;Inativo
5.7.5.1;EQUIPE TRAÇÃO - LINHAS 7 / 10;DOAL;Operacional;2008-01-01;2008-10-31;C031-Linhas: 7/10 - Rubi/Turquesa;False;Inativo
5.7.5.1.1;EQUIPE TRAÇÃO - LINHAS 7 / 10;DOAL;Operacional;2008-01-01;2008-10-31;C031-Linhas: 7/10 - Rubi/Turquesa;False;Inativo
5.7.5.1.2;MOVIMENTO DE TRENS - LINHAS 7 / 10;DOAL;Operacional;2008-01-01;2008-10-31;C031-Linhas: 7/10 - Rubi/Turquesa;False;Inativo
5.7.5.1.3;LAVADOR CARROS BARRA FUNDA-LINHAS 7 / 10;DOAL;Operacional;2008-01-01;2008-10-31;C031-Linhas: 7/10 - Rubi/Turquesa;False;Inativo
5.8;GERENCIA DE OPERAÇÃO-LINHAS 8/9;GOB;Operacional;2008-01-01;2008-10-31;C032-Linhas: 8/9 - Diamante/Esmeralda;False;Inativo
5.8.0;GERENCIA DE OPERAÇÃO-LINHAS 8/9-CHEFIA;GOB;Operacional;2008-01-01;2008-10-31;C032-Linhas: 8/9 - Diamante/Esmeralda;False;Inativo
5.8.0.0;GERENCIA DE OPERAÇÃO-LINHAS 8/9-CHEFIA;GOB;Operacional;2008-01-01;2008-10-31;C032-Linhas: 8/9 - Diamante/Esmeralda;False;Inativo
5.8.0.0.0;GERENCIA DE OPERAÇÃO-LINHAS 8/9-CHEFIA;GOB;Operacional;2008-01-01;2008-10-31;C032-Linhas: 8/9 - Diamante/Esmeralda;False;Inativo
5.8.1;DEPTO OPERAÇÃO E SERVIÇOS-LINHA 8;DOBB;Operacional;2008-01-01;2008-10-31;C008-Linha: 8 - Diamante;False;Inativo
5.8.1.0;DEPTO OPERAÇÃO E SERVIÇOS-LINHA 8-CHEFIA;DOBB;Operacional;2008-01-01;2008-10-31;C008-Linha: 8 - Diamante;False;Inativo
5.8.1.0.0;DEPTO OPERAÇÃO E SERVIÇOS-LINHA 8-CHEFIA;DOBB;Operacional;2008-01-01;2008-10-31;C008-Linha: 8 - Diamante;False;Inativo
5.8.1.1;DEPTO OPERAÇÃO E SERVIÇOS-LINHA 8-ESTAÇÕ;JPR;Operacional;2008-01-01;2008-10-31;C008-Linha: 8 - Diamante;False;Inativo
5.8.1.1.1;DEPTO OPERAÇÃO E SERVIÇOS-LINHA 8-ESTAÇÕ;JPR;Operacional;2008-01-01;2008-10-31;C008-Linha: 8 - Diamante;False;Inativo
5.8.2;DEPTO OPERAÇÃO E SERVIÇOS-LINHA 9;DOBC;Operacional;2008-01-01;2008-10-31;C009-Linha: 9 - Esmeralda;False;Inativo
5.8.2.0;DEPTO OPERAÇÃO E SERVIÇOS-LINHA 9-CHEFIA;DOBC;Operacional;2008-01-01;2008-10-31;C009-Linha: 9 - Esmeralda;False;Inativo
5.8.2.0.0;DEPTO OPERAÇÃO E SERVIÇOS-LINHA 9-CHEFIA;DOBC;Operacional;2008-01-01;2008-10-31;C009-Linha: 9 - Esmeralda;False;Inativo
5.8.2.1;DEPTO OPERAÇÃO E SERVIÇOS-LINHA 9-ESTAÇÕ;CEA;Operacional;2008-01-01;2008-10-31;C009-Linha: 9 - Esmeralda;False;Inativo
5.8.2.1.1;DEPTO OPERAÇÃO E SERVIÇOS-LINHA 9-ESTAÇÕ;CEA;Operacional;2008-01-01;2008-10-31;C009-Linha: 9 - Esmeralda;False;Inativo
5.8.3;DEPTO.DE CIRCULAÇÃO- LINHAS 8/ 9;DOBL;Operacional;2008-01-01;2008-10-31;C032-Linhas: 8/9 - Diamante/Esmeralda;False;Inativo
5.8.3.0;DEPTO.DE CIRCULAÇÃO- LINHAS 8/ 9-CHEFIA;DOBL;Operacional;2008-01-01;2008-10-31;C032-Linhas: 8/9 - Diamante/Esmeralda;False;Inativo
5.8.3.0.0;DEPTO.DE CIRCULAÇÃO- LINHAS 8/ 9-CHEFIA;DOBL;Operacional;2008-01-01;2008-10-31;C032-Linhas: 8/9 - Diamante/Esmeralda;False;Inativo
5.8.3.1;EQUIPE TRAÇÃO - LINHAS 8 / 9;DOBL;Operacional;2008-01-01;2008-10-31;C032-Linhas: 8/9 - Diamante/Esmeralda;False;Inativo
5.8.3.1.1;EQUIPE TRAÇÃO - LINHAS 8 / 9;DOBL;Operacional;2008-01-01;2008-10-31;C032-Linhas: 8/9 - Diamante/Esmeralda;False;Inativo
5.8.3.1.2;MOVIMENTO DE TRENS - LINHAS 8 / 9;DOBL;Operacional;2008-01-01;2008-10-31;C032-Linhas: 8/9 - Diamante/Esmeralda;False;Inativo
5.8.3.1.3;LAVADOR DE CARROS-P.ALTINO-LINHAS 8 / 9;DOBL;Operacional;2008-01-01;2008-10-31;C032-Linhas: 8/9 - Diamante/Esmeralda;False;Inativo
5.9;GERÊNCIA DE OPERAÇÃO-LINHAS 11/12;GOE;Operacional;2008-01-01;2008-10-31;C033-Linhas: 11/12 - Coral/Safira;False;Inativo
5.9.0;GERÊNCIA DE OPERAÇÃO-LINHAS 11/12-CHEFIA;GOE;Operacional;2008-01-01;2008-10-31;C033-Linhas: 11/12 - Coral/Safira;False;Inativo
5.9.0.0;GERÊNCIA DE OPERAÇÃO-LINHAS 11/12-CHEFIA;GOE;Operacional;2008-01-01;2008-10-31;C033-Linhas: 11/12 - Coral/Safira;False;Inativo
5.9.0.0.0;GERÊNCIA DE OPERAÇÃO-LINHAS 11/12-CHEFIA;GOE;Operacional;2008-01-01;2008-10-31;C033-Linhas: 11/12 - Coral/Safira;False;Inativo
5.9.1;DEPTO OPERAÇÃO E SERVIÇOS-LINHA11;DOEE;Operacional;2008-01-01;2008-10-31;C011-Linha: 11 - Coral;False;Inativo
5.9.1.0;DEPTO OPERAÇÃO E SERVIÇOS-LINHA11-CHEFIA;DOEE;Operacional;2008-01-01;2008-10-31;C011-Linha: 11 - Coral;False;Inativo
5.9.1.0.0;DEPTO OPERAÇÃO E SERVIÇOS-LINHA11-CHEFIA;DOEE;Operacional;2008-01-01;2008-10-31;C011-Linha: 11 - Coral;False;Inativo
5.9.1.1;DEPTO OPERAÇÃO E SERVIÇOS-LINHA11-ESTAÇÕ;ITQ;Operacional;2008-01-01;2008-10-31;C011-Linha: 11 - Coral;False;Inativo
5.9.1.1.1;DEPTO OPERAÇÃO E SERVIÇOS-LINHA11-ESTAÇÕ;ITQ;Operacional;2008-01-01;2008-10-31;C011-Linha: 11 - Coral;False;Inativo
5.9.2;DEPTO OPERAÇÃO E SERVIÇOS-LINHA12;DOEF;Operacional;2008-01-01;2008-10-31;C012-Linha: 12 - Safira;False;Inativo
5.9.2.0;DEPTO OPERAÇÃO E SERVIÇOS-LINHA12-CHEFIA;DOEF;Operacional;2008-01-01;2008-10-31;C012-Linha: 12 - Safira;False;Inativo
5.9.2.0.0;DEPTO OPERAÇÃO E SERVIÇOS-LINHA12-CHEFIA;DOEF;Operacional;2008-01-01;2008-10-31;C012-Linha: 12 - Safira;False;Inativo
5.9.2.1;DEPTO OPERAÇÃO E SERVIÇOS-LINHA12-ESTAÇÕ;BAS;Operacional;2008-01-01;2008-10-31;C012-Linha: 12 - Safira;False;Inativo
5.9.2.1.1;DEPTO OPERAÇÃO E SERVIÇOS-LINHA12-ESTAÇÕ;BAS;Operacional;2008-01-01;2008-10-31;C012-Linha: 12 - Safira;False;Inativo
5.9.3;DEPTO.DE CIRCULAÇÃO- LINHAS 11/12;DOEL;Operacional;2008-01-01;2008-10-31;C033-Linhas: 11/12 - Coral/Safira;False;Inativo
5.9.3.0;DEPTO.DE CIRCULAÇÃO- LINHAS 11/12-CHEFIA;DOEL;Operacional;2008-01-01;2008-10-31;C033-Linhas: 11/12 - Coral/Safira;False;Inativo
5.9.3.0.0;DEPTO.DE CIRCULAÇÃO- LINHAS 11/12-CHEFIA;DOEL;Operacional;2008-01-01;2008-10-31;C033-Linhas: 11/12 - Coral/Safira;False;Inativo
5.9.3.1;EQUIPE TRAÇÃO / MOVIMENTO DE TRENS-LINHA;DOEL;Operacional;2008-01-01;2008-10-31;C033-Linhas: 11/12 - Coral/Safira;False;Inativo
5.9.3.1.1;EQUIPE TRAÇÃO - LINHAS 11 / 12;DOEL;Operacional;2008-01-01;2008-10-31;C033-Linhas: 11/12 - Coral/Safira;False;Inativo
5.9.3.1.2;MOVIMENTO DE TRENS - LINHAS 11 / 12;DOEL;Operacional;2008-01-01;2008-10-31;C033-Linhas: 11/12 - Coral/Safira;False;Inativo
5.9.3.1.3;LAVADOR CARROS-JUNDIAPEBA-LINHAS 11 / 12;DOEL;Operacional;2008-01-01;2008-10-31;C033-Linhas: 11/12 - Coral/Safira;False;Inativo
9;DIVERSOS;DIV;Administrativo;2012-01-01;;C081-Administração;True;Ativo
9.0;DIVERSOS;Sem Sigla;Administrativo;2004-07-01;2008-10-31;C081-Administração;False;Inativo
9.0.0;DIVERSOS;Sem Sigla;Administrativo;2004-07-01;2008-10-31;C081-Administração;False;Inativo
9.0.0.1;MÃO-DE-OBRA CEDIDA - FEDERAL;Sem Sigla;Administrativo;2004-07-01;2008-10-31;C081-Administração;False;Inativo
9.0.0.1.0;MÃO-DE-OBRA CEDIDA - FEDERAL;Sem Sigla;Administrativo;2004-07-01;2008-10-31;C081-Administração;False;Inativo
9.0.0.2;MÃO-DE-OBRA CEDIDA - ESTADUAL;Sem Sigla;Administrativo;2004-07-01;2008-10-31;C081-Administração;False;Inativo
9.0.0.3;MÃO-DE-OBRA CEDIDA - MUNICIPAL;Sem Sigla;Administrativo;2004-07-01;2008-10-31;C081-Administração;False;Inativo
9.0.0.3.0;MÃO-DE-OBRA CEDIDA - MUNICIPAL;Sem Sigla;Administrativo;2004-07-01;2008-10-31;C081-Administração;False;Inativo
9.0.0.4;MÃO-DE-OBRA CEDIDA - SINDICATOS;Sem Sigla;Administrativo;2004-07-01;2008-10-31;C081-Administração;False;Inativo
9.0.0.4.0;MÃO-DE-OBRA CEDIDA - SINDICATOS;Sem Sigla;Administrativo;2004-07-01;2008-10-31;C081-Administração;False;Inativo
9.0.0.5;OUTROS;Sem Sigla;Administrativo;2004-07-01;2008-10-31;C081-Administração;False;Inativo
9.0.0.5.0;OUTROS;Sem Sigla;Administrativo;2004-07-01;2008-10-31;C081-Administração;False;Inativo
9.2;ENERG. ELETRICA DE TRACAO;Sem Sigla;Operacional;2004-07-01;2008-10-31;C007-Linha: 7 - Rubi;False;Inativo
9.2.0;ENERG. ELETRICA DE TRACAO;Sem Sigla;Operacional;2004-07-01;2008-10-31;C007-Linha: 7 - Rubi;False;Inativo
9.2.0.0;ENERG. ELETRICA DE TRACAO;Sem Sigla;Operacional;2004-07-01;2008-10-31;C007-Linha: 7 - Rubi;False;Inativo
9.2.0.0.0;ENERG. ELETRICA DE TRACAO;Sem Sigla;Operacional;2004-07-01;2008-10-31;C007-Linha: 7 - Rubi;False;Inativo
9.3;DEPRECIACAO;Sem Sigla;Administrativo;2004-07-01;2008-10-31;C081-Administração;False;Inativo
9.3.0;DEPRECIACAO - ADMINISTRAÇÃO;Sem Sigla;Administrativo;2004-07-01;2008-10-31;C081-Administração;False;Inativo
9.3.0.0;DEPRECIACAO - ADMINISTRAÇÃO;Sem Sigla;Administrativo;2004-07-01;2008-10-31;C081-Administração;False;Inativo
9.3.0.0.0;DEPRECIACAO - ADMINISTRAÇÃO;Sem Sigla;Administrativo;2004-07-01;2008-10-31;C081-Administração;False;Inativo
9.3.2;DEPRECIAÇÃO - EDIF. DEPEND.;Sem Sigla;Manutenção;2004-07-01;2008-10-31;C007-Linha: 7 - Rubi;False;Inativo
9.3.2.0;DEPRECIAÇÃO - EDIF. DEPEND.;Sem Sigla;Manutenção;2004-07-01;2008-10-31;C007-Linha: 7 - Rubi;False;Inativo
9.3.2.0.0;DEPRECIAÇÃO - EDIF. DEPEND.;Sem Sigla;Manutenção;2004-07-01;2008-10-31;C007-Linha: 7 - Rubi;False;Inativo
9.3.3;DEPRECIAÇÃO - EQUIP. MÁQ. FERRAM.;Sem Sigla;Manutenção;2004-07-01;2008-10-31;C007-Linha: 7 - Rubi;False;Inativo
9.3.3.0;DEPRECIAÇÃO - EQUIP. MÁQ. FERRAM.;Sem Sigla;Manutenção;2004-07-01;2008-10-31;C007-Linha: 7 - Rubi;False;Inativo
9.3.3.0.0;DEPRECIAÇÃO - EQUIP. MÁQ. FERRAM.;Sem Sigla;Manutenção;2004-07-01;2008-10-31;C007-Linha: 7 - Rubi;False;Inativo
9.3.4;DEPRECIAÇÃO - ESTAÇÕES;Sem Sigla;Operacional;2004-07-01;2008-10-31;C007-Linha: 7 - Rubi;False;Inativo
9.3.4.0;DEPRECIAÇÃO - ESTAÇÕES;Sem Sigla;Operacional;2004-07-01;2008-10-31;C007-Linha: 7 - Rubi;False;Inativo
9.3.4.0.0;DEPRECIAÇÃO - ESTAÇÕES;Sem Sigla;Operacional;2004-07-01;2008-10-31;C007-Linha: 7 - Rubi;False;Inativo
9.3.5;DEPRECIAÇÃO - SIST. ELÉTR. ELETRÔN.;Sem Sigla;Manutenção;2004-07-01;2008-10-31;C007-Linha: 7 - Rubi;False;Inativo
9.3.5.0;DEPRECIAÇÃO - SIST. ELÉTR. ELETRÔN.;Sem Sigla;Manutenção;2004-07-01;2008-10-31;C007-Linha: 7 - Rubi;False;Inativo
9.3.5.0.0;DEPRECIAÇÃO - SIST. ELÉTR. ELETRÔN.;Sem Sigla;Manutenção;2004-07-01;2008-10-31;C007-Linha: 7 - Rubi;False;Inativo
9.3.6;DEPRECIAÇÃO - SUPERESTR. V. PERMANENTE;Sem Sigla;Manutenção;2004-07-01;2008-10-31;C007-Linha: 7 - Rubi;False;Inativo
9.3.6.0;DEPRECIAÇÃO - SUPERESTR. V. PERMANENTE;Sem Sigla;Manutenção;2004-07-01;2008-10-31;C007-Linha: 7 - Rubi;False;Inativo
9.3.6.0.0;DEPRECIAÇÃO - SUPERESTR. V. PERMANENTE;Sem Sigla;Manutenção;2004-07-01;2008-10-31;C007-Linha: 7 - Rubi;False;Inativo
9.3.7;DEPRECIAÇÃO - TUE´s E LOCOMOTIVAS;Sem Sigla;Operacional;2004-07-01;2008-10-31;C007-Linha: 7 - Rubi;False;Inativo
9.3.7.0;DEPRECIAÇÃO - TUE´s E LOCOMOTIVAS;Sem Sigla;Operacional;2004-07-01;2008-10-31;C007-Linha: 7 - Rubi;False;Inativo
9.3.7.0.0;DEPRECIAÇÃO - TUE´s E LOCOMOTIVAS;Sem Sigla;Operacional;2004-07-01;2008-10-31;C007-Linha: 7 - Rubi;False;Inativo
9.3.8;DEPRECIAÇÃO - VEÍCULOS RODOV. - MANUT.;Sem Sigla;Manutenção;2004-07-01;2008-10-31;C012-Linha: 12 - Safira;False;Inativo
9.3.8.0;DEPRECIAÇÃO - VEÍCULOS RODOV. - MANUT.;Sem Sigla;Manutenção;2004-07-01;2008-10-31;C012-Linha: 12 - Safira;False;Inativo
9.3.8.0.0;DEPRECIAÇÃO - VEÍCULOS RODOV. - MANUT.;Sem Sigla;Manutenção;2004-07-01;2008-10-31;C012-Linha: 12 - Safira;False;Inativo
9.9;GERAL DA COMPANHIA;GC;Administrativo;2008-07-01;2008-10-31;C081-Administração;False;Inativo
9.9.9;GERAL DA COMPANHIA;GC;Administrativo;2008-07-01;2008-10-31;C081-Administração;False;Inativo
9.9.9.9;GERAL DA COMPANHIA;GC;Administrativo;2008-07-01;2008-10-31;C081-Administração;False;Inativo
9.9.9.9.9;GERAL DA COMPANHIA;GC;Administrativo;2008-07-01;2008-10-31;C081-Administração;False;Inativo
9.0.0.0;DIVERSOS;Sem Sigla;Administrativo;2004-07-01;2007-12-31;C081-Administração;False;Inativo
9.0.0.0.0;DIVERSOS;Sem Sigla;Administrativo;2004-07-01;2007-12-31;C081-Administração;False;Inativo
6.14.01.1.0.21;ESTAÇÃO SANTA RITA;SRT;Operacional;2008-11-01;2011-12-31;C008-Linha: 8 - Diamante;False;Inativo
6.14.01.1.0.22;ESTAÇÃO CIMENRITA;CMR;Operacional;2008-11-01;2011-02-28;C008-Linha: 8 - Diamante;False;Inativo
6.14.01.1.0.23;ESTAÇÃO AMBUITÁ;AMB;Operacional;2008-11-01;2011-02-28;C008-Linha: 8 - Diamante;False;Inativo
6.14.01.1.0.24;ESTAÇÃO AMADOR BUENO;ABU;Operacional;2008-11-01;2011-02-28;C008-Linha: 8 - Diamante;False;Inativo
6.14.02.0.0.00;DEPTO OPERAÇÃO E SERVIÇOS-LINHA 9-CHEFIA;DOBC;Operacional;2008-11-01;2011-02-28;C009-Linha: 9 - Esmeralda;False;Inativo
6.14.02.1.0.01;ESTAÇÃO OSASCO;OSA;Operacional;2008-11-01;2011-02-28;C009-Linha: 9 - Esmeralda;False;Inativo
6.14.02.1.0.02;ESTAÇÃO PRESIDENTE ALTINO;PAL;Operacional;2008-11-01;2011-02-28;C009-Linha: 9 - Esmeralda;False;Inativo
6.14.02.1.0.03;ESTAÇÃO CEASA;CEA;Operacional;2008-11-01;2011-02-28;C009-Linha: 9 - Esmeralda;False;Inativo
6.14.02.1.0.04;ESTAÇÃO VILLA LOBOS-JAGUARÉ;JAG;Operacional;2008-11-01;2011-02-28;C009-Linha: 9 - Esmeralda;False;Inativo
6.14.02.1.0.05;ESTAÇÃO CIDADE UNIVERSITÁRIA;USP;Operacional;2008-11-01;2011-02-28;C009-Linha: 9 - Esmeralda;False;Inativo
6.14.02.1.0.06;ESTAÇÃO PINHEIROS;PIN;Operacional;2008-11-01;2011-02-28;C009-Linha: 9 - Esmeralda;False;Inativo
6.14.02.1.0.07;ESTAÇÃO HEBRAICA / REBOUÇAS;HBR;Operacional;2008-11-01;2011-02-28;C009-Linha: 9 - Esmeralda;False;Inativo
6.14.02.1.0.08;ESTAÇÃO CIDADE JARDIM;CJD;Operacional;2008-11-01;2011-02-28;C009-Linha: 9 - Esmeralda;False;Inativo
6.14.02.1.0.09;ESTAÇÃO VILA OLIMPIA;VOL;Operacional;2008-11-01;2011-02-28;C009-Linha: 9 - Esmeralda;False;Inativo
6.14.02.1.0.10;ESTAÇÃO BERRINI;BRR;Operacional;2008-11-01;2011-02-28;C009-Linha: 9 - Esmeralda;False;Inativo
6.14.02.1.0.11;ESTAÇÃO MORUMBI;MRB;Operacional;2008-11-01;2011-02-28;C009-Linha: 9 - Esmeralda;False;Inativo
6.14.02.1.0.12;ESTAÇÃO GRANJA JULIETA;GJT;Operacional;2008-11-01;2011-02-28;C009-Linha: 9 - Esmeralda;False;Inativo
6.14.02.1.0.13;ESTAÇÃO SANTO AMARO;SAM;Operacional;2008-11-01;2011-02-28;C009-Linha: 9 - Esmeralda;False;Inativo
6.14.02.1.0.14;ESTAÇÃO SOCORRO;SOC;Operacional;2008-11-01;2011-02-28;C009-Linha: 9 - Esmeralda;False;Inativo
6.14.02.1.0.15;ESTAÇÃO JURUBATUBA;JUR;Operacional;2008-11-01;2011-02-28;C009-Linha: 9 - Esmeralda;False;Inativo
6.14.02.1.0.16;ESTAÇÃO AUTÓDROMO;AUT;Operacional;2008-11-01;2011-02-28;C009-Linha: 9 - Esmeralda;False;Inativo
6.14.02.1.0.17;ESTAÇÃO PRIMAVERA-INTERLAGOS;INT;Operacional;2008-11-01;2011-02-28;C009-Linha: 9 - Esmeralda;False;Inativo
6.14.02.1.0.18;ESTAÇÃO GRAJAÚ;GRA;Operacional;2008-11-01;2011-02-28;C009-Linha: 9 - Esmeralda;False;Inativo
6.15.00.0.0.00;GERENCIA DE ESTACOES E SERVICOS-LINHAS 1;GOE;Operacional;2008-11-01;2011-02-28;C036-Linhas: 10/11/12/13 - Turquesa/Coral/Safira/Jade;False;Inativo
6.15.01.0.0.00;DEPTO OPERAÇÃO E SERVIÇOS-LINHA11-CHEFIA;DOEE;Operacional;2008-11-01;2011-02-28;C011-Linha: 11 - Coral;False;Inativo
6.15.01.1.0.01;ESTAÇÃO CORINTHIANS/ITAQUERA (EXP.LESTE);ITQ;Operacional;2008-11-01;2011-02-28;C011-Linha: 11 - Coral;False;Inativo
6.15.01.1.0.02;ESTAÇÃO DOM BOSCO(EXPRESSO LESTE);DOB;Operacional;2008-11-01;2011-02-28;C011-Linha: 11 - Coral;False;Inativo
6.15.01.1.0.03;ESTAÇÃO JOSÉ BONIFÁCIO(EXPRESSO LESTE);JBO;Operacional;2008-11-01;2011-02-28;C011-Linha: 11 - Coral;False;Inativo
6.15.01.1.0.04;ESTAÇÃO GUAIANAZES(EXPRESSO LESTE);GUA;Operacional;2008-11-01;2011-02-28;C011-Linha: 11 - Coral;False;Inativo
6.15.01.1.0.05;ESTAÇÃO ANTONIO GIANETTI NETO;AGN;Operacional;2008-11-01;2011-02-28;C011-Linha: 11 - Coral;False;Inativo
6.15.01.1.0.06;ESTAÇÃO FERRAZ DE VASCONCELOS;FVC;Operacional;2008-11-01;2011-02-28;C011-Linha: 11 - Coral;False;Inativo
6.15.01.1.0.07;ESTAÇÃO POÁ;POA;Operacional;2008-11-01;2011-02-28;C011-Linha: 11 - Coral;False;Inativo
6.15.01.1.0.09;ESTAÇÃO SUZANO;SUZ;Operacional;2008-11-01;2011-02-28;C011-Linha: 11 - Coral;False;Inativo
6.15.01.1.0.10;ESTAÇÃO JUNDIAPEBA;JPB;Operacional;2008-11-01;2011-02-28;C011-Linha: 11 - Coral;False;Inativo
6.15.01.1.0.11;ESTAÇÃO BRAZ CUBAS;BCB;Operacional;2008-11-01;2011-02-28;C011-Linha: 11 - Coral;False;Inativo
6.15.01.1.0.12;ESTAÇÃO MOGI DAS CRUZES;MDC;Operacional;2008-11-01;2011-02-28;C011-Linha: 11 - Coral;False;Inativo
6.15.01.1.0.13;ESTAÇÃO ESTUDANTES;EST;Operacional;2008-11-01;2011-02-28;C011-Linha: 11 - Coral;False;Inativo
6.15.02.0.0.00;DEPTO OPERAÇÃO E SERVIÇOS-LINHA12-CHEFIA;DOEF;Operacional;2008-11-01;2011-02-28;C012-Linha: 12 - Safira;False;Inativo
9.03.05.0.0.05;DEPRECIAÇÃO - SIST. ELÉTR. ELETRÔN. - E;Manutenção;Manutenção;2008-11-01;2011-12-31;C011-Linha: 11 - Coral;False;Inativo
9.03.05.0.0.06;DEPRECIAÇÃO - SIST. ELÉTR. ELETRÔN. - F;Manutenção;Manutenção;2008-11-01;2011-12-31;C012-Linha: 12 - Safira;False;Inativo
9.03.06.0.0.01;DEPRECIAÇÃO - SUPERESTR. V. P. - A;Manutenção;Manutenção;2008-11-01;2011-12-31;C007-Linha: 7 - Rubi;False;Inativo
9.03.06.0.0.02;DEPRECIAÇÃO - SUPERESTR. V. P. - B;Manutenção;Manutenção;2008-11-01;2011-12-31;C008-Linha: 8 - Diamante;False;Inativo
9.03.06.0.0.03;DEPRECIAÇÃO - SUPERESTR. V. P. - C;Manutenção;Manutenção;2008-11-01;2011-12-31;C009-Linha: 9 - Esmeralda;False;Inativo
9.03.06.0.0.04;DEPRECIAÇÃO - SUPERESTR. V. P. - D;Manutenção;Manutenção;2008-11-01;2011-12-31;C010-Linha: 10 - Turquesa;False;Inativo
9.03.06.0.0.05;DEPRECIAÇÃO - SUPERESTR. V. P. - E;Manutenção;Manutenção;2008-11-01;2011-12-31;C011-Linha: 11 - Coral;False;Inativo
9.03.06.0.0.06;DEPRECIAÇÃO - SUPERESTR. V. P. - F;Manutenção;Manutenção;2008-11-01;2011-12-31;C012-Linha: 12 - Safira;False;Inativo
9.03.07.0.0.01;DEPRECIAÇÃO - TUE´s E LOCOM. - LINHA A;Operacional;Operacional;2008-11-01;2011-12-31;C007-Linha: 7 - Rubi;False;Inativo
9.03.07.0.0.02;DEPRECIAÇÃO - TUE´s E LOCOM. - LINHA B;Operacional;Operacional;2008-11-01;2011-12-31;C008-Linha: 8 - Diamante;False;Inativo
9.03.07.0.0.03;DEPRECIAÇÃO - TUE´s E LOCOM. - LINHA C;Operacional;Operacional;2008-11-01;2011-12-31;C009-Linha: 9 - Esmeralda;False;Inativo
9.03.07.0.0.04;DEPRECIAÇÃO - TUE´s E LOCOM. - LINHA D;Operacional;Operacional;2008-11-01;2011-12-31;C010-Linha: 10 - Turquesa;False;Inativo
9.03.07.0.0.05;DEPRECIAÇÃO - TUE´s E LOCOM. - LINHA E;Operacional;Operacional;2008-11-01;2011-12-31;C011-Linha: 11 - Coral;False;Inativo
9.03.07.0.0.06;DEPRECIAÇÃO - TUE´s E LOCOM. - LINHA F;Operacional;Operacional;2008-11-01;2011-12-31;C012-Linha: 12 - Safira;False;Inativo
9.03.08.0.0.01;DEPRECIAÇÃO - VEÍCULOS RODOV. - MANUT.;Manutenção;Manutenção;2008-11-01;2011-12-31;C012-Linha: 12 - Safira;False;Inativo
6.14.01.1.0.06;ESTAÇÃO PRESIDENTE ALTINO;PAL;Operacional;2008-11-01;2008-11-01;C008-Linha: 8 - Diamante;False;Inativo
6.14.01.1.0.07;ESTAÇÃO OSASCO;OSA;Operacional;2008-11-01;2008-11-01;C008-Linha: 8 - Diamante;False;Inativo
6.15.01.1.0.08;ESTAÇÃO CALMON VIANA;CVN;Operacional;2008-11-01;2008-11-01;C011-Linha: 11 - Coral;False;Inativo
0.01.00.0.0.00;GERAL DA COMPANHIA - ADMINISTRAÇÃO;GCA;Administrativo;2008-11-01;2011-12-31;C081-Administração;False;Inativo
0.05.00.0.0.00;GERAL DA COMPANHIA - OPERAÇÃO;GCO;Operacional;2008-11-01;2011-12-31;C041-Todas as Linhas Operacionais;False;Inativo
0.06.00.0.0.00;GERAL DA COMPANHIA - MANUTENÇÃO;GCM;Manutenção;2008-11-01;2011-12-31;C041-Todas as Linhas Operacionais;False;Inativo
1.00.00.0.0.00;PRESIDÊNCIA;PR;Administrativo;2008-11-01;2011-12-31;C081-Administração;False;Inativo
1.00.01.0.0.00;ASSESSORIA P/ASSUNTOS INSTITUCIONAIS;ARA;Administrativo;2008-11-01;2011-12-31;C081-Administração;False;Inativo
1.10.00.0.0.00;SUPERINTENDÊNCIA GERAL EXECUTIVA;SGE;Administrativo;2008-11-01;2009-06-15;C081-Administração;False;Inativo
1.10.01.0.0.00;ASSESSORIA PLANEJAMENTO EMPRESARIAL;ARP;Administrativo;2008-11-01;2009-05-31;C081-Administração;False;Inativo
1.11.00.0.0.00;GERENCIA JURIDICA;GRJ;Administrativo;2008-11-01;2011-12-31;C081-Administração;False;Inativo
1.11.01.0.0.00;DEPTO JURIDICO CONSULTIVO;DRJS;Administrativo;2008-11-01;2011-12-31;C081-Administração;False;Inativo
1.11.02.0.0.00;DEPTO JURIDICO CONTENCIOSO;DRJC;Administrativo;2008-11-01;2011-12-31;C081-Administração;False;Inativo
1.11.03.0.0.00;DEPTO JURID CONT TRABALHISTA;DRJT;Administrativo;2008-11-01;2011-12-31;C081-Administração;False;Inativo
1.12.00.0.0.00;GERENCIA DE AUDITORIA;GRA;Administrativo;2008-11-01;2011-12-31;C081-Administração;False;Inativo
1.13.00.0.0.00;GERÊNCIA DESENVOLV. DE NEGÓCIOS;GRG;Administrativo;2008-11-01;2011-01-31;C081-Administração;False;Inativo
1.14.00.0.0.00;GERÊNCIA DE CUSTOS;GRC;Administrativo;2008-11-01;2011-12-31;C081-Administração;False;Inativo
1.20.00.0.0.00;GERENCIA GERAL DE DESENVOLVIMENTO ORGANI;GRD;Administrativo;2008-11-01;2011-01-31;C081-Administração;False;Inativo
1.20.01.0.0.00;OUVIDORIA;DROV;Administrativo;2008-11-01;2010-04-30;C081-Administração;False;Inativo
1.20.02.0.0.00;SERVICO ATEND AO USUARIO;SAU;Administrativo;2008-11-01;2010-04-30;C081-Administração;False;Inativo
1.20.02.1.0.00;SERVICO ATEND AO USUARIO-EQUIPES;SAU;Administrativo;2008-11-01;2010-04-30;C081-Administração;False;Inativo
1.20.02.2.0.00;ATENDIMENTO EMERGENCIAL;SAU;Administrativo;2008-11-01;2010-04-30;C081-Administração;False;Inativo
1.21.00.0.0.00;GERENCIA DESENV ORG E RH;GRH;Administrativo;2008-11-01;2011-12-31;C081-Administração;False;Inativo
1.21.01.0.0.00;DEPTO DE RECRUTAMENTO , SELECAO E TREINA;DRHT;Administrativo;2008-11-01;2011-12-31;C081-Administração;False;Inativo
1.21.02.0.0.00;DEPTO DE ADMINISTRACAO DE PESSOAL;DRHP;Administrativo;2008-11-01;2011-12-31;C081-Administração;False;Inativo
1.21.03.0.0.00;DEPTO DE HIGIENE E SEGURANCA DO TRABALHO;DRHS;Administrativo;2008-11-01;2011-12-31;C081-Administração;False;Inativo
5.11.07.2.2.20;TELECOMUNICAÇÃO - LINHAS 8 / 9;DOFS;Manutenção;2008-11-01;2011-12-31;C032-Linhas: 8/9 - Diamante/Esmeralda;False;Inativo
5.11.07.3.0.30;EQUIPE - SINALIZ TELEC - 11 / 12- CHEFIA;DOFS;Manutenção;2008-11-01;2011-12-31;C033-Linhas: 11/12 - Coral/Safira;False;Inativo
5.11.07.3.1.30;SINALIZAÇÃO - LINHAS 11/12;DOFS;Manutenção;2008-11-01;2011-12-31;C033-Linhas: 11/12 - Coral/Safira;False;Inativo
5.11.07.3.1.31;SINALIZAÇÃO - LINHA 11;DOFS;Manutenção;2008-11-01;2011-12-31;C011-Linha: 11 - Coral;False;Inativo
5.11.07.3.1.40;SINALIZAÇÃO - LINHAS 8/9/11/12;DOFS;Manutenção;2008-11-01;2008-11-01;C011-Linha: 11 - Coral;False;Inativo
5.11.07.3.2.30;TELECOMUNICAÇÃO - LINHAS 11 / 12;DOFS;Manutenção;2008-11-01;2011-12-31;C033-Linhas: 11/12 - Coral/Safira;False;Inativo
5.11.07.4.0.00;EQUIPE - OFIC ELETRON ELETRICA - CHEFIA;DOFS;Manutenção;2008-11-01;2011-12-31;C041-Todas as Linhas Operacionais;False;Inativo
5.11.07.4.1.00;OFICINA ELETRÔNICA - LINHAS 8/9;DOFS;Manutenção;2008-11-01;2011-12-31;C041-Todas as Linhas Operacionais;False;Inativo
5.11.07.4.2.00;LAB DE TELECOMUNICAÇÕES-L.7/10 - 11/12;DOFS;Manutenção;2008-11-01;2011-12-31;C041-Todas as Linhas Operacionais;False;Inativo
5.11.07.4.3.00;OFICINA DE SINALIZAÇÃO - LINHAS 7/10/11/;DOFS;Manutenção;2008-11-01;2011-12-31;C041-Todas as Linhas Operacionais;False;Inativo
5.12.00.0.0.00;GERÊNCIA DE MANUT. DE MATERIAL RODANTE;GOR;Manutenção;2008-11-01;2011-12-31;C041-Todas as Linhas Operacionais;False;Inativo
5.12.04.0.0.00;DEPTO MANUT MAT ROD-LAPA-L.7/10 CHEFIA;DORA;Manutenção;2008-11-01;2011-12-31;C031-Linhas: 7/10 - Rubi/Turquesa;False;Inativo
5.12.04.1.0.00;ABRIGO LAPA - LINHAS 7/10;DORA;Manutenção;2008-11-01;2011-12-31;C007-Linha: 7 - Rubi;False;Inativo
5.12.04.2.0.00;OFICINAS - LUZ - LINHAS 7/10;DORA;Manutenção;2008-11-01;2011-12-31;C007-Linha: 7 - Rubi;False;Inativo
5.12.05.0.0.00;DEPTO MANUT MAT ROD-P.ALTINO-L8/9-CHEFIA;DORB;Manutenção;2008-11-01;2011-12-31;C032-Linhas: 8/9 - Diamante/Esmeralda;False;Inativo
5.12.05.1.0.00;ABRIGO PRES. ALTINO - LINHAS 8/9;DORB;Manutenção;2008-11-01;2011-12-31;C057-Linhas: 8 (30%) / 9 (70%) - DORB - Abrigo P. Altino;False;Inativo
5.12.06.0.0.00;DEPTO DE MAN MAT ROD-ENG.SP-L 11/12-CH;DORE;Manutenção;2008-11-01;2011-12-31;C033-Linhas: 11/12 - Coral/Safira;False;Inativo
5.12.06.1.0.00;ABRIGO EG. S. PAULO - LINHAS 11/12;DORE;Manutenção;2008-11-01;2011-12-31;C058-Linhas 11/12/13 - Abrigo Eng. S.Paulo/Pórticos Roosevelt;False;Inativo
5.12.06.2.0.00;PÓRTICOS ROOSEVELT - LINHAS 11/12;DORE;Manutenção;2008-11-01;2011-12-31;C058-Linhas 11/12/13 - Abrigo Eng. S.Paulo/Pórticos Roosevelt;False;Inativo
5.12.07.0.0.00;DEPTO DE OFIC MAN MAT ROD - CHEFIA;DORO;Manutenção;2008-11-01;2011-12-31;C041-Todas as Linhas Operacionais;False;Inativo
5.12.07.1.0.00;MANUT DE LOCOMOTIVAS E VAGÕES;DORO;Manutenção;2008-11-01;2011-12-31;C041-Todas as Linhas Operacionais;False;Inativo
5.12.07.1.1.00;MANUT DE LOCO E VAG-P.ALT LINHAS 8/9;DORO;Manutenção;2008-11-01;2011-12-31;C041-Todas as Linhas Operacionais;False;Inativo
5.12.07.1.2.00;MANUT DE LOCO E VAG.- LAPA 7/10 - 11/12;DORO;Manutenção;2008-11-01;2011-12-31;C041-Todas as Linhas Operacionais;False;Inativo
5.12.07.2.1.00;OFICINA ELÉTRICA - LINHAS 8/9;DORO;Manutenção;2008-11-01;2011-12-31;C040-Linhas: 7/8/9/11/12 - Rubi/Diamante/Esmeralda/Coral/Safira;False;Inativo
5.12.07.2.2.00;OFICINA ELÉTRICA - LINHAS 7/10/11/12;DORO;Manutenção;2008-11-01;2011-12-31;C040-Linhas: 7/8/9/11/12 - Rubi/Diamante/Esmeralda/Coral/Safira;False;Inativo
5.12.07.2.3.00;OFICINA ELÉTRICA;DORO;Manutenção;2008-11-01;2011-12-31;C040-Linhas: 7/8/9/11/12 - Rubi/Diamante/Esmeralda/Coral/Safira;False;Inativo
5.12.07.3.0.00;OFICINA MECÂNICA - PRES. ALTINO;DORO;Manutenção;2008-11-01;2011-12-31;C040-Linhas: 7/8/9/11/12 - Rubi/Diamante/Esmeralda/Coral/Safira;False;Inativo
5.12.07.3.1.00;OFICINA MECÂNICA - LINHAS 8/9;DORO;Manutenção;2008-11-01;2011-12-31;C055-Linhas: 11/12/13 - Sistema de Energia;False;Inativo
5.12.07.3.2.00;OFICINA MECÂNICA - LINHAS 7/10/11/12;DORO;Manutenção;2008-11-01;2011-12-31;C054-Linhas: 12/13 - Sistema de Energia;False;Inativo
5.12.07.3.3.00;OFICINA MECÂNICA;DORO;Manutenção;2008-11-01;2011-12-31;C040-Linhas: 7/8/9/11/12 - Rubi/Diamante/Esmeralda/Coral/Safira;False;Inativo
5.12.07.4.0.00;EQUIPE-GESTÃO E PLANEJAMENTO;DORO;Manutenção;2008-11-01;2011-12-31;C041-Todas as Linhas Operacionais;False;Inativo
5.12.07.4.1.00;EQUIPE-GESTÃO E PLANEJ. - LINHAS 7/10;DORO;Manutenção;2008-11-01;2011-12-31;C031-Linhas: 7/10 - Rubi/Turquesa;False;Inativo
5.12.07.4.2.00;EQUIPE-GESTÃO E PLANEJ - LINHAS 8/9;DORO;Manutenção;2008-11-01;2011-12-31;C032-Linhas: 8/9 - Diamante/Esmeralda;False;Inativo
5.12.07.4.3.00;EQUIPE-GESTÃO E PLANEJ. - LINHAS 11/12;DORO;Manutenção;2008-11-01;2011-12-31;C033-Linhas: 11/12 - Coral/Safira;False;Inativo
5.12.07.5.0.00;EQUIPE-CONTR SUPRIM DE MAT E TREINAM;DORO;Manutenção;2008-11-01;2011-12-31;C041-Todas as Linhas Operacionais;False;Inativo
5.13.02.0.0.00;DEPTO DE ENG DE MAT RODANTE-CHEFIA;DOTM;Manutenção;2008-11-01;2011-12-31;C041-Todas as Linhas Operacionais;False;Inativo
5.13.02.1.0.00;DEPTO DE ENG DE MANUT MAT ROD - EQUIPES;DOTM;Manutenção;2008-11-01;2011-09-30;C041-Todas as Linhas Operacionais;False;Inativo
5.13.03.0.0.00;DEPTO.DE ENG DE MAN INST FIXAS-CHEFIA;DOTI;Manutenção;2008-11-01;2011-12-31;C041-Todas as Linhas Operacionais;False;Inativo
5.13.03.1.0.00;DEPTO DE ENG DE MANUT INST FIXAS-EQUIPES;DOTI;Manutenção;2008-11-01;2011-09-30;C041-Todas as Linhas Operacionais;False;Inativo
6.10.00.0.0.00;GERENCIA GERAL DE OPERAÇÃO;GOO;Operacional;2008-11-01;2011-12-31;C071-Custos Indiretos - Operação;False;Inativo
6.10.00.0.0.99;CONVÊNIO METRO / CPTM - OPERAÇÃO;PT-O;Operacional;2008-11-01;2011-12-31;C041-Todas as Linhas Operacionais;False;Inativo
6.11.00.0.0.00;GERÊNCIA CIRCULAÇÃO E CONTR.OPERACIONAL;GOC;Operacional;2008-11-01;2011-12-31;C071-Custos Indiretos - Operação;False;Inativo
6.11.01.0.0.00;DEPTO DE CONTROLE OPERACIONAL-CHEFIA;DOCP;Operacional;2008-11-01;2011-12-31;C041-Todas as Linhas Operacionais;False;Inativo
6.11.01.1.0.00;CONTR. DE TRÁFEGO - CCO LUZ LINHAS 7/10;DOCP;Operacional;2008-11-01;2011-12-31;C031-Linhas: 7/10 - Rubi/Turquesa;False;Inativo
6.11.01.2.0.00;CONTR DE TRÁFEGO - CCO BRAS-LINHAS 8/9;DOCP;Operacional;2008-11-01;2011-12-31;C032-Linhas: 8/9 - Diamante/Esmeralda;False;Inativo
6.11.01.3.0.00;CONTR DE TRÁFEGO-CCO BRAS-LINHAS 11/12;DOCP;Operacional;2008-11-01;2011-12-31;C033-Linhas: 11/12 - Coral/Safira;False;Inativo
6.11.02.1.1.00;EQUIPE TRAÇÃO - LINHAS 7 / 10;DOCC;Operacional;2008-11-01;2011-12-31;C031-Linhas: 7/10 - Rubi/Turquesa;False;Inativo
6.11.02.1.2.00;MOVIMENTO DE TRENS - LINHAS 7 / 10;DOCC;Operacional;2008-11-01;2011-12-31;C031-Linhas: 7/10 - Rubi/Turquesa;False;Inativo
6.11.02.1.3.00;LAVADOR CARROS BARRA FUNDA-LINHAS 7 / 10;DOCC;Operacional;2008-11-01;2009-03-31;C031-Linhas: 7/10 - Rubi/Turquesa;False;Inativo
6.11.02.2.1.00;EQUIPE TRAÇÃO - LINHAS 8 / 9;DOCC;Operacional;2008-11-01;2011-12-31;C032-Linhas: 8/9 - Diamante/Esmeralda;False;Inativo
6.11.02.2.2.00;MOVIMENTO DE TRENS - LINHAS 8 / 9;DOCC;Operacional;2008-11-01;2011-12-31;C032-Linhas: 8/9 - Diamante/Esmeralda;False;Inativo
6.11.02.2.3.00;LAVADOR DE CARROS-P.ALTINO-LINHAS 8 / 9;DOCC;Operacional;2008-11-01;2009-03-31;C032-Linhas: 8/9 - Diamante/Esmeralda;False;Inativo
6.11.02.3.1.00;EQUIPE TRAÇÃO - LINHAS 11 / 12;DOCC;Operacional;2008-11-01;2011-12-31;C033-Linhas: 11/12 - Coral/Safira;False;Inativo
6.11.02.3.2.00;MOVIMENTO DE TRENS - LINHAS 11 / 12;DOCC;Operacional;2008-11-01;2011-12-31;C033-Linhas: 11/12 - Coral/Safira;False;Inativo
6.11.02.3.3.00;LAVADOR CARROS-JUNDIAPEBA-LINHAS 11 / 12;DOCC;Operacional;2008-11-01;2009-03-31;C033-Linhas: 11/12 - Coral/Safira;False;Inativo
6.11.03.1.0.00;CONTR E GESTAO DE ENERGIA ELETRICA-EQUIP;DOCT;Operacional;2008-11-01;2011-12-31;C041-Todas as Linhas Operacionais;False;Inativo
6.12.00.0.0.00;GERÊNCIA DE SEGURANÇA;GOS;Operacional;2008-11-01;2011-12-31;C071-Custos Indiretos - Operação;False;Inativo
6.12.01.0.0.00;DEPTO DE EFETIVO E LOGÍSTICA;DOSE;Operacional;2008-11-01;2011-12-31;C041-Todas as Linhas Operacionais;False;Inativo
6.12.02.0.0.00;DEPTO DE SEGURANÇA E VIGILÂNCIA-CHEFIA;DOSV;Operacional;2008-11-01;2011-12-31;C041-Todas as Linhas Operacionais;False;Inativo
6.12.02.1.0.00;SEGURANÇA OPERACIONAL - LINHA 7 / 10;DOSV;Operacional;2008-11-01;2011-12-31;C031-Linhas: 7/10 - Rubi/Turquesa;False;Inativo
6.12.02.2.0.00;SEGURANÇA OPERACIONAL - LINHA 8 / 9;DOSV;Operacional;2008-11-01;2011-12-31;C032-Linhas: 8/9 - Diamante/Esmeralda;False;Inativo
6.12.02.3.0.00;SEGURANÇA OPERACIONAL - LINHA 11 / 12;DOSV;Operacional;2008-11-01;2011-12-31;C033-Linhas: 11/12 - Coral/Safira;False;Inativo
6.13.00.0.0.00;GER DE ESTACOES E SERVICOS-LINHAS 7 / 10;GOA;Operacional;2008-11-01;2010-04-30;C031-Linhas: 7/10 - Rubi/Turquesa;False;Inativo
6.13.01.0.0.00;DEPTO DE ESTAÇÕES E SERVIÇOS-LINHA 7-CHE;DOAA;Operacional;2008-11-01;2010-04-30;C007-Linha: 7 - Rubi;False;Inativo
6.13.01.1.0.01;ESTAÇÃO ÁGUA BRANCA;ABR;Operacional;2008-11-01;2010-04-30;C007-Linha: 7 - Rubi;False;Inativo
6.13.01.1.0.02;ESTAÇÃO LAPA 7;LPA;Operacional;2008-11-01;2010-04-30;C007-Linha: 7 - Rubi;False;Inativo
6.13.01.1.0.03;ESTAÇÃO PIQUERI;PQR;Operacional;2008-11-01;2010-04-30;C007-Linha: 7 - Rubi;False;Inativo
6.13.01.1.0.04;ESTAÇÃO PIRITUBA;PRT;Operacional;2008-11-01;2010-04-30;C007-Linha: 7 - Rubi;False;Inativo
6.13.01.1.0.05;ESTAÇÃO VILA CLARICE;VCL;Operacional;2008-11-01;2010-04-30;C007-Linha: 7 - Rubi;False;Inativo
6.13.01.1.0.06;ESTAÇÃO JARAGUÁ;JRG;Operacional;2008-11-01;2010-04-30;C007-Linha: 7 - Rubi;False;Inativo
6.13.01.1.0.07;ESTAÇÃO PERUS;PRU;Operacional;2008-11-01;2010-04-30;C007-Linha: 7 - Rubi;False;Inativo
6.13.01.1.0.08;ESTAÇÃO CAIEIRAS;CAI;Operacional;2008-11-01;2010-04-30;C007-Linha: 7 - Rubi;False;Inativo
6.13.01.1.0.09;ESTAÇÃO FRANCO DA ROCHA;FDR;Operacional;2008-11-01;2010-04-30;C007-Linha: 7 - Rubi;False;Inativo
6.13.01.1.0.10;ESTAÇÃO BALTAZAR FIDELIS;BFI;Operacional;2008-11-01;2010-04-30;C007-Linha: 7 - Rubi;False;Inativo
6.13.01.1.0.11;ESTAÇÃO FRANCISCO MORATO;FMO;Operacional;2008-11-01;2010-04-30;C007-Linha: 7 - Rubi;False;Inativo
6.13.01.1.0.12;ESTAÇÃO BOTUJURU;BTJ;Operacional;2008-11-01;2010-04-30;C007-Linha: 7 - Rubi;False;Inativo
6.13.01.1.0.13;ESTAÇÃO CAMPO LIMPO PAULISTA;CLP;Operacional;2008-11-01;2010-04-30;C007-Linha: 7 - Rubi;False;Inativo
6.13.01.1.0.14;ESTAÇÃO VÁRZEA PAULISTA;VLP;Operacional;2008-11-01;2010-04-30;C007-Linha: 7 - Rubi;False;Inativo
6.13.01.1.0.15;ESTAÇÃO JUNDIAÍ;JUN;Operacional;2008-11-01;2010-04-30;C007-Linha: 7 - Rubi;False;Inativo
6.13.02.0.0.00;DEPTO OPERAÇÃO E SERVIÇOS-LINHA10-CHEFIA;DOAD;Operacional;2008-11-01;2010-04-30;C010-Linha: 10 - Turquesa;False;Inativo
6.13.02.1.0.01;ESTAÇÃO LUZ;LUZ;Operacional;2008-11-01;2010-04-30;C010-Linha: 10 - Turquesa;False;Inativo
6.13.02.1.0.02;ESTAÇÃO MOOCA;MOC;Operacional;2008-11-01;2010-04-30;C010-Linha: 10 - Turquesa;False;Inativo
6.13.02.1.0.03;ESTAÇÃO IPIRANGA;IPG;Operacional;2008-11-01;2010-04-30;C010-Linha: 10 - Turquesa;False;Inativo
6.13.02.1.0.04;ESTAÇÃO TAMANDUATEÍ;TMD;Operacional;2008-11-01;2010-04-30;C010-Linha: 10 - Turquesa;False;Inativo
6.13.02.1.0.05;ESTAÇÃO SÃO CAETANO;SCT;Operacional;2008-11-01;2010-04-30;C010-Linha: 10 - Turquesa;False;Inativo
6.13.02.1.0.06;ESTAÇÃO UTINGA;UTG;Operacional;2008-11-01;2010-04-30;C010-Linha: 10 - Turquesa;False;Inativo
6.13.02.1.0.07;ESTAÇÃO PREFEITO SALADINO;PSA;Operacional;2008-11-01;2010-04-30;C010-Linha: 10 - Turquesa;False;Inativo
6.13.02.1.0.08;ESTAÇÃO PREF. CELSO DANIEL-SANTO ANDRÉ;SAN;Operacional;2008-11-01;2010-04-30;C010-Linha: 10 - Turquesa;False;Inativo
6.13.02.1.0.09;ESTAÇÃO CAPUAVA;CPV;Operacional;2008-11-01;2010-04-30;C010-Linha: 10 - Turquesa;False;Inativo
6.13.02.1.0.10;ESTAÇÃO MAUÁ;MAU;Operacional;2008-11-01;2010-04-30;C010-Linha: 10 - Turquesa;False;Inativo
6.13.02.1.0.11;ESTAÇÃO GUAPITUBA;GPT;Operacional;2008-11-01;2010-04-30;C010-Linha: 10 - Turquesa;False;Inativo
6.13.02.1.0.12;ESTAÇÃO RIBEIRÃO PIRES;RPI;Operacional;2008-11-01;2010-04-30;C010-Linha: 10 - Turquesa;False;Inativo
6.13.02.1.0.13;ESTAÇÃO RIO GRANDE DA SERRA;RGS;Operacional;2008-11-01;2010-04-30;C010-Linha: 10 - Turquesa;False;Inativo
6.14.00.0.0.00;GERENCIA DE ESTACOES E SERVICOS-LINHAS 8;GOB;Operacional;2008-11-01;2011-02-28;C035-Linhas: 7/8/9 - Rubi/Diamante/Esmeralda;False;Inativo
6.14.01.0.0.00;DEPTO OPERAÇÃO E SERVIÇOS-LINHA 8-CHEFIA;DOBB;Operacional;2008-11-01;2011-02-28;C008-Linha: 8 - Diamante;False;Inativo
6.14.01.1.0.01;ESTAÇÃO JÚLIO PRESTES;JPR;Operacional;2008-11-01;2011-02-28;C008-Linha: 8 - Diamante;False;Inativo
6.14.01.1.0.02;ESTAÇÃO PALMEIRAS-BARRA FUNDA;BFU;Operacional;2008-11-01;2011-02-28;C008-Linha: 8 - Diamante;False;Inativo
6.14.01.1.0.03;ESTAÇÃO LAPA - 8;LAB;Operacional;2008-11-01;2011-02-28;C008-Linha: 8 - Diamante;False;Inativo
6.14.01.1.0.04;ESTAÇÃO DOMINGOS DE MORAIS;DMO;Operacional;2008-11-01;2011-02-28;C008-Linha: 8 - Diamante;False;Inativo
6.14.01.1.0.05;ESTAÇÃO IMPERATRIZ LEOPOLDINA;ILE;Operacional;2008-11-01;2011-02-28;C008-Linha: 8 - Diamante;False;Inativo
6.14.01.1.0.08;ESTAÇÃO COMANDANTE SAMPAIO;CSA;Operacional;2008-11-01;2011-02-28;C008-Linha: 8 - Diamante;False;Inativo
6.14.01.1.0.09;ESTAÇÃO QUITAUNA;QTU;Operacional;2008-11-01;2011-02-28;C008-Linha: 8 - Diamante;False;Inativo
6.14.01.1.0.10;ESTAÇÃO GENERAL MIGUEL COSTA;GMC;Operacional;2008-11-01;2011-02-28;C008-Linha: 8 - Diamante;False;Inativo
6.14.01.1.0.11;ESTAÇÃO CARAPICUIBA;CPB;Operacional;2008-11-01;2011-02-28;C008-Linha: 8 - Diamante;False;Inativo
6.14.01.1.0.12;ESTAÇÃO SANTA TEREZINHA;STE;Operacional;2008-11-01;2011-02-28;C008-Linha: 8 - Diamante;False;Inativo
6.14.01.1.0.13;ESTAÇÃO ANTONIO JOÃO;AJO;Operacional;2008-11-01;2011-02-28;C008-Linha: 8 - Diamante;False;Inativo
6.14.01.1.0.14;ESTAÇÃO BARUERI;BRU;Operacional;2008-11-01;2011-02-28;C008-Linha: 8 - Diamante;False;Inativo
6.14.01.1.0.15;ESTAÇÃO JARDIM BELVAL;JBE;Operacional;2008-11-01;2011-02-28;C008-Linha: 8 - Diamante;False;Inativo
6.14.01.1.0.16;ESTAÇÃO JARDIM SILVEIRA;JSI;Operacional;2008-11-01;2011-02-28;C008-Linha: 8 - Diamante;False;Inativo
6.14.01.1.0.17;ESTAÇÃO JANDIRA;JDI;Operacional;2008-11-01;2011-02-28;C008-Linha: 8 - Diamante;False;Inativo
6.14.01.1.0.18;ESTAÇÃO SAGRADO CORAÇÃO;SCO;Operacional;2008-11-01;2011-02-28;C008-Linha: 8 - Diamante;False;Inativo
6.14.01.1.0.19;ESTAÇÃO ENG. CARDOSO;ECD;Operacional;2008-11-01;2011-02-28;C008-Linha: 8 - Diamante;False;Inativo
6.14.01.1.0.20;ESTAÇÃO ITAPEVI;IPV;Operacional;2008-11-01;2011-02-28;C008-Linha: 8 - Diamante;False;Inativo
5.13.00.0.0.00;GERENCIA DE ENGENHARIA DE MANUTENÇÃO;GOT;Manutenção;2008-11-01;2011-12-31;C041-Todas as Linhas Operacionais;False;Inativo
5.13.01.0.0.00;DEPTO DE ENG. DE MANUT. DE VIA PERMANENT;DOTV;Manutenção;2008-11-01;2011-12-31;C041-Todas as Linhas Operacionais;False;Inativo
6.11.02.0.0.00;DEPTO DE CIRCULACAO;DOCC;Operacional;2008-11-01;2011-12-31;C041-Todas as Linhas Operacionais;False;Inativo
6.11.03.0.0.00;DEPTO DE ESTRATEGIAS OPERACIONAIS;DOCT;Operacional;2008-11-01;2011-12-31;C041-Todas as Linhas Operacionais;False;Inativo
6.16.00.0.0.00;GERENCIA DE ENGENHARIA DE OPERAÇÃO;GOG;Operacional;2008-11-01;2011-12-31;C071-Custos Indiretos - Operação;False;Inativo
6.16.03.0.0.00;DEPTO DE ENG. DE SISTEMAS OPERAC.-CHEFI;DOGS;Operacional;2008-11-01;2011-12-31;C041-Todas as Linhas Operacionais;False;Inativo
9.01.03.0.0.09;CESSAO SECRET MUNIC PARTIC E PARCERIA;Administrativo;Administrativo;2008-11-01;2011-12-31;C081-Administração;False;Inativo
2.11.00;GER. FINANÇAS E CONTR. ORÇAMENTÁRIO;GFF;Administrativo;2008-11-01;2011-12-31;C081-Administração;False;Inativo
2.11.00.0;GER. FINANÇAS E CONTR. ORÇAMENTÁRIO;GFF;Administrativo;2008-11-01;2011-12-31;C081-Administração;False;Inativo
2.11.00.0.0;GER. FINANÇAS E CONTR. ORÇAMENTÁRIO;GFF;Administrativo;2008-11-01;2011-12-31;C081-Administração;False;Inativo
2.11.01;DEPTO DE CONTRÔLE E ORÇAMENTO;DFFO;Administrativo;2008-11-01;2011-12-31;C081-Administração;False;Inativo
2.11.01.0;DEPTO DE CONTRÔLE E ORÇAMENTO;DFFO;Administrativo;2008-11-01;2011-12-31;C081-Administração;False;Inativo
2.11.01.0.0;DEPTO DE CONTRÔLE E ORÇAMENTO;DFFO;Administrativo;2008-11-01;2011-12-31;C081-Administração;False;Inativo
2.11.02;DEPTO DE FINANÇAS;DFFA;Administrativo;2008-11-01;2011-12-31;C081-Administração;False;Inativo
2.11.02.0;DEPTO DE FINANÇAS;DFFA;Administrativo;2008-11-01;2011-12-31;C081-Administração;False;Inativo
2.11.02.0.0;DEPTO DE FINANÇAS;DFFA;Administrativo;2008-11-01;2011-12-31;C081-Administração;False;Inativo
2.11.02.1;DEPTO DE FINANÇAS - LUZ;DFFA;Administrativo;2008-11-01;2011-12-31;C081-Administração;False;Inativo
2.11.02.1.0;DEPTO DE FINANÇAS - LUZ;DFFA;Administrativo;2008-11-01;2011-12-31;C081-Administração;False;Inativo
2.11.03;DEPARTAMENTO DE CONTABILIDADE;DFFC;Administrativo;2008-11-01;2011-12-31;C081-Administração;False;Inativo
2.11.03.0;DEPARTAMENTO DE CONTABILIDADE;DFFC;Administrativo;2008-11-01;2011-12-31;C081-Administração;False;Inativo
2.11.03.0.0;DEPARTAMENTO DE CONTABILIDADE;DFFC;Administrativo;2008-11-01;2011-12-31;C081-Administração;False;Inativo
2.12;GERÊNCIA DE CONTRATAÇÕES E COMPRAS;GFC;Administrativo;2008-11-01;2011-12-31;C081-Administração;False;Inativo
2.12.00;GERÊNCIA DE CONTRATAÇÕES E COMPRAS;GFC;Administrativo;2008-11-01;2011-12-31;C081-Administração;False;Inativo
2.12.00.0;GERÊNCIA DE CONTRATAÇÕES E COMPRAS;GFC;Administrativo;2008-11-01;2011-12-31;C081-Administração;False;Inativo
2.12.00.0.0;GERÊNCIA DE CONTRATAÇÕES E COMPRAS;GFC;Administrativo;2008-11-01;2011-12-31;C081-Administração;False;Inativo
2.12.01;DEPTO DE CONTRATAÇÕES;DFCT;Administrativo;2008-11-01;2011-12-31;C081-Administração;False;Inativo
2.12.01.0;DEPTO DE CONTRATAÇÕES;DFCT;Administrativo;2008-11-01;2011-12-31;C081-Administração;False;Inativo
2.12.01.0.0;DEPTO DE CONTRATAÇÕES;DFCT;Administrativo;2008-11-01;2011-12-31;C081-Administração;False;Inativo
2.12.02;DEPTO DE COMPRAS;DFCP;Administrativo;2008-11-01;2011-12-31;C081-Administração;False;Inativo
2.12.02.0;DEPTO DE COMPRAS;DFCP;Administrativo;2008-11-01;2011-12-31;C081-Administração;False;Inativo
2.12.02.0.0;DEPTO DE COMPRAS;DFCP;Administrativo;2008-11-01;2011-12-31;C081-Administração;False;Inativo
2.13;GERÊNCIA DE ADM. DO PATRIMÔNIO;GFP;Administrativo;2008-11-01;2011-12-31;C081-Administração;False;Inativo
2.13.00;GERÊNCIA DE ADM. DO PATRIMÔNIO;GFP;Administrativo;2008-11-01;2011-12-31;C081-Administração;False;Inativo
2.13.00.0;GERÊNCIA DE ADM. DO PATRIMÔNIO;GFP;Administrativo;2008-11-01;2011-12-31;C081-Administração;False;Inativo
2.13.00.0.0;GERÊNCIA DE ADM. DO PATRIMÔNIO;GFP;Administrativo;2008-11-01;2011-12-31;C081-Administração;False;Inativo
2.13.01;DEPTO DE PATRIMÔNIO;DFPP;Administrativo;2008-11-01;2011-02-28;C081-Administração;False;Inativo
2.13.01.0;DEPTO DE PATRIMÔNIO;DFPP;Administrativo;2008-11-01;2011-02-28;C081-Administração;False;Inativo
2.13.01.0.0;DEPTO DE PATRIMÔNIO;DFPP;Administrativo;2008-11-01;2011-02-28;C081-Administração;False;Inativo
2.13.02;DEPTO DE ADM DE MATERIAIS;DFPM;Administrativo;2008-11-01;2011-12-31;C081-Administração;False;Inativo
2.13.02.0;DEPTO DE ADM DE MATERIAIS;DFPM;Administrativo;2008-11-01;2011-12-31;C081-Administração;False;Inativo
2.13.02.0.0;DEPTO DE ADM DE MATERIAIS;DFPM;Administrativo;2008-11-01;2011-12-31;C081-Administração;False;Inativo
2.14;GERÊNCIA DE TECNOLOGIA DA INFORMAÇÃO;GFI;Administrativo;2008-11-01;2011-12-31;C081-Administração;False;Inativo
2.14.00;GERÊNCIA DE TECNOLOGIA DA INFORMAÇÃO;GFI;Administrativo;2008-11-01;2011-12-31;C081-Administração;False;Inativo
2.14.00.0;GERÊNCIA DE TECNOLOGIA DA INFORMAÇÃO;GFI;Administrativo;2008-11-01;2011-12-31;C081-Administração;False;Inativo
2.14.00.0.0;GERÊNCIA DE TECNOLOGIA DA INFORMAÇÃO;GFI;Administrativo;2008-11-01;2011-12-31;C081-Administração;False;Inativo
3.00;DIRETORIA DE PLANEJAM. E NOVOS NEGÓCIOS;DP;Administrativo;2012-01-01;;C081-Administração;True;Ativo
3.00.00;DIRETORIA DE PLANEJAMENTO;DP;Administrativo;2008-11-01;2011-12-31;C081-Administração;False;Inativo
3.00.00.0;DIRETORIA DE PLANEJAMENTO;DP;Administrativo;2008-11-01;2011-12-31;C081-Administração;False;Inativo
5.00.05.0;DEPTO DE PLANEJ CONTROLE E GESTÃO-CHEFIA;DOPC;Operacional;2008-11-01;2011-12-31;C071-Custos Indiretos - Operação;False;Inativo
5.00.05.0.0;DEPTO DE PLANEJ CONTROLE E GESTÃO-CHEFIA;DOPC;Operacional;2008-11-01;2011-12-31;C071-Custos Indiretos - Operação;False;Inativo
5.00.05.1;DEPTO DE PLANEJ CONTROLE E GESTÃO-EQUIPE;DOPC;Operacional;2008-11-01;2011-12-31;C071-Custos Indiretos - Operação;False;Inativo
5.00.05.1.0;DEPTO DE PLANEJ CONTROLE E GESTÃO-EQUIPE;DOPC;Operacional;2008-11-01;2011-12-31;C071-Custos Indiretos - Operação;False;Inativo
5.00.06;ASSESSORIA TÉCNICO-DO;DO;Operacional;2008-11-01;2011-12-31;C071-Custos Indiretos - Operação;False;Inativo
5.00.06.0;ASSESSORIA TÉCNICO-DO;DO;Operacional;2008-11-01;2011-12-31;C071-Custos Indiretos - Operação;False;Inativo
5.00.06.0.0;ASSESSORIA TÉCNICO-DO;DO;Operacional;2008-11-01;2011-12-31;C071-Custos Indiretos - Operação;False;Inativo
5.10;GERÊNCIA GERAL DE MANUTENÇÃO;GOM;Manutenção;2008-11-01;2011-12-31;C071-Custos Indiretos - Operação;False;Inativo
5.10.00;GERÊNCIA GERAL DE MANUTENÇÃO;GOM;Manutenção;2008-11-01;2011-12-31;C071-Custos Indiretos - Operação;False;Inativo
5.10.00.0;GERÊNCIA GERAL DE MANUTENÇÃO;GOM;Manutenção;2008-11-01;2011-12-31;C071-Custos Indiretos - Operação;False;Inativo
5.10.00.0.0;GERÊNCIA GERAL DE MANUTENÇÃO;GOM;Manutenção;2008-11-01;2011-12-31;C071-Custos Indiretos - Operação;False;Inativo
5.10.00.1;GESTÃO AMBIENTAL;GOM;Manutenção;2008-11-01;2011-12-31;C071-Custos Indiretos - Operação;False;Inativo
5.10.00.1.0;GESTÃO AMBIENTAL;GOM;Manutenção;2008-11-01;2011-12-31;C071-Custos Indiretos - Operação;False;Inativo
2.00.00.0.0.00;DIRETORIA ADMINISTRATIVA E FINANCEIRA;DF;Administrativo;2008-11-01;2011-12-31;C081-Administração;False;Inativo
2.11.00.0.0.00;GER. FINANÇAS E CONTR. ORÇAMENTÁRIO;GFF;Administrativo;2008-11-01;2011-12-31;C081-Administração;False;Inativo
2.11.01.0.0.00;DEPTO DE CONTRÔLE E ORÇAMENTO;DFFO;Administrativo;2008-11-01;2011-12-31;C081-Administração;False;Inativo
2.11.02.0.0.00;DEPTO DE FINANÇAS;DFFA;Administrativo;2008-11-01;2011-12-31;C081-Administração;False;Inativo
2.11.02.1.0.00;DEPTO DE FINANÇAS - LUZ;DFFA;Administrativo;2008-11-01;2011-12-31;C082-DFFA-Arrecadação;False;Inativo
2.11.03.0.0.00;DEPARTAMENTO DE CONTABILIDADE;DFFC;Administrativo;2008-11-01;2011-12-31;C081-Administração;False;Inativo
2.12.00.0.0.00;GERÊNCIA DE CONTRATAÇÕES E COMPRAS;GFC;Administrativo;2008-11-01;2011-12-31;C081-Administração;False;Inativo
2.12.01.0.0.00;DEPTO DE CONTRATAÇÕES;DFCT;Administrativo;2008-11-01;2011-12-31;C081-Administração;False;Inativo
2.12.02.0.0.00;DEPTO DE COMPRAS;DFCP;Administrativo;2008-11-01;2011-12-31;C081-Administração;False;Inativo
2.13.00.0.0.00;GERÊNCIA DE ADM. DO PATRIMÔNIO;GFP;Administrativo;2008-11-01;2011-02-28;C081-Administração;False;Inativo
2.13.01.0.0.00;DEPTO DE PATRIMÔNIO;DFPP;Administrativo;2008-11-01;2011-02-28;C081-Administração;False;Inativo
2.13.02.0.0.00;DEPTO DE ADM DE MATERIAIS;DFPM;Administrativo;2008-11-01;2011-02-28;C081-Administração;False;Inativo
2.14.00.0.0.00;GERÊNCIA DE TECNOLOGIA DA INFORMAÇÃO;GFI;Administrativo;2008-11-01;2011-12-31;C081-Administração;False;Inativo
3.00.00.0.0.00;DIRETORIA DE PLANEJAMENTO;DP;Administrativo;2008-11-01;2011-12-31;C081-Administração;False;Inativo
3.11.00.0.0.00;GERÊNCIA DE PLANEJAMENTO DE TRANSPORTE;GPT;Administrativo;2008-11-01;2011-12-31;C081-Administração;False;Inativo
3.12.00.0.0.00;GERÊNCIA PROJ FUNC E INTEGR TRANSPORTE;GPI;Administrativo;2008-11-01;2011-01-31;C081-Administração;False;Inativo
4.00.00.0.0.00;DIRETORIA DE ENGENHARIA E OBRAS;DE;Administrativo;2008-11-01;2011-12-31;C081-Administração;False;Inativo
4.11.00.0.0.00;GERÊNCIA DE OBRAS E MONTAGENS;GEO;Administrativo;2008-11-01;2010-04-30;C081-Administração;False;Inativo
4.11.00.1.0.00;GERENCIA DE PROJ. E IMPLANTAÇÃO DE INFRA;GEP;Administrativo;2008-11-01;2008-12-31;C081-Administração;False;Inativo
4.12.00.0.0.00;GERÊNCIA DE COORDENAÇÃO;GEC;Administrativo;2008-11-01;2011-12-31;C081-Administração;False;Inativo
4.13.00.0.0.00;GERENCIA DE PROJETOS E MONTAGENS DE SIST;GES;Administrativo;2008-11-01;2011-12-31;C081-Administração;False;Inativo
4.13.00.1.0.00;GES-ENGENHARIA DE INFRA-ESTRUTURA;GES;Administrativo;2008-11-01;2011-12-31;C081-Administração;False;Inativo
4.13.00.2.0.00;GES-ENGENHARIA DE SISTEMAS;GES;Administrativo;2008-11-01;2011-12-31;C081-Administração;False;Inativo
5.00.00.0.0.00;DIRETORIA DE OPERAÇÃO E MANUTENÇÃO;DO;Operacional;2008-11-01;2011-12-31;C072-Custos Indiretos - Diretoria de Operação;False;Inativo
5.00.04.0.0.00;ASSESSORIA DE GESTÃO E PLANEJAMENTO OPER;AOG;Operacional;2008-11-01;2011-02-28;C071-Custos Indiretos - Operação;False;Inativo
5.00.05.0.0.00;DEPTO DE PLANEJ CONTROLE E GESTÃO-CHEFIA;DOPC;Operacional;2008-11-01;2011-12-31;C072-Custos Indiretos - Diretoria de Operação;False;Inativo
5.00.05.1.0.00;DEPTO DE PLANEJ CONTROLE E GESTÃO-EQUIPE;DOPC;Operacional;2008-11-01;2011-12-31;C072-Custos Indiretos - Diretoria de Operação;False;Inativo
5.00.06.0.0.00;ASSESSORIA TÉCNICA-DO;DO;Operacional;2008-11-01;2011-12-31;C072-Custos Indiretos - Diretoria de Operação;False;Inativo
5.10.00.0.0.00;GERÊNCIA GERAL DE MANUTENÇÃO;GOM;Manutenção;2008-11-01;2011-12-31;C041-Todas as Linhas Operacionais;False;Inativo
5.10.00.1.0.00;GESTÃO AMBIENTAL;GOM;Operacional;2008-11-01;2011-12-31;C041-Todas as Linhas Operacionais;False;Inativo
5.11.00.0.0.00;GERÊNCIA DE MANUT DE INSTALAÇÕES FIXAS;GOF;Manutenção;2008-11-01;2011-12-31;C041-Todas as Linhas Operacionais;False;Inativo
5.11.00.0.0.98;PEAD/COPESE;GOF;Manutenção;2008-11-01;2011-12-31;C041-Todas as Linhas Operacionais;False;Inativo
5.11.00.0.0.99;CONVÊNIO METRO / CPTM - MANUTENÇÃO;PT-M;Manutenção;2008-11-01;2011-12-31;C011-Linha: 11 - Coral;False;Inativo
5.11.01.0.0.00;DEPTO DE MECANIZ. VIA PERMANENTE-CHEFIA;DOFM;Manutenção;2008-11-01;2011-12-31;C041-Todas as Linhas Operacionais;False;Inativo
5.11.01.2.0.00;OFICINA DE MÁQ. DE VIA PERMANENTE - LAPA;DOFM;Manutenção;2008-11-01;2011-12-31;C041-Todas as Linhas Operacionais;False;Inativo
5.11.02.0.0.00;GRUPO TÉCNICO PROG E CONTROLE INSTALACOE;GOF;Manutenção;2008-11-01;2011-12-31;C041-Todas as Linhas Operacionais;False;Inativo
5.11.04.0.0.00;DEPTO MANUT.OBRAS ARTE,EDIF. EQ.-CHEFIA;DOFO;Manutenção;2008-11-01;2011-12-31;C041-Todas as Linhas Operacionais;False;Inativo
5.11.04.1.1.00;OFICINAS GERAIS - LAPA;DOFO;Manutenção;2008-11-01;2011-12-31;C041-Todas as Linhas Operacionais;False;Inativo
5.11.04.1.2.00;OFICINAS GERAIS - PRESIDENTE ALTINO;DOFO;Manutenção;2008-11-01;2011-12-31;C041-Todas as Linhas Operacionais;False;Inativo
5.11.04.2.1.00;MANUTENÇÃO CIVIL - LAPA- LINHAS 7/10;DOFO;Manutenção;2008-11-01;2011-12-31;C031-Linhas: 7/10 - Rubi/Turquesa;False;Inativo
5.11.04.2.2.00;MANUTENÇÃO CIVIL - PRES.ALTINO - L. 8/9;DOFO;Manutenção;2008-11-01;2011-12-31;C032-Linhas: 8/9 - Diamante/Esmeralda;False;Inativo
5.11.05.0.0.00;DEPTO DE MANUT. VIA PERMANENTE-CHEFIA;DOFV;Manutenção;2008-11-01;2011-12-31;C041-Todas as Linhas Operacionais;False;Inativo
5.11.05.1.1.00;MANUT - VIA PERMANENTE - LINHA 7;DOFV;Manutenção;2008-11-01;2011-12-31;C007-Linha: 7 - Rubi;False;Inativo
5.11.05.1.2.00;MANUT. - VIA PERMANENTE - LINHA 10;DOFV;Manutenção;2008-11-01;2011-12-31;C010-Linha: 10 - Turquesa;False;Inativo
5.11.05.1.3.10;MANUT - VIA PERMANENTE - LINHA 7/10;DOFV;Manutenção;2008-11-01;2011-12-31;C031-Linhas: 7/10 - Rubi/Turquesa;False;Inativo
5.11.05.1.3.20;MANUT - VIA PERMAN.-OFICINA DE SOLDA;DOFV;Manutenção;2008-11-01;2011-12-31;C041-Todas as Linhas Operacionais;False;Inativo
5.11.05.1.4.00;MANUT. - VIA PERMANENTE - LINHA 8;DOFV;Manutenção;2008-11-01;2011-12-31;C008-Linha: 8 - Diamante;False;Inativo
5.11.05.1.5.00;MANUT. - VIA PERMANENTE - LINHA 9;DOFV;Manutenção;2008-11-01;2011-12-31;C009-Linha: 9 - Esmeralda;False;Inativo
5.11.05.1.6.00;MANUT. - VIA PERMANENTE - LINHA 8/9;DOFV;Manutenção;2008-11-01;2011-12-31;C032-Linhas: 8/9 - Diamante/Esmeralda;False;Inativo
5.11.05.1.7.00;MANUTENÇÃO - VIA PERMANENTE-LINHA 11;DOFV;Manutenção;2008-11-01;2011-12-31;C011-Linha: 11 - Coral;False;Inativo
5.11.05.1.8.00;MANUT. - VIA PERMANENTE-LINHA 12;DOFV;Manutenção;2008-11-01;2011-12-31;C012-Linha: 12 - Safira;False;Inativo
5.11.05.1.9.00;MANUT. - VIA PERMANENTE-LINHA 11/12;DOFV;Manutenção;2008-11-01;2011-12-31;C033-Linhas: 11/12 - Coral/Safira;False;Inativo
5.11.05.2.2.00;OFICINA SOLDA VIA PERMANENTE - PIRITUBA;DOFV;Manutenção;2008-11-01;2009-01-31;C041-Todas as Linhas Operacionais;False;Inativo
5.11.05.2.3.00;OFICINA PROD.COMPON.-VIA PERMAN. - LAPA;DOFV;Manutenção;2008-11-01;2009-01-31;C041-Todas as Linhas Operacionais;False;Inativo
5.11.06.0.0.00;DEPTO DE MANUT SIST ENERGIA-CHEFIA;DOFE;Manutenção;2008-11-01;2011-12-31;C056-Todas as Linhas Operacionais - Sistema de Energia;False;Inativo
5.11.06.1.0.10;EQUIPE - SIST ENERGIA - 7 / 10 - CHEFIA;DOFE;Manutenção;2008-11-01;2011-12-31;C051-Linhas: 7/10 - Sistema de Energia;False;Inativo
5.11.06.1.1.10;REDE AÉREA - LINHA 7 / 10;DOFE;Manutenção;2008-11-01;2011-12-31;C051-Linhas: 7/10 - Sistema de Energia;False;Inativo
5.11.06.1.2.10;DISTRIBUIÇÃO - LINHAS 7 / 10;DOFE;Manutenção;2008-11-01;2011-12-31;C051-Linhas: 7/10 - Sistema de Energia;False;Inativo
5.11.06.1.3.11;SUBESTAÇÕES - LINHA 7;DOFE;Manutenção;2008-11-01;2011-12-31;C007-Linha: 7 - Rubi;False;Inativo
5.11.06.1.3.12;SUBESTAÇÕES - LINHA 10;DOFE;Manutenção;2008-11-01;2011-12-31;C010-Linha: 10 - Turquesa;False;Inativo
5.11.06.2.0.20;EQUIPE - SIST ENERGIA - 8 / 9 - CHEFIA;DOFE;Manutenção;2008-11-01;2011-12-31;C052-Linhas: 8/9 - Sistema de Energia;False;Inativo
5.11.06.2.1.20;REDE AÉREA - LINHAS 8 / 9;DOFE;Manutenção;2008-11-01;2011-12-31;C052-Linhas: 8/9 - Sistema de Energia;False;Inativo
5.11.06.2.2.20;DISTRIBUIÇÃO - LINHAS 8 / 9;DOFE;Manutenção;2008-11-01;2011-12-31;C052-Linhas: 8/9 - Sistema de Energia;False;Inativo
5.11.06.2.3.20;SUBESTAÇÕES - LINHAS 8 / 9;DOFE;Manutenção;2008-11-01;2011-12-31;C052-Linhas: 8/9 - Sistema de Energia;False;Inativo
5.11.06.3.0.30;EQUIPE - SIST ENERGIA - 11 / 12 - CHEFIA;DOFE;Manutenção;2008-11-01;2011-12-31;C053-Linhas: 11/12 - Sistema de Energia;False;Inativo
5.11.06.3.1.30;REDE AÉREA - LINHAS 11 / 12;DOFE;Manutenção;2008-11-01;2011-12-31;C053-Linhas: 11/12 - Sistema de Energia;False;Inativo
5.11.06.3.2.30;DISTRIBUIÇÃO - LINHAS 11 / 12;DOFE;Manutenção;2008-11-01;2011-12-31;C053-Linhas: 11/12 - Sistema de Energia;False;Inativo
5.11.06.3.3.30;SUBESTAÇÕES - LINHAS 11 / 12;DOFE;Manutenção;2008-11-01;2011-12-31;C053-Linhas: 11/12 - Sistema de Energia;False;Inativo
5.11.06.3.3.31;SUBESTAÇÕES - LINHA 11;DOFE;Manutenção;2008-11-01;2011-12-31;C011-Linha: 11 - Coral;False;Inativo
5.11.06.3.3.32;SUBESTAÇÕES - LINHA 12;DOFE;Manutenção;2008-11-01;2011-12-31;C012-Linha: 12 - Safira;False;Inativo
5.11.06.4.0.00;CENTRO DE INFORMAÇÃO E MANUTENCAO-EQUIP;DOFE;Manutenção;2008-11-01;2009-11-30;C041-Todas as Linhas Operacionais;False;Inativo
5.11.06.4.1.10;CENTRO DE INFORMACAO E MANUTENCAO-LINHAS;DOFE;Manutenção;2008-11-01;2009-11-30;C031-Linhas: 7/10 - Rubi/Turquesa;False;Inativo
5.11.06.4.1.20;CENTRO DE INFORMACAO E MANUTENCAO-LINHAS;DOFE;Manutenção;2008-11-01;2009-11-30;C032-Linhas: 8/9 - Diamante/Esmeralda;False;Inativo
5.11.06.4.1.30;CENTRO DE INFORMACAO E MANUTENCAO-LINHAS;DOFE;Manutenção;2008-11-01;2009-11-30;C033-Linhas: 11/12 - Coral/Safira;False;Inativo
5.11.07.0.0.00;DEPTO DE MANUT SINALIZ TELEC- CHEFIA;DOFS;Manutenção;2008-11-01;2011-12-31;C041-Todas as Linhas Operacionais;False;Inativo
5.11.07.1.0.10;EQUIPE - SINALIZ TELEC - 7/10 - CHEFIA;DOFS;Manutenção;2008-11-01;2011-12-31;C031-Linhas: 7/10 - Rubi/Turquesa;False;Inativo
5.11.07.1.1.10;SINALIZAÇÃO - LINHAS 7/10;DOFS;Manutenção;2008-11-01;2011-12-31;C031-Linhas: 7/10 - Rubi/Turquesa;False;Inativo
5.11.07.1.1.11;SINALIZAÇÃO - LINHA 7;DOFS;Manutenção;2008-11-01;2011-12-31;C007-Linha: 7 - Rubi;False;Inativo
5.11.07.1.1.12;SINALIZAÇÃO - LINHA 10;DOFS;Manutenção;2008-11-01;2011-12-31;C010-Linha: 10 - Turquesa;False;Inativo
5.11.07.1.2.11;TELECOMUNICAÇÃO - LINHA 7;DOFS;Manutenção;2008-11-01;2011-12-31;C007-Linha: 7 - Rubi;False;Inativo
5.11.07.1.2.12;TELECOMUNICAÇÃO - LINHA 10;DOFS;Manutenção;2008-11-01;2011-12-31;C010-Linha: 10 - Turquesa;False;Inativo
5.11.07.1.2.20;TELECOMUNICAÇÃO - L. 7/8/9/10/11/12;DOFS;Manutenção;2008-11-01;2011-12-31;C041-Todas as Linhas Operacionais;False;Inativo
5.11.07.2.0.20;EQUIPE - SINALIZ TELEC - 8 / 9 - CHEFIA;DOFS;Manutenção;2008-11-01;2011-12-31;C032-Linhas: 8/9 - Diamante/Esmeralda;False;Inativo
5.11.07.2.1.20;SINALIZAÇÃO - LINHAS 8 / 9;DOFS;Manutenção;2008-11-01;2011-12-31;C032-Linhas: 8/9 - Diamante/Esmeralda;False;Inativo
9.01.03.0.0.50;CÂMARA MUNICIPAL DE SANTO ANDRÉ;Administrativo;Administrativo;2008-11-01;2011-12-31;C081-Administração;False;Inativo
9.01.04.0.0.01;SIND. TRAB. EMPR. FERROV. S.P. - STEFSP;Administrativo;Administrativo;2008-11-01;2011-12-31;C081-Administração;False;Inativo
9.01.04.0.0.02;SIND. TRAB. EMPR. FERROV. Z. SOROCABANA;Administrativo;Administrativo;2008-11-01;2011-12-31;C081-Administração;False;Inativo
9.01.04.0.0.03;SIND.TRAB.EMPR.FERR.ZONA CENTRAL BRASIL;Administrativo;Administrativo;2008-11-01;2011-12-31;C081-Administração;False;Inativo
9.01.05.0.0.01;LICENÇA SEM VENCIMENTOS;Administrativo;Administrativo;2008-11-01;2011-12-31;C081-Administração;False;Inativo
9.01.05.0.0.52;ENCONTRO DE CONTAS - ADMINISTRAÇÃO;Administrativo;Administrativo;2008-11-01;2011-12-31;C081-Administração;False;Inativo
9.01.05.0.0.53;REFER - DIFERENCIAL DE ALÍQUOTA;Administrativo;Administrativo;2008-11-01;2011-12-31;C081-Administração;False;Inativo
9.01.05.0.0.54;MRS LOGÍSTICA S/A-ADMINISTRAÇÃO;Administrativo;Administrativo;2008-11-01;2011-12-31;C081-Administração;False;Inativo
9.01.05.0.0.55;MRS LOGÍSTICA S/A-OPERAÇÃO;Operacional;Operacional;2008-11-01;2011-12-31;C071-Custos Indiretos - Operação;False;Inativo
9.02.00.0.0.01;ENERGIA ELÉTRICA DE TRAÇÃO - LINHA A;Operacional;Operacional;2008-11-01;2011-12-31;C007-Linha: 7 - Rubi;False;Inativo
9.02.00.0.0.02;ENERGIA ELÉTRICA DE TRAÇÃO - LINHA B;Operacional;Operacional;2008-11-01;2011-12-31;C008-Linha: 8 - Diamante;False;Inativo
9.02.00.0.0.03;ENERGIA ELÉTRICA DE TRAÇÃO - LINHA C;Operacional;Operacional;2008-11-01;2011-12-31;C009-Linha: 9 - Esmeralda;False;Inativo
9.02.00.0.0.04;ENERGIA ELÉTRICA DE TRAÇÃO - LINHA D;Operacional;Operacional;2008-11-01;2011-12-31;C010-Linha: 10 - Turquesa;False;Inativo
9.02.00.0.0.05;ENERGIA ELÉTRICA DE TRAÇÃO - LINHA E;Operacional;Operacional;2008-11-01;2011-12-31;C011-Linha: 11 - Coral;False;Inativo
9.02.00.0.0.06;ENERGIA ELÉTRICA DE TRAÇÃO - LINHA F;Operacional;Operacional;2008-11-01;2011-12-31;C012-Linha: 12 - Safira;False;Inativo
9.03.00.0.0.01;DEPRECIAÇÃO - DF;Administrativo;Administrativo;2008-11-01;2011-12-31;C081-Administração;False;Inativo
9.03.00.0.0.02;DEPRECIAÇÃO - DE;Administrativo;Administrativo;2008-11-01;2011-12-31;C081-Administração;False;Inativo
9.03.00.0.0.03;DEPRECIAÇÃO - DP;Administrativo;Administrativo;2008-11-01;2011-12-31;C081-Administração;False;Inativo
9.03.00.0.0.04;DEPRECIAÇÃO - PR;Administrativo;Administrativo;2008-11-01;2011-12-31;C081-Administração;False;Inativo
9.03.02.0.0.01;DEPRECIAÇÃO - EDIF. DEPEND. - LINHA A;Manutenção;Manutenção;2008-11-01;2011-12-31;C007-Linha: 7 - Rubi;False;Inativo
9.03.02.0.0.02;DEPRECIAÇÃO - EDIF. DEPEND. - LINHA B;Manutenção;Manutenção;2008-11-01;2011-12-31;C008-Linha: 8 - Diamante;False;Inativo
9.03.02.0.0.03;DEPRECIAÇÃO - EDIF. DEPEND. - LINHA C;Manutenção;Manutenção;2008-11-01;2011-12-31;C009-Linha: 9 - Esmeralda;False;Inativo
9.03.02.0.0.04;DEPRECIAÇÃO - EDIF. DEPEND. - LINHA D;Manutenção;Manutenção;2008-11-01;2011-12-31;C010-Linha: 10 - Turquesa;False;Inativo
9.03.02.0.0.05;DEPRECIAÇÃO - EDIF. DEPEND. - LINHA E;Manutenção;Manutenção;2008-11-01;2011-12-31;C011-Linha: 11 - Coral;False;Inativo
9.03.02.0.0.06;DEPRECIAÇÃO - EDIF. DEPEND. - LINHA F;Manutenção;Manutenção;2008-11-01;2011-12-31;C012-Linha: 12 - Safira;False;Inativo
9.03.03.0.0.01;DEPRECIAÇÃO - EQUIP. MÁQ. FERRAM. - A;Manutenção;Manutenção;2008-11-01;2011-12-31;C007-Linha: 7 - Rubi;False;Inativo
9.03.03.0.0.02;DEPRECIAÇÃO - EQUIP. MÁQ. FERRAM. - B;Manutenção;Manutenção;2008-11-01;2011-12-31;C008-Linha: 8 - Diamante;False;Inativo
9.03.03.0.0.03;DEPRECIAÇÃO - EQUIP. MÁQ. FERRAM. - C;Manutenção;Manutenção;2008-11-01;2011-12-31;C009-Linha: 9 - Esmeralda;False;Inativo
9.03.03.0.0.04;DEPRECIAÇÃO - EQUIP. MÁQ. FERRAM. - D;Manutenção;Manutenção;2008-11-01;2011-12-31;C010-Linha: 10 - Turquesa;False;Inativo
9.03.03.0.0.05;DEPRECIAÇÃO - EQUIP. MÁQ. FERRAM. - E;Manutenção;Manutenção;2008-11-01;2011-12-31;C011-Linha: 11 - Coral;False;Inativo
9.03.03.0.0.06;DEPRECIAÇÃO - EQUIP. MÁQ. FERRAM. - F;Manutenção;Manutenção;2008-11-01;2011-12-31;C012-Linha: 12 - Safira;False;Inativo
9.03.04.0.0.01;DEPRECIAÇÃO - ESTAÇÕES - LINHA A;Operacional;Operacional;2008-11-01;2011-12-31;C007-Linha: 7 - Rubi;False;Inativo
9.03.04.0.0.02;DEPRECIAÇÃO - ESTAÇÕES - LINHA B;Operacional;Operacional;2008-11-01;2011-12-31;C008-Linha: 8 - Diamante;False;Inativo
9.03.04.0.0.03;DEPRECIAÇÃO - ESTAÇÕES - LINHA C;Operacional;Operacional;2008-11-01;2011-12-31;C009-Linha: 9 - Esmeralda;False;Inativo
9.03.04.0.0.04;DEPRECIAÇÃO - ESTAÇÕES - LINHA D;Operacional;Operacional;2008-11-01;2011-12-31;C010-Linha: 10 - Turquesa;False;Inativo
9.03.04.0.0.05;DEPRECIAÇÃO - ESTAÇÕES - LINHA E;Operacional;Operacional;2008-11-01;2011-12-31;C011-Linha: 11 - Coral;False;Inativo
9.03.04.0.0.06;DEPRECIAÇÃO - ESTAÇÕES - LINHA F;Operacional;Operacional;2008-11-01;2011-12-31;C012-Linha: 12 - Safira;False;Inativo
9.03.05.0.0.01;DEPRECIAÇÃO - SIST. ELÉTR. ELETRÔN. - A;Manutenção;Manutenção;2008-11-01;2011-12-31;C007-Linha: 7 - Rubi;False;Inativo
9.03.05.0.0.02;DEPRECIAÇÃO - SIST. ELÉTR. ELETRÔN. - B;Manutenção;Manutenção;2008-11-01;2011-12-31;C008-Linha: 8 - Diamante;False;Inativo
9.03.05.0.0.03;DEPRECIAÇÃO - SIST. ELÉTR. ELETRÔN. - C;Manutenção;Manutenção;2008-11-01;2011-12-31;C009-Linha: 9 - Esmeralda;False;Inativo
9.03.05.0.0.04;DEPRECIAÇÃO - SIST. ELÉTR. ELETRÔN. - D;Manutenção;Manutenção;2008-11-01;2011-12-31;C010-Linha: 10 - Turquesa;False;Inativo
6.11.02.0.0;DEPTO DE CIRCULACAO;DOCC;Operacional;2008-11-01;2011-12-31;C041-Todas as Linhas Operacionais;False;Inativo
6.11.02.1;EQUIPE TRAÇÃO - LINHAS 7 / 10;DOCC;Operacional;2008-11-01;2011-12-31;C031-Linhas: 7/10 - Rubi/Turquesa;False;Inativo
6.11.02.1.1;EQUIPE TRAÇÃO - LINHAS 7 / 10;DOCC;Operacional;2008-11-01;2011-12-31;C031-Linhas: 7/10 - Rubi/Turquesa;False;Inativo
6.11.02.1.2;MOVIMENTO DE TRENS - LINHAS 7 / 10;DOCC;Operacional;2008-11-01;2011-12-31;C031-Linhas: 7/10 - Rubi/Turquesa;False;Inativo
6.11.02.1.3;LAVADOR CARROS BARRA FUNDA-LINHAS 7 / 10;DOCC;Operacional;2008-11-01;2011-12-31;C031-Linhas: 7/10 - Rubi/Turquesa;False;Inativo
6.11.02.2;EQUIPE TRAÇÃO - LINHAS 8 / 9;DOCC;Operacional;2008-11-01;2011-12-31;C032-Linhas: 8/9 - Diamante/Esmeralda;False;Inativo
6.11.02.2.1;EQUIPE TRAÇÃO - LINHAS 8 / 9;DOCC;Operacional;2008-11-01;2011-12-31;C032-Linhas: 8/9 - Diamante/Esmeralda;False;Inativo
6.11.02.2.2;MOVIMENTO DE TRENS - LINHAS 8 / 9;DOCC;Operacional;2008-11-01;2011-12-31;C032-Linhas: 8/9 - Diamante/Esmeralda;False;Inativo
6.11.02.2.3;LAVADOR DE CARROS-P.ALTINO-LINHAS 8 / 9;DOCC;Operacional;2008-11-01;2011-12-31;C032-Linhas: 8/9 - Diamante/Esmeralda;False;Inativo
6.11.02.3;EQUIPE TRAÇÃO - LINHAS 11 / 12;DOCC;Operacional;2008-11-01;2011-12-31;C033-Linhas: 11/12 - Coral/Safira;False;Inativo
6.11.02.3.1;EQUIPE TRAÇÃO - LINHAS 11 / 12;DOCC;Operacional;2008-11-01;2011-12-31;C033-Linhas: 11/12 - Coral/Safira;False;Inativo
6.11.02.3.2;MOVIMENTO DE TRENS - LINHAS 11 / 12;DOCC;Operacional;2008-11-01;2011-12-31;C033-Linhas: 11/12 - Coral/Safira;False;Inativo
6.11.02.3.3;LAVADOR CARROS-JUNDIAPEBA-LINHAS 11 / 12;DOCC;Operacional;2008-11-01;2011-12-31;C033-Linhas: 11/12 - Coral/Safira;False;Inativo
6.11.03;DEPTO DE ESTRATEGIAS OPERACIONAIS;DOCT;Operacional;2008-11-01;2011-12-31;C041-Todas as Linhas Operacionais;False;Inativo
6.11.03.0;DEPTO DE ESTRATEGIAS OPERACIONAIS;DOCT;Operacional;2008-11-01;2011-12-31;C041-Todas as Linhas Operacionais;False;Inativo
6.11.03.0.0;DEPTO DE ESTRATEGIAS OPERACIONAIS;DOCT;Operacional;2008-11-01;2011-12-31;C041-Todas as Linhas Operacionais;False;Inativo
6.11.03.1;CONTR E GESTAO DE ENERGIA ELETRICA-EQUIP;DOCT;Operacional;2008-11-01;2011-12-31;C041-Todas as Linhas Operacionais;False;Inativo
6.11.03.1.0;CONTR E GESTAO DE ENERGIA ELETRICA-EQUIP;DOCT;Operacional;2008-11-01;2011-12-31;C041-Todas as Linhas Operacionais;False;Inativo
6.12;GERÊNCIA DE SEGURANÇA;GOS;Operacional;2008-11-01;2011-12-31;C071-Custos Indiretos - Operação;False;Inativo
6.12.00;GERÊNCIA DE SEGURANÇA;GOS;Operacional;2008-11-01;2011-12-31;C071-Custos Indiretos - Operação;False;Inativo
6.12.00.0;GERÊNCIA DE SEGURANÇA;GOS;Operacional;2008-11-01;2011-12-31;C071-Custos Indiretos - Operação;False;Inativo
6.12.00.0.0;GERÊNCIA DE SEGURANÇA;GOS;Operacional;2008-11-01;2011-12-31;C071-Custos Indiretos - Operação;False;Inativo
6.12.01;DEPTO DE EFETIVO E LOGÍSTICA;DOSE;Operacional;2008-11-01;2011-12-31;C041-Todas as Linhas Operacionais;False;Inativo
6.12.01.0;DEPTO DE EFETIVO E LOGÍSTICA;DOSE;Operacional;2008-11-01;2011-12-31;C041-Todas as Linhas Operacionais;False;Inativo
6.12.01.0.0;DEPTO DE EFETIVO E LOGÍSTICA;DOSE;Operacional;2008-11-01;2011-12-31;C041-Todas as Linhas Operacionais;False;Inativo
6.12.02;DEPTO DE SEGURANÇA E VIGILÂNCIA-CHEFIA;DOSV;Operacional;2008-11-01;2011-12-31;C041-Todas as Linhas Operacionais;False;Inativo
6.12.02.0;DEPTO DE SEGURANÇA E VIGILÂNCIA-CHEFIA;DOSV;Operacional;2008-11-01;2011-12-31;C041-Todas as Linhas Operacionais;False;Inativo
6.12.02.0.0;DEPTO DE SEGURANÇA E VIGILÂNCIA-CHEFIA;DOSV;Operacional;2008-11-01;2011-12-31;C041-Todas as Linhas Operacionais;False;Inativo
6.12.02.1;SEGURANÇA OPERACIONAL - LINHA 7 / 10;DOSV;Operacional;2008-11-01;2011-12-31;C031-Linhas: 7/10 - Rubi/Turquesa;False;Inativo
6.12.02.1.0;SEGURANÇA OPERACIONAL - LINHA 7 / 10;DOSV;Operacional;2008-11-01;2011-12-31;C031-Linhas: 7/10 - Rubi/Turquesa;False;Inativo
6.12.02.2;SEGURANÇA OPERACIONAL - LINHA 8 / 9;DOSV;Operacional;2008-11-01;2011-12-31;C032-Linhas: 8/9 - Diamante/Esmeralda;False;Inativo
6.12.02.2.0;SEGURANÇA OPERACIONAL - LINHA 8 / 9;DOSV;Operacional;2008-11-01;2011-12-31;C032-Linhas: 8/9 - Diamante/Esmeralda;False;Inativo
6.12.02.3;SEGURANÇA OPERACIONAL - LINHA 11 / 12;DOSV;Operacional;2008-11-01;2011-12-31;C033-Linhas: 11/12 - Coral/Safira;False;Inativo
6.12.02.3.0;SEGURANÇA OPERACIONAL - LINHA 11 / 12;DOSV;Operacional;2008-11-01;2011-12-31;C033-Linhas: 11/12 - Coral/Safira;False;Inativo
6.13;GERENCIA DE ESTACOES E SERVICOS-LINHAS 7;GOA;Operacional;2008-11-01;2011-02-28;C031-Linhas: 7/10 - Rubi/Turquesa;False;Inativo
6.13.00;GERENCIA DE ESTACOES E SERVICOS-LINHAS 7;GOA;Operacional;2008-11-01;2011-02-28;C031-Linhas: 7/10 - Rubi/Turquesa;False;Inativo
6.13.00.0;GERENCIA DE ESTACOES E SERVICOS-LINHAS 7;GOA;Operacional;2008-11-01;2011-02-28;C031-Linhas: 7/10 - Rubi/Turquesa;False;Inativo
6.13.00.0.0;GERENCIA DE ESTACOES E SERVICOS-LINHAS 7;GOA;Operacional;2008-11-01;2011-02-28;C031-Linhas: 7/10 - Rubi/Turquesa;False;Inativo
6.13.01;DEPTO DE ESTAÇÕES E SERVIÇOS-LINHA 7-CHE;DOAA;Operacional;2008-11-01;2011-02-28;C007-Linha: 7 - Rubi;False;Inativo
6.13.01.0;DEPTO DE ESTAÇÕES E SERVIÇOS-LINHA 7-CHE;DOAA;Operacional;2008-11-01;2011-02-28;C007-Linha: 7 - Rubi;False;Inativo
6.13.01.0.0;DEPTO DE ESTAÇÕES E SERVIÇOS-LINHA 7-CHE;DOAA;Operacional;2008-11-01;2011-02-28;C007-Linha: 7 - Rubi;False;Inativo
6.13.01.1;ESTAÇÃO ÁGUA BRANCA;ABR;Operacional;2008-11-01;2011-02-28;C007-Linha: 7 - Rubi;False;Inativo
6.13.01.1.0;ESTAÇÃO ÁGUA BRANCA;ABR;Operacional;2008-11-01;2011-02-28;C007-Linha: 7 - Rubi;False;Inativo
6.13.02;DEPTO OPERAÇÃO E SERVIÇOS-LINHA10-CHEFIA;DOAD;Operacional;2008-11-01;2011-02-28;C010-Linha: 10 - Turquesa;False;Inativo
6.13.02.0;DEPTO OPERAÇÃO E SERVIÇOS-LINHA10-CHEFIA;DOAD;Operacional;2008-11-01;2011-02-28;C010-Linha: 10 - Turquesa;False;Inativo
6.13.02.0.0;DEPTO OPERAÇÃO E SERVIÇOS-LINHA10-CHEFIA;DOAD;Operacional;2008-11-01;2011-02-28;C010-Linha: 10 - Turquesa;False;Inativo
6.13.02.1;ESTAÇÃO LUZ;LUZ;Operacional;2008-11-01;2011-02-28;C010-Linha: 10 - Turquesa;False;Inativo
6.13.02.1.0;ESTAÇÃO LUZ;LUZ;Operacional;2008-11-01;2011-02-28;C010-Linha: 10 - Turquesa;False;Inativo
5.11;GERÊNCIA DE MANUT DE INSTALAÇÕES FIXAS;GOF;Manutenção;2008-11-01;2011-12-31;C041-Todas as Linhas Operacionais;False;Inativo
5.11.00;GERÊNCIA DE MANUT DE INSTALAÇÕES FIXAS;GOF;Manutenção;2008-11-01;2011-12-31;C041-Todas as Linhas Operacionais;False;Inativo
5.11.00.0;GERÊNCIA DE MANUT DE INSTALAÇÕES FIXAS;GOF;Manutenção;2008-11-01;2011-12-31;C041-Todas as Linhas Operacionais;False;Inativo
5.11.00.0.0;GERÊNCIA DE MANUT DE INSTALAÇÕES FIXAS;GOF;Manutenção;2008-11-01;2011-12-31;C041-Todas as Linhas Operacionais;False;Inativo
5.11.01;DEPTO DE MANUT. VIA PERMANENTE-CHEFIA;DOFM;Manutenção;2008-11-01;2011-12-31;C041-Todas as Linhas Operacionais;False;Inativo
5.11.01.0;DEPTO DE MANUT. VIA PERMANENTE-CHEFIA;DOFM;Manutenção;2008-11-01;2011-12-31;C041-Todas as Linhas Operacionais;False;Inativo
5.11.01.0.0;DEPTO DE MANUT. VIA PERMANENTE-CHEFIA;DOFM;Manutenção;2008-11-01;2011-12-31;C041-Todas as Linhas Operacionais;False;Inativo
5.11.01.2;OFICINA DE MÁQ. DE VIA PERMANENTE - LAPA;DOFM;Manutenção;2008-11-01;2011-12-31;C041-Todas as Linhas Operacionais;False;Inativo
5.11.01.2.0;OFICINA DE MÁQ. DE VIA PERMANENTE - LAPA;DOFM;Manutenção;2008-11-01;2011-12-31;C041-Todas as Linhas Operacionais;False;Inativo
5.11.02;GRUPO TÉCNICO PROG E CONTROLE INSTALACOE;GOF;Manutenção;2008-11-01;2011-12-31;C032-Linhas: 8/9 - Diamante/Esmeralda;False;Inativo
5.11.02.0;GRUPO TÉCNICO PROG E CONTROLE INSTALACOE;GOF;Manutenção;2008-11-01;2011-12-31;C041-Todas as Linhas Operacionais;False;Inativo
5.11.02.0.0;GRUPO TÉCNICO PROG E CONTROLE INSTALACOE;GOF;Manutenção;2008-11-01;2011-12-31;C041-Todas as Linhas Operacionais;False;Inativo
5.11.04;DEPTO MANUT.OBRAS ARTE,EDIF. EQ.-CHEFIA;DOFO;Manutenção;2008-11-01;2011-12-31;C041-Todas as Linhas Operacionais;False;Inativo
5.11.04.0;DEPTO MANUT.OBRAS ARTE,EDIF. EQ.-CHEFIA;DOFO;Manutenção;2008-11-01;2011-12-31;C041-Todas as Linhas Operacionais;False;Inativo
5.11.04.0.0;DEPTO MANUT.OBRAS ARTE,EDIF. EQ.-CHEFIA;DOFO;Manutenção;2008-11-01;2011-12-31;C041-Todas as Linhas Operacionais;False;Inativo
5.11.04.1;OFICINAS GERAIS - LAPA;DOFO;Manutenção;2008-11-01;2011-12-31;C041-Todas as Linhas Operacionais;False;Inativo
5.11.04.1.1;OFICINAS GERAIS - LAPA;DOFO;Manutenção;2008-11-01;2011-12-31;C041-Todas as Linhas Operacionais;False;Inativo
5.11.04.1.2;OFICINAS GERAIS - PRESIDENTE ALTINO;DOFO;Manutenção;2008-11-01;2011-12-31;C041-Todas as Linhas Operacionais;False;Inativo
5.11.04.2;MANUTENÇÃO CIVIL;DOFO;Manutenção;2008-11-01;2011-12-31;C041-Todas as Linhas Operacionais;False;Inativo
5.11.04.2.1;MANUTENÇÃO CIVIL - LAPA - LINHAS 7/10;DOFO;Manutenção;2008-11-01;2011-12-31;C031-Linhas: 7/10 - Rubi/Turquesa;False;Inativo
5.11.04.2.2;MANUTENÇÃO CIVIL - PRES.ALTINO - L. 8/9;DOFO;Manutenção;2008-11-01;2011-12-31;C032-Linhas: 8/9 - Diamante/Esmeralda;False;Inativo
5.11.05;DEPTO DE MANUT. VIA PERMANENTE-CHEFIA;DOFV;Manutenção;2008-11-01;2011-12-31;C041-Todas as Linhas Operacionais;False;Inativo
5.11.05.0;DEPTO DE MANUT. VIA PERMANENTE-CHEFIA;DOFV;Manutenção;2008-11-01;2011-12-31;C041-Todas as Linhas Operacionais;False;Inativo
5.11.05.0.0;DEPTO DE MANUT. VIA PERMANENTE-CHEFIA;DOFV;Manutenção;2008-11-01;2011-12-31;C041-Todas as Linhas Operacionais;False;Inativo
5.11.05.1;MANUTENÇÃO - VIA PERMANENTE - LINHA 7;DOFV;Manutenção;2008-11-01;2011-12-31;C007-Linha: 7 - Rubi;False;Inativo
5.11.05.1.1;MANUTENÇÃO - VIA PERMANENTE - LINHA 7;DOFV;Manutenção;2008-11-01;2011-12-31;C007-Linha: 7 - Rubi;False;Inativo
5.11.05.1.2;MANUTENÇÃO - VIA PERMANENTE - LINHA 10;DOFV;Manutenção;2008-11-01;2011-12-31;C010-Linha: 10 - Turquesa;False;Inativo
5.11.05.1.3;MANUTENÇÃO - VIA PERMANENTE - LINHA 7 /;DOFV;Manutenção;2008-11-01;2011-12-31;C031-Linhas: 7/10 - Rubi/Turquesa;False;Inativo
3.00.00.0.0;DIRETORIA DE PLANEJAMENTO;DP;Administrativo;2008-11-01;2011-12-31;C081-Administração;False;Inativo
3.11;GERÊNCIA DE PLANEJAMENTO DE TRANSPORTES;GPT;Administrativo;2008-11-01;2011-12-31;C081-Administração;False;Inativo
3.11.00;GERÊNCIA DE PLANEJAMENTO DE TRANSPORTES;GPT;Administrativo;2008-11-01;2011-12-31;C081-Administração;False;Inativo
3.11.00.0;GERÊNCIA DE PLANEJAMENTO DE TRANSPORTES;GPT;Administrativo;2008-11-01;2011-12-31;C081-Administração;False;Inativo
3.11.00.0.0;GERÊNCIA DE PLANEJAMENTO DE TRANSPORTES;GPT;Administrativo;2008-11-01;2011-12-31;C081-Administração;False;Inativo
3.12;GERÊNCIA PROJ FUNC E INTEGR TRANSPORTE;GPI;Administrativo;2008-11-01;2011-01-31;C081-Administração;False;Inativo
3.12.00;GERÊNCIA PROJ FUNC E INTEGR TRANSPORTE;GPI;Administrativo;2008-11-01;2011-01-31;C081-Administração;False;Inativo
3.12.00.0;GERÊNCIA PROJ FUNC E INTEGR TRANSPORTE;GPI;Administrativo;2008-11-01;2011-01-31;C081-Administração;False;Inativo
3.12.00.0.0;GERÊNCIA PROJ FUNC E INTEGR TRANSPORTE;GPI;Administrativo;2008-11-01;2011-01-31;C081-Administração;False;Inativo
4.00;DIRETORIA DE ENGENHARIA E OBRAS;DE;Administrativo;2012-01-01;;C081-Administração;True;Ativo
4.00.00;DIRETORIA DE ENGENHARIA E OBRAS;DE;Administrativo;2008-11-01;2011-12-31;C081-Administração;False;Inativo
4.00.00.0;DIRETORIA DE ENGENHARIA E OBRAS;DE;Administrativo;2008-11-01;2011-12-31;C081-Administração;False;Inativo
4.00.00.0.0;DIRETORIA DE ENGENHARIA E OBRAS;DE;Administrativo;2008-11-01;2011-12-31;C081-Administração;False;Inativo
4.11;GERENCIA DE PROJ. E IMPLANTAÇÃO DE INFRA;GEO;Administrativo;2008-11-01;2011-12-31;C081-Administração;False;Inativo
4.11.00;GERENCIA DE PROJ. E IMPLANTAÇÃO DE INFRA;GEO;Administrativo;2008-11-01;2011-12-31;C081-Administração;False;Inativo
4.11.00.0;GERENCIA DE PROJ. E IMPLANTAÇÃO DE INFRA;GEO;Administrativo;2008-11-01;2011-12-31;C081-Administração;False;Inativo
4.11.00.0.0;GERENCIA DE PROJ. E IMPLANTAÇÃO DE INFRA;GEO;Administrativo;2008-11-01;2011-12-31;C081-Administração;False;Inativo
4.11.00.1;GERENCIA DE PROJ. E IMPLANTAÇÃO DE INFRA;GEO;Administrativo;2008-11-01;2010-04-30;C081-Administração;False;Inativo
4.11.00.1.0;GERENCIA DE PROJ. E IMPLANTAÇÃO DE INFRA;GEP;Administrativo;2008-11-01;2010-04-30;C081-Administração;False;Inativo
4.12;GERÊNCIA DE COORDENAÇÃO;GEC;Administrativo;2008-11-01;2011-12-31;C081-Administração;False;Inativo
4.12.00;GERÊNCIA DE COORDENAÇÃO;GEC;Administrativo;2008-11-01;2011-12-31;C081-Administração;False;Inativo
4.12.00.0;GERÊNCIA DE COORDENAÇÃO;GEC;Administrativo;2008-11-01;2011-12-31;C081-Administração;False;Inativo
4.12.00.0.0;GERÊNCIA DE COORDENAÇÃO;GEC;Administrativo;2008-11-01;2011-12-31;C081-Administração;False;Inativo
4.13;GERENCIA DE PROJETOS E MONTAGENS DE SIST;GES;Administrativo;2008-11-01;2011-12-31;C081-Administração;False;Inativo
4.13.00;GERENCIA DE PROJETOS E MONTAGENS DE SIST;GES;Administrativo;2008-11-01;2011-12-31;C081-Administração;False;Inativo
4.13.00.0;GERENCIA DE PROJETOS E MONTAGENS DE SIST;GES;Administrativo;2008-11-01;2011-12-31;C081-Administração;False;Inativo
4.13.00.0.0;GERENCIA DE PROJETOS E MONTAGENS DE SIST;GES;Administrativo;2008-11-01;2011-12-31;C081-Administração;False;Inativo
4.13.00.1;GEI-ENGENHARIA DE INFRA-ESTRUTURA;GES;Administrativo;2008-11-01;2011-12-31;C081-Administração;False;Inativo
4.13.00.1.0;GEI-ENGENHARIA DE INFRA-ESTRUTURA;GES;Administrativo;2008-11-01;2011-12-31;C081-Administração;False;Inativo
4.13.00.2;GEI-ENGENHARIA DE SISTEMAS;GES;Administrativo;2008-11-01;2011-12-31;C081-Administração;False;Inativo
4.13.00.2.0;GEI-ENGENHARIA DE SISTEMAS;GEI;Administrativo;2008-11-01;2011-12-31;C081-Administração;False;Inativo
5.00;DIRETORIA DE OPERAÇÃO E MANUTENÇÃO;DO;Operacional;2012-01-01;;C071-Custos Indiretos - Operação;True;Ativo
5.00.00;DIRETORIA DE OPERAÇÃO E MANUTENÇÃO;DO;Operacional;2008-11-01;2011-12-31;C071-Custos Indiretos - Operação;False;Inativo
5.00.00.0;DIRETORIA DE OPERAÇÃO E MANUTENÇÃO;DO;Operacional;2008-11-01;2011-12-31;C071-Custos Indiretos - Operação;False;Inativo
5.00.00.0.0;DIRETORIA DE OPERAÇÃO E MANUTENÇÃO;DO;Operacional;2008-11-01;2011-12-31;C071-Custos Indiretos - Operação;False;Inativo
5.00.04;ASSESSORIA DE GESTÃO E PLANEJAMENTO OPER;AOG;Operacional;2008-11-01;2011-02-28;C071-Custos Indiretos - Operação;False;Inativo
5.00.04.0;ASSESSORIA DE GESTÃO E PLANEJAMENTO OPER;AOG;Operacional;2008-11-01;2011-02-28;C071-Custos Indiretos - Operação;False;Inativo
5.00.04.0.0;ASSESSORIA DE GESTÃO E PLANEJAMENTO OPER;AOG;Operacional;2008-11-01;2011-02-28;C071-Custos Indiretos - Operação;False;Inativo
5.00.05;DEPTO DE PLANEJ CONTROLE E GESTÃO-CHEFIA;DOPC;Operacional;2008-11-01;2011-12-31;C071-Custos Indiretos - Operação;False;Inativo
0.01;GERAL DA COMPANHIA - ADMINISTRAÇÃO;GCA;Administrativo;2008-11-01;2011-12-31;C081-Administração;False;Inativo
0.01.00;GERAL DA COMPANHIA - ADMINISTRAÇÃO;GCA;Administrativo;2008-11-01;2011-12-31;C081-Administração;False;Inativo
0.01.00.0;GERAL DA COMPANHIA - ADMINISTRAÇÃO;GCA;Administrativo;2008-11-01;2011-12-31;C081-Administração;False;Inativo
0.01.00.0.0;GERAL DA COMPANHIA - ADMINISTRAÇÃO;GCA;Administrativo;2008-11-01;2011-12-31;C081-Administração;False;Inativo
0.05;GERAL DA COMPANHIA - OPERAÇÃO;GCO;Operacional;2008-11-01;2011-12-31;C041-Todas as Linhas Operacionais;False;Inativo
0.05.00;GERAL DA COMPANHIA - OPERAÇÃO;GCO;Operacional;2008-11-01;2011-12-31;C041-Todas as Linhas Operacionais;False;Inativo
0.05.00.0;GERAL DA COMPANHIA - OPERAÇÃO;GCO;Operacional;2008-11-01;2011-12-31;C041-Todas as Linhas Operacionais;False;Inativo
0.05.00.0.0;GERAL DA COMPANHIA - OPERAÇÃO;GCO;Operacional;2008-11-01;2011-12-31;C041-Todas as Linhas Operacionais;False;Inativo
0.06;GERAL DA COMPANHIA - MANUTENÇÃO;GCM;Manutenção;2008-11-01;2011-12-31;C041-Todas as Linhas Operacionais;False;Inativo
0.06.00;GERAL DA COMPANHIA - MANUTENÇÃO;GCM;Manutenção;2008-11-01;2011-12-31;C041-Todas as Linhas Operacionais;False;Inativo
0.06.00.0;GERAL DA COMPANHIA - MANUTENÇÃO;GCM;Manutenção;2008-11-01;2011-12-31;C041-Todas as Linhas Operacionais;False;Inativo
0.06.00.0.0;GERAL DA COMPANHIA - MANUTENÇÃO;GCM;Manutenção;2008-11-01;2011-12-31;C041-Todas as Linhas Operacionais;False;Inativo
1.00;PRESIDÊNCIA;PR;Administrativo;2012-01-01;;C081-Administração;True;Ativo
1.00.00;PRESIDÊNCIA;PR;Administrativo;2008-11-01;2011-12-31;C081-Administração;False;Inativo
1.00.00.0;PRESIDÊNCIA;PR;Administrativo;2008-11-01;2011-12-31;C081-Administração;False;Inativo
1.00.00.0.0;PRESIDÊNCIA;PR;Administrativo;2008-11-01;2011-12-31;C081-Administração;False;Inativo
1.00.01;ASSESSORIA P/ASSUNTOS INSTITUCIONAIS;ARA;Administrativo;2008-11-01;2011-12-31;C081-Administração;False;Inativo
1.00.01.0;ASSESSORIA P/ASSUNTOS INSTITUCIONAIS;ARA;Administrativo;2008-11-01;2011-12-31;C081-Administração;False;Inativo
1.00.01.0.0;ASSESSORIA P/ASSUNTOS INSTITUCIONAIS;ARA;Administrativo;2008-11-01;2011-12-31;C081-Administração;False;Inativo
1.10;SUPERINTENDÊNCIA GERAL EXECUTIVA;SGE;Administrativo;2008-11-01;2009-06-15;C081-Administração;False;Inativo
1.10.00;SUPERINTENDÊNCIA GERAL EXECUTIVA;SGE;Administrativo;2008-11-01;2009-06-15;C081-Administração;False;Inativo
1.10.00.0;SUPERINTENDÊNCIA GERAL EXECUTIVA;SGE;Administrativo;2008-11-01;2009-06-15;C081-Administração;False;Inativo
1.10.00.0.0;SUPERINTENDÊNCIA GERAL EXECUTIVA;SGE;Administrativo;2008-11-01;2009-06-15;C081-Administração;False;Inativo
1.10.01;ASSESSORIA PLANEJAMENTO EMPRESARIAL;ARP;Administrativo;2008-11-01;2009-05-31;C081-Administração;False;Inativo
1.10.01.0;ASSESSORIA PLANEJAMENTO EMPRESARIAL;ARP;Administrativo;2008-11-01;2009-05-31;C081-Administração;False;Inativo
1.10.01.0.0;ASSESSORIA PLANEJAMENTO EMPRESARIAL;ARP;Administrativo;2008-11-01;2009-05-31;C081-Administração;False;Inativo
1.11;GERENCIA JURIDICA;GRJ;Administrativo;2008-11-01;2011-12-31;C081-Administração;False;Inativo
1.11.00;GERENCIA JURIDICA;GRJ;Administrativo;2008-11-01;2011-12-31;C081-Administração;False;Inativo
1.11.00.0;GERENCIA JURIDICA;GRJ;Administrativo;2008-11-01;2011-12-31;C081-Administração;False;Inativo
1.11.00.0.0;GERENCIA JURIDICA;GRJ;Administrativo;2008-11-01;2011-12-31;C081-Administração;False;Inativo
1.11.01;DEPTO JURIDICO CONSULTIVO;DRJS;Administrativo;2008-11-01;2011-12-31;C081-Administração;False;Inativo
1.11.01.0;DEPTO JURIDICO CONSULTIVO;DRJS;Administrativo;2008-11-01;2011-12-31;C081-Administração;False;Inativo
1.11.01.0.0;DEPTO JURIDICO CONSULTIVO;DRJS;Administrativo;2008-11-01;2011-12-31;C081-Administração;False;Inativo
1.11.02;DEPTO JURIDICO CONTENCIOSO;DRJC;Administrativo;2008-11-01;2011-12-31;C081-Administração;False;Inativo
1.11.02.0;DEPTO JURIDICO CONTENCIOSO;DRJC;Administrativo;2008-11-01;2011-12-31;C081-Administração;False;Inativo
1.11.02.0.0;DEPTO JURIDICO CONTENCIOSO;DRJC;Administrativo;2008-11-01;2011-12-31;C081-Administração;False;Inativo
1.11.03;DEPTO JURID CONT TRABALHISTA;DRJT;Administrativo;2008-11-01;2011-12-31;C081-Administração;False;Inativo
1.11.03.0;DEPTO JURID CONT TRABALHISTA;DRJT;Administrativo;2008-11-01;2011-12-31;C081-Administração;False;Inativo
1.11.03.0.0;DEPTO JURID CONT TRABALHISTA;DRJT;Administrativo;2008-11-01;2011-12-31;C081-Administração;False;Inativo
1.12;GERENCIA DE AUDITORIA;GRA;Administrativo;2008-11-01;2011-12-31;C081-Administração;False;Inativo
1.12.00;GERENCIA DE AUDITORIA;GRA;Administrativo;2008-11-01;2011-12-31;C081-Administração;False;Inativo
1.12.00.0;GERENCIA DE AUDITORIA;GRA;Administrativo;2008-11-01;2011-12-31;C081-Administração;False;Inativo
1.12.00.0.0;GERENCIA DE AUDITORIA;GRA;Administrativo;2008-11-01;2011-12-31;C081-Administração;False;Inativo
1.13;GERÊNCIA DESENVOLV. DE NEGÓCIOS;GRG;Administrativo;2008-11-01;2011-01-31;C081-Administração;False;Inativo
1.13.00;GERÊNCIA DESENVOLV. DE NEGÓCIOS;GRG;Administrativo;2008-11-01;2011-01-31;C081-Administração;False;Inativo
1.13.00.0;GERÊNCIA DESENVOLV. DE NEGÓCIOS;GRG;Administrativo;2008-11-01;2011-01-31;C081-Administração;False;Inativo
1.13.00.0.0;GERÊNCIA DESENVOLV. DE NEGÓCIOS;GRG;Administrativo;2008-11-01;2011-01-31;C081-Administração;False;Inativo
1.14;GERÊNCIA DE CUSTOS;GRC;Administrativo;2008-11-01;2011-12-31;C081-Administração;False;Inativo
1.14.00;GERÊNCIA DE CUSTOS;GRC;Administrativo;2008-11-01;2011-12-31;C081-Administração;False;Inativo
1.14.00.0;GERÊNCIA DE CUSTOS;GRC;Administrativo;2008-11-01;2011-12-31;C081-Administração;False;Inativo
1.14.00.0.0;GERÊNCIA DE CUSTOS;GRC;Administrativo;2008-11-01;2011-12-31;C081-Administração;False;Inativo
1.20;GERENCIA GERAL DE DESENVOLVIMENTO ORGANI;GRD;Administrativo;2008-11-01;2011-01-31;C081-Administração;False;Inativo
1.20.00;GERENCIA GERAL DE DESENVOLVIMENTO ORGANI;GRD;Administrativo;2008-11-01;2011-01-31;C081-Administração;False;Inativo
1.20.00.0;GERENCIA GERAL DE DESENVOLVIMENTO ORGANI;GRD;Administrativo;2008-11-01;2011-01-31;C081-Administração;False;Inativo
1.20.00.0.0;GERENCIA GERAL DE DESENVOLVIMENTO ORGANI;GRD;Administrativo;2008-11-01;2011-01-31;C081-Administração;False;Inativo
1.20.01;OUVIDORIA;OUV;Administrativo;2008-11-01;2010-04-30;C081-Administração;False;Inativo
1.20.01.0;OUVIDORIA;OUV;Administrativo;2008-11-01;2010-04-30;C081-Administração;False;Inativo
1.20.01.0.0;OUVIDORIA;OUV;Administrativo;2008-11-01;2010-04-30;C081-Administração;False;Inativo
1.20.02;SERVICO ATEND AO USUARIO;SAU;Administrativo;2008-11-01;2010-04-30;C081-Administração;False;Inativo
1.20.02.0;SERVICO ATEND AO USUARIO;SAU;Administrativo;2008-11-01;2010-04-30;C081-Administração;False;Inativo
1.20.02.0.0;SERVICO ATEND AO USUARIO;SAU;Administrativo;2008-11-01;2010-04-30;C081-Administração;False;Inativo
1.20.02.1;SERVICO ATEND AO USUARIO-EQUIPES;SAU;Administrativo;2008-11-01;2010-04-30;C081-Administração;False;Inativo
1.20.02.1.0;SERVICO ATEND AO USUARIO-EQUIPES;SAU;Administrativo;2008-11-01;2010-04-30;C081-Administração;False;Inativo
1.20.02.2;ATENDIMENTO EMERGENCIAL;SAU;Administrativo;2008-11-01;2010-04-30;C081-Administração;False;Inativo
1.20.02.2.0;ATENDIMENTO EMERGENCIAL;SAU;Administrativo;2008-11-01;2010-04-30;C081-Administração;False;Inativo
1.21;GERENCIA DESENV ORG E RH;GRH;Administrativo;2008-11-01;2011-12-31;C081-Administração;False;Inativo
1.21.00;GERENCIA DESENV ORG E RH;GRH;Administrativo;2008-11-01;2011-12-31;C081-Administração;False;Inativo
1.21.00.0;GERENCIA DESENV ORG E RH;GRH;Administrativo;2008-11-01;2011-12-31;C081-Administração;False;Inativo
1.21.00.0.0;GERENCIA DESENV ORG E RH;GRH;Administrativo;2008-11-01;2011-12-31;C081-Administração;False;Inativo
1.21.01;DEPTO DE RECRUTAMENTO , SELECAO E TREINA;DRHT;Administrativo;2008-11-01;2011-12-31;C081-Administração;False;Inativo
1.21.01.0;DEPTO DE RECRUTAMENTO , SELECAO E TREINA;DRHT;Administrativo;2008-11-01;2011-12-31;C081-Administração;False;Inativo
1.21.01.0.0;DEPTO DE RECRUTAMENTO , SELECAO E TREINA;DRHT;Administrativo;2008-11-01;2011-12-31;C081-Administração;False;Inativo
1.21.02;DEPTO DE ADMINISTRACAO DE PESSOAL;DRHP;Administrativo;2008-11-01;2011-12-31;C081-Administração;False;Inativo
1.21.02.0;DEPTO DE ADMINISTRACAO DE PESSOAL;DRHP;Administrativo;2008-11-01;2011-12-31;C081-Administração;False;Inativo
1.21.02.0.0;DEPTO DE ADMINISTRACAO DE PESSOAL;DRHP;Administrativo;2008-11-01;2011-12-31;C081-Administração;False;Inativo
1.21.03;DEPTO DE HIGIENE E SEGURANCA DO TRABALHO;DRHS;Administrativo;2008-11-01;2011-12-31;C081-Administração;False;Inativo
1.21.03.0;DEPTO DE HIGIENE E SEGURANCA DO TRABALHO;DRHS;Administrativo;2008-11-01;2011-12-31;C081-Administração;False;Inativo
1.21.03.0.0;DEPTO DE HIGIENE E SEGURANCA DO TRABALHO;DRHS;Administrativo;2008-11-01;2011-12-31;C081-Administração;False;Inativo
2.00;DIRETORIA ADMINISTRATIVA E FINANCEIRA;DF;Administrativo;2012-01-01;;C081-Administração;True;Ativo
2.00.00;DIRETORIA ADMINISTRATIVA E FINANCEIRA;DF;Administrativo;2008-11-01;2011-12-31;C081-Administração;False;Inativo
2.00.00.0;DIRETORIA ADMINISTRATIVA E FINANCEIRA;DF;Administrativo;2008-11-01;2011-12-31;C081-Administração;False;Inativo
2.00.00.0.0;DIRETORIA ADMINISTRATIVA E FINANCEIRA;DF;Administrativo;2008-11-01;2011-12-31;C081-Administração;False;Inativo
2.11;GER. FINANÇAS E CONTR. ORÇAMENTÁRIO;GFF;Administrativo;2008-11-01;2011-12-31;C081-Administração;False;Inativo
5.11.05.1.4;MANUTENÇÃO - VIA PERMANENTE - LINHA 8;DOFV;Manutenção;2008-11-01;2011-12-31;C008-Linha: 8 - Diamante;False;Inativo
5.11.05.1.5;MANUTENÇÃO - VIA PERMANENTE - LINHA 9;DOFV;Manutenção;2008-11-01;2011-12-31;C009-Linha: 9 - Esmeralda;False;Inativo
5.11.05.1.6;MANUTENÇÃO - VIA PERMANENTE - LINHA 8/9;DOFV;Manutenção;2008-11-01;2011-12-31;C032-Linhas: 8/9 - Diamante/Esmeralda;False;Inativo
5.11.05.1.7;MANUTENÇÃO - VIA PERMANENTE-LINHA 11;DOFV;Manutenção;2008-11-01;2011-12-31;C011-Linha: 11 - Coral;False;Inativo
5.11.05.1.8;MANUTENÇÃO - VIA PERMANENTE-LINHA 12;DOFV;Manutenção;2008-11-01;2011-12-31;C012-Linha: 12 - Safira;False;Inativo
5.11.05.1.9;MANUTENÇÃO - VIA PERMANENTE-LINHA 11/12;DOFV;Manutenção;2008-11-01;2011-12-31;C033-Linhas: 11/12 - Coral/Safira;False;Inativo
5.11.05.2;OFICINA SOLDA VIA PERMANENTE - PIRITUBA;DOFV;Manutenção;2008-11-01;2011-12-31;C041-Todas as Linhas Operacionais;False;Inativo
5.11.05.2.2;OFICINA SOLDA VIA PERMANENTE - PIRITUBA;DOFV;Manutenção;2008-11-01;2011-12-31;C041-Todas as Linhas Operacionais;False;Inativo
5.11.05.2.3;OFICINA PROD.COMPON.-VIA PERMAN. - LAPA;DOFV;Manutenção;2008-11-01;2011-12-31;C041-Todas as Linhas Operacionais;False;Inativo
5.11.06;DEPTO DE MANUT SIST ENERGIA-CHEFIA;DOFE;Manutenção;2008-11-01;2011-12-31;C041-Todas as Linhas Operacionais;False;Inativo
5.11.06.0;DEPTO DE MANUT SIST ENERGIA-CHEFIA;DOFE;Manutenção;2008-11-01;2011-12-31;C041-Todas as Linhas Operacionais;False;Inativo
5.11.06.0.0;DEPTO DE MANUT SIST ENERGIA-CHEFIA;DOFE;Manutenção;2008-11-01;2011-12-31;C041-Todas as Linhas Operacionais;False;Inativo
5.11.06.1;EQUIPE - SIST ENERGIA - 7 / 10 - CHEFIA;DOFE;Manutenção;2008-11-01;2011-12-31;C031-Linhas: 7/10 - Rubi/Turquesa;False;Inativo
5.11.06.1.0;EQUIPE - SIST ENERGIA - 7 / 10 - CHEFIA;DOFE;Manutenção;2008-11-01;2011-12-31;C031-Linhas: 7/10 - Rubi/Turquesa;False;Inativo
5.11.06.1.1;REDE AÉREA - LINHA 7 / 10;DOFE;Manutenção;2008-11-01;2011-12-31;C031-Linhas: 7/10 - Rubi/Turquesa;False;Inativo
5.11.06.1.2;DISTRIBUIÇÃO - LINHAS 7 / 10;DOFE;Manutenção;2008-11-01;2011-12-31;C031-Linhas: 7/10 - Rubi/Turquesa;False;Inativo
5.11.06.1.3;SUBESTAÇÕES - LINHA 7;DOFE;Manutenção;2008-11-01;2011-12-31;C007-Linha: 7 - Rubi;False;Inativo
5.11.06.2;EQUIPE - SIST ENERGIA - 8 / 9 - CHEFIA;DOFE;Manutenção;2008-11-01;2011-12-31;C032-Linhas: 8/9 - Diamante/Esmeralda;False;Inativo
5.11.06.2.0;EQUIPE - SIST ENERGIA - 8 / 9 - CHEFIA;DOFE;Manutenção;2008-11-01;2011-12-31;C032-Linhas: 8/9 - Diamante/Esmeralda;False;Inativo
5.11.06.2.1;REDE AÉREA - LINHAS 8 / 9;DOFE;Manutenção;2008-11-01;2011-12-31;C032-Linhas: 8/9 - Diamante/Esmeralda;False;Inativo
5.11.06.2.2;DISTRIBUIÇÃO - LINHAS 8 / 9;DOFE;Manutenção;2008-11-01;2011-12-31;C032-Linhas: 8/9 - Diamante/Esmeralda;False;Inativo
5.11.06.2.3;SUBESTAÇÕES - LINHAS 8 / 9;DOFE;Manutenção;2008-11-01;2011-12-31;C032-Linhas: 8/9 - Diamante/Esmeralda;False;Inativo
5.11.06.3;EQUIPE - SIST ENERGIA - 11 / 12 - CHEFIA;DOFE;Manutenção;2008-11-01;2011-12-31;C033-Linhas: 11/12 - Coral/Safira;False;Inativo
5.11.06.3.0;EQUIPE - SIST ENERGIA - 11 / 12 - CHEFIA;DOFE;Manutenção;2008-11-01;2011-12-31;C033-Linhas: 11/12 - Coral/Safira;False;Inativo
5.11.06.3.1;REDE AÉREA - LINHAS 11 / 12;DOFE;Manutenção;2008-11-01;2011-12-31;C033-Linhas: 11/12 - Coral/Safira;False;Inativo
5.11.06.3.2;DISTRIBUIÇÃO - LINHAS 11 / 12;DOFE;Manutenção;2008-11-01;2011-12-31;C033-Linhas: 11/12 - Coral/Safira;False;Inativo
5.11.06.3.3;SUBESTAÇÕES - LINHAS 11 / 12;DOFE;Manutenção;2008-11-01;2011-12-31;C033-Linhas: 11/12 - Coral/Safira;False;Inativo
5.11.06.4;CENTRO DE INFORMAÇÃO E MANUTENCAO-EQUIP;DOFE;Manutenção;2008-11-01;2011-12-31;C041-Todas as Linhas Operacionais;False;Inativo
5.11.06.4.0;CENTRO DE INFORMAÇÃO E MANUTENCAO-EQUIP;DOFE;Manutenção;2008-11-01;2011-12-31;C041-Todas as Linhas Operacionais;False;Inativo
5.11.06.4.1;CENTRO DE INFORMACAO E MANUTENCAO-LINHAS;DOFE;Manutenção;2008-11-01;2011-12-31;C031-Linhas: 7/10 - Rubi/Turquesa;False;Inativo
5.11.07;DEPTO DE MANUT SINALIZ TELEC- CHEFIA;DOFS;Manutenção;2008-11-01;2011-12-31;C041-Todas as Linhas Operacionais;False;Inativo
5.11.07.0;DEPTO DE MANUT SINALIZ TELEC- CHEFIA;DOFS;Manutenção;2008-11-01;2011-12-31;C041-Todas as Linhas Operacionais;False;Inativo
5.11.07.0.0;DEPTO DE MANUT SINALIZ TELEC- CHEFIA;DOFS;Manutenção;2008-11-01;2011-12-31;C041-Todas as Linhas Operacionais;False;Inativo
5.11.07.1;EQUIPE - SINALIZ TELEC - 7/10 - CHEFIA;DOFS;Manutenção;2008-11-01;2011-12-31;C031-Linhas: 7/10 - Rubi/Turquesa;False;Inativo
5.11.07.1.0;EQUIPE - SINALIZ TELEC - 7/10 - CHEFIA;DOFS;Manutenção;2008-11-01;2011-12-31;C031-Linhas: 7/10 - Rubi/Turquesa;False;Inativo
5.11.07.1.1;SINALIZAÇÃO - LINHAS 7/10;DOFS;Manutenção;2008-11-01;2011-12-31;C031-Linhas: 7/10 - Rubi/Turquesa;False;Inativo
5.11.07.1.2;TELECOMUNICAÇÃO - LINHA 7;DOFS;Manutenção;2008-11-01;2011-12-31;C007-Linha: 7 - Rubi;False;Inativo
5.11.07.2;EQUIPE - SINALIZ TELEC - 8 / 9 - CHEFIA;DOFS;Manutenção;2008-11-01;2011-12-31;C032-Linhas: 8/9 - Diamante/Esmeralda;False;Inativo
5.11.07.2.0;EQUIPE - SINALIZ TELEC - 8 / 9 - CHEFIA;DOFS;Manutenção;2008-11-01;2011-12-31;C032-Linhas: 8/9 - Diamante/Esmeralda;False;Inativo
5.11.07.2.1;SINALIZAÇÃO - LINHAS 8 / 9;DOFS;Manutenção;2008-11-01;2011-12-31;C032-Linhas: 8/9 - Diamante/Esmeralda;False;Inativo
5.11.07.2.2;TELECOMUNICAÇÃO - LINHAS 8 / 9;DOFS;Manutenção;2008-11-01;2011-12-31;C032-Linhas: 8/9 - Diamante/Esmeralda;False;Inativo
5.11.07.3;EQUIPE - SINALIZ TELEC - 11 / 12- CHEFIA;DOFS;Manutenção;2008-11-01;2011-12-31;C033-Linhas: 11/12 - Coral/Safira;False;Inativo
5.11.07.3.0;EQUIPE - SINALIZ TELEC - 11 / 12- CHEFIA;DOFS;Manutenção;2008-11-01;2011-12-31;C033-Linhas: 11/12 - Coral/Safira;False;Inativo
5.11.07.3.1;SINALIZAÇÃO - LINHAS 11/12;DOFS;Manutenção;2008-11-01;2011-12-31;C033-Linhas: 11/12 - Coral/Safira;False;Inativo
5.11.07.3.2;TELECOMUNICAÇÃO - LINHAS 11 / 12;DOFS;Manutenção;2008-11-01;2011-12-31;C033-Linhas: 11/12 - Coral/Safira;False;Inativo
5.11.07.4;EQUIPE - OFIC ELETRON ELETRICA - CHEFIA;DOFS;Manutenção;2008-11-01;2011-12-31;C041-Todas as Linhas Operacionais;False;Inativo
5.11.07.4.0;EQUIPE - OFIC ELETRON ELETRICA - CHEFIA;DOFS;Manutenção;2008-11-01;2011-12-31;C041-Todas as Linhas Operacionais;False;Inativo
5.11.07.4.1;OFICINA ELETRÔNICA - LINHAS 8/9;DOFS;Manutenção;2008-11-01;2011-12-31;C032-Linhas: 8/9 - Diamante/Esmeralda;False;Inativo
5.11.07.4.2;LABORATÓRIO DE TELECOMUNICAÇÕES - LINHAS;DOFS;Manutenção;2008-11-01;2011-12-31;C039-Linhas: 7/10/11/12 - Rubi/Turquesa/Coral/Safira;False;Inativo
5.11.07.4.3;OFICINA DE SINALIZAÇÃO - LINHAS 7/10/11/;DOFS;Manutenção;2008-11-01;2011-12-31;C039-Linhas: 7/10/11/12 - Rubi/Turquesa/Coral/Safira;False;Inativo
5.12;GERÊNCIA DE MANUT. DE MATERIAL RODANTE;GOR;Manutenção;2008-11-01;2011-12-31;C071-Custos Indiretos - Operação;False;Inativo
5.12.00;GERÊNCIA DE MANUT. DE MATERIAL RODANTE;GOR;Manutenção;2008-11-01;2011-12-31;C071-Custos Indiretos - Operação;False;Inativo
5.12.00.0;GERÊNCIA DE MANUT. DE MATERIAL RODANTE;GOR;Manutenção;2008-11-01;2011-12-31;C071-Custos Indiretos - Operação;False;Inativo
5.12.00.0.0;GERÊNCIA DE MANUT. DE MATERIAL RODANTE;GOR;Manutenção;2008-11-01;2011-12-31;C071-Custos Indiretos - Operação;False;Inativo
5.12.04;DEPTO DE MANUT MAT ROD - LAPA - CHEFIA -;DORA;Manutenção;2008-11-01;2011-12-31;C031-Linhas: 7/10 - Rubi/Turquesa;False;Inativo
5.12.04.0;DEPTO DE MANUT MAT ROD - LAPA - CHEFIA -;DORA;Manutenção;2008-11-01;2011-12-31;C031-Linhas: 7/10 - Rubi/Turquesa;False;Inativo
5.12.04.0.0;DEPTO DE MANUT MAT ROD - LAPA - CHEFIA -;DORA;Manutenção;2008-11-01;2011-12-31;C031-Linhas: 7/10 - Rubi/Turquesa;False;Inativo
5.12.04.1;ABRIGO LAPA - LINHAS 7/10;DORA;Manutenção;2008-11-01;2011-12-31;C031-Linhas: 7/10 - Rubi/Turquesa;False;Inativo
5.12.04.1.0;ABRIGO LAPA - LINHAS 7/10;DORA;Manutenção;2008-11-01;2011-12-31;C031-Linhas: 7/10 - Rubi/Turquesa;False;Inativo
5.12.04.2;OFICINAS - LUZ - LINHAS 7/10;DORA;Manutenção;2008-11-01;2011-12-31;C031-Linhas: 7/10 - Rubi/Turquesa;False;Inativo
5.12.04.2.0;OFICINAS - LUZ - LINHAS 7/10;DORA;Manutenção;2008-11-01;2011-12-31;C031-Linhas: 7/10 - Rubi/Turquesa;False;Inativo
5.12.05;DEPTO DE MANUT MAT ROD - P.ALTINO-CHEFIA;DORB;Manutenção;2008-11-01;2011-12-31;C032-Linhas: 8/9 - Diamante/Esmeralda;False;Inativo
5.12.05.0;DEPTO DE MANUT MAT ROD - P.ALTINO-CHEFIA;DORB;Manutenção;2008-11-01;2011-12-31;C032-Linhas: 8/9 - Diamante/Esmeralda;False;Inativo
5.12.05.0.0;DEPTO DE MANUT MAT ROD - P.ALTINO-CHEFIA;DORB;Manutenção;2008-11-01;2011-12-31;C032-Linhas: 8/9 - Diamante/Esmeralda;False;Inativo
5.12.05.1;ABRIGO PRES. ALTINO - LINHAS 8/9;DORB;Manutenção;2008-11-01;2011-12-31;C032-Linhas: 8/9 - Diamante/Esmeralda;False;Inativo
5.12.05.1.0;ABRIGO PRES. ALTINO - LINHAS 8/9;DORB;Manutenção;2008-11-01;2011-12-31;C032-Linhas: 8/9 - Diamante/Esmeralda;False;Inativo
5.12.06;DEPTO DE MAN MAT ROD-ENG.S.PAULO-CHEFIA;DORE;Manutenção;2008-11-01;2011-12-31;C033-Linhas: 11/12 - Coral/Safira;False;Inativo
5.12.06.0;DEPTO DE MAN MAT ROD-ENG.S.PAULO-CHEFIA;DORE;Manutenção;2008-11-01;2011-12-31;C033-Linhas: 11/12 - Coral/Safira;False;Inativo
5.12.06.0.0;DEPTO DE MAN MAT ROD-ENG.S.PAULO-CHEFIA;DORE;Manutenção;2008-11-01;2011-12-31;C033-Linhas: 11/12 - Coral/Safira;False;Inativo
5.12.06.1;ABRIGO EG. S. PAULO - LINHAS 11/12;DORE;Manutenção;2008-11-01;2011-12-31;C033-Linhas: 11/12 - Coral/Safira;False;Inativo
5.12.06.1.0;ABRIGO EG. S. PAULO - LINHAS 11/12;DORE;Manutenção;2008-11-01;2011-12-31;C033-Linhas: 11/12 - Coral/Safira;False;Inativo
5.12.06.2;PÓRTICOS ROOSEVELT - LINHAS 11/12;DORE;Manutenção;2008-11-01;2011-12-31;C033-Linhas: 11/12 - Coral/Safira;False;Inativo
5.12.06.2.0;PÓRTICOS ROOSEVELT - LINHAS 11/12;DORE;Manutenção;2008-11-01;2011-12-31;C033-Linhas: 11/12 - Coral/Safira;False;Inativo
5.12.07;DEPTO DE OFIC MAN MAT ROD - CHEFIA;DORO;Manutenção;2008-11-01;2011-12-31;C041-Todas as Linhas Operacionais;False;Inativo
5.12.07.0;DEPTO DE OFIC MAN MAT ROD - CHEFIA;DORO;Manutenção;2008-11-01;2011-12-31;C041-Todas as Linhas Operacionais;False;Inativo
5.12.07.0.0;DEPTO DE OFIC MAN MAT ROD - CHEFIA;DORO;Manutenção;2008-11-01;2011-12-31;C041-Todas as Linhas Operacionais;False;Inativo
5.12.07.1;MANUT DE LOCOMOTIVAS E VAGÕES;DORO;Manutenção;2008-11-01;2011-12-31;C041-Todas as Linhas Operacionais;False;Inativo
5.12.07.1.0;MANUT DE LOCOMOTIVAS E VAGÕES;DORO;Manutenção;2008-11-01;2011-12-31;C041-Todas as Linhas Operacionais;False;Inativo
5.12.07.1.1;MANUT DE LOCOMOTIVAS E VAGÕES - PRES. AL;DORO;Manutenção;2008-11-01;2011-12-31;C032-Linhas: 8/9 - Diamante/Esmeralda;False;Inativo
5.12.07.1.2;MANUT DE LOCOMOTIVAS E VAGÕES - LAPA - L;DORO;Manutenção;2008-11-01;2011-12-31;C039-Linhas: 7/10/11/12 - Rubi/Turquesa/Coral/Safira;False;Inativo
5.12.07.2;OFICINA ELÉTRICA;DORO;Manutenção;2008-11-01;2011-12-31;C032-Linhas: 8/9 - Diamante/Esmeralda;False;Inativo
5.12.07.2.1;OFICINA ELÉTRICA - LINHAS 8/9;DORO;Manutenção;2008-11-01;2011-12-31;C032-Linhas: 8/9 - Diamante/Esmeralda;False;Inativo
5.12.07.2.2;OFICINA ELÉTRICA - LINHAS 7/10/11/12;DORO;Manutenção;2008-11-01;2011-12-31;C039-Linhas: 7/10/11/12 - Rubi/Turquesa/Coral/Safira;False;Inativo
5.12.07.2.3;OFICINA ELÉTRICA;DORO;Manutenção;2008-11-01;2011-12-31;C041-Todas as Linhas Operacionais;False;Inativo
5.12.07.3;OFICINA MECÂNICA - PRES. ALTINO;DORO;Manutenção;2008-11-01;2011-12-31;C041-Todas as Linhas Operacionais;False;Inativo
5.12.07.3.0;OFICINA MECÂNICA - PRES. ALTINO;DORO;Manutenção;2008-11-01;2011-12-31;C041-Todas as Linhas Operacionais;False;Inativo
5.12.07.3.1;OFICINA MECÂNICA - LINHAS 8/9;DORO;Manutenção;2008-11-01;2011-12-31;C032-Linhas: 8/9 - Diamante/Esmeralda;False;Inativo
5.12.07.3.2;OFICINA MECÂNICA - LINHAS 7/10/11/12;DORO;Manutenção;2008-11-01;2011-12-31;C039-Linhas: 7/10/11/12 - Rubi/Turquesa/Coral/Safira;False;Inativo
5.12.07.3.3;OFICINA MECÂNICA;DORO;Manutenção;2008-11-01;2011-12-31;C041-Todas as Linhas Operacionais;False;Inativo
5.12.07.4;EQUIPE-GESTÃO E PLANEJAMENTO;DORO;Manutenção;2008-11-01;2011-12-31;C041-Todas as Linhas Operacionais;False;Inativo
5.12.07.4.0;EQUIPE-GESTÃO E PLANEJAMENTO;DORO;Manutenção;2008-11-01;2011-12-31;C041-Todas as Linhas Operacionais;False;Inativo
5.12.07.4.1;EQUIPE-GESTÃO E PLANEJAMENTO - LINHAS 7/;DORO;Manutenção;2008-11-01;2011-12-31;C031-Linhas: 7/10 - Rubi/Turquesa;False;Inativo
5.12.07.4.2;EQUIPE-GESTÃO E PLANEJAMENTO - LINHAS 8/;DORO;Manutenção;2008-11-01;2011-12-31;C032-Linhas: 8/9 - Diamante/Esmeralda;False;Inativo
5.12.07.4.3;EQUIPE-GESTÃO E PLANEJAMENTO - LINHAS 11;DORO;Manutenção;2008-11-01;2011-12-31;C033-Linhas: 11/12 - Coral/Safira;False;Inativo
5.12.07.5;EQUIPE-CONTR SUPRIM DE MAT E TREINAM;DORO;Manutenção;2008-11-01;2011-12-31;C041-Todas as Linhas Operacionais;False;Inativo
5.12.07.5.0;EQUIPE-CONTR SUPRIM DE MAT E TREINAM;DORO;Manutenção;2008-11-01;2011-12-31;C041-Todas as Linhas Operacionais;False;Inativo
5.13;GERENCIA DE ENGENHARIA DE MANUTENÇÃO;GOT;Manutenção;2008-11-01;2011-12-31;C071-Custos Indiretos - Operação;False;Inativo
5.13.00;GERENCIA DE ENGENHARIA DE MANUTENÇÃO;GOT;Manutenção;2008-11-01;2011-12-31;C071-Custos Indiretos - Operação;False;Inativo
5.13.00.0;GERENCIA DE ENGENHARIA DE MANUTENÇÃO;GOT;Manutenção;2008-11-01;2011-12-31;C071-Custos Indiretos - Operação;False;Inativo
5.13.00.0.0;GERENCIA DE ENGENHARIA DE MANUTENÇÃO;GOT;Manutenção;2008-11-01;2011-12-31;C071-Custos Indiretos - Operação;False;Inativo
5.13.01;DEPTO DE ENGENHARIA DE MANUTENÇÃO DE VIA;DOTV;Manutenção;2008-11-01;2011-12-31;C041-Todas as Linhas Operacionais;False;Inativo
5.13.01.0;DEPTO DE ENGENHARIA DE MANUTENÇÃO DE VIA;DOTV;Manutenção;2008-11-01;2011-12-31;C041-Todas as Linhas Operacionais;False;Inativo
5.13.01.0.0;DEPTO DE ENGENHARIA DE MANUTENÇÃO DE VIA;DOTV;Manutenção;2008-11-01;2011-12-31;C041-Todas as Linhas Operacionais;False;Inativo
5.13.02;DEPTO DE ENG DE MAT RODANTE-CHEFIA;DOTM;Manutenção;2008-11-01;2011-12-31;C041-Todas as Linhas Operacionais;False;Inativo
5.13.02.0;DEPTO DE ENG DE MAT RODANTE-CHEFIA;DOTM;Manutenção;2008-11-01;2011-12-31;C041-Todas as Linhas Operacionais;False;Inativo
5.13.02.0.0;DEPTO DE ENG DE MAT RODANTE-CHEFIA;DOTM;Manutenção;2008-11-01;2011-12-31;C041-Todas as Linhas Operacionais;False;Inativo
5.13.02.1;DEPTO DE ENG DE MANUT MAT ROD - EQUIPES;DOTM;Manutenção;2008-11-01;2011-12-31;C041-Todas as Linhas Operacionais;False;Inativo
5.13.02.1.0;DEPTO DE ENG DE MANUT MAT ROD - EQUIPES;DOTM;Manutenção;2008-11-01;2011-12-31;C041-Todas as Linhas Operacionais;False;Inativo
5.13.03;DEPTO.DE ENG DE MAN INST FIXAS-CHEFIA;DOTI;Manutenção;2008-11-01;2011-12-31;C041-Todas as Linhas Operacionais;False;Inativo
5.13.03.0;DEPTO.DE ENG DE MAN INST FIXAS-CHEFIA;DOTI;Manutenção;2008-11-01;2011-12-31;C041-Todas as Linhas Operacionais;False;Inativo
5.13.03.0.0;DEPTO.DE ENG DE MAN INST FIXAS-CHEFIA;DOTI;Manutenção;2008-11-01;2011-12-31;C041-Todas as Linhas Operacionais;False;Inativo
5.13.03.1;DEPTO DE ENG DE MANUT INST FIXAS-EQUIPES;DOTI;Manutenção;2008-11-01;2011-12-31;C041-Todas as Linhas Operacionais;False;Inativo
5.13.03.1.0;DEPTO DE ENG DE MANUT INST FIXAS-EQUIPES;DOTI;Manutenção;2008-11-01;2011-12-31;C041-Todas as Linhas Operacionais;False;Inativo
6;DIRETORIA DE OPERAÇÃO E MANUTENÇÃO;DO;Operacional;2008-11-01;;C071-Custos Indiretos - Operação;True;Ativo
6.10;GERENCIA GERAL DE OPERAÇÃO;GOO;Operacional;2008-11-01;2011-12-31;C071-Custos Indiretos - Operação;False;Inativo
6.10.00;GERENCIA GERAL DE OPERAÇÃO;GOO;Operacional;2008-11-01;2011-12-31;C071-Custos Indiretos - Operação;False;Inativo
6.10.00.0;GERENCIA GERAL DE OPERAÇÃO;GOO;Operacional;2008-11-01;2011-12-31;C071-Custos Indiretos - Operação;False;Inativo
6.10.00.0.0;GERENCIA GERAL DE OPERAÇÃO;GOO;Operacional;2008-11-01;2011-12-31;C071-Custos Indiretos - Operação;False;Inativo
6.11;GERÊNCIA CIRCULAÇÃO E CONTR.OPERACIONAL;GOC;Operacional;2008-11-01;2011-12-31;C071-Custos Indiretos - Operação;False;Inativo
6.11.00;GERÊNCIA CIRCULAÇÃO E CONTR.OPERACIONAL;GOC;Operacional;2008-11-01;2011-12-31;C071-Custos Indiretos - Operação;False;Inativo
6.11.00.0;GERÊNCIA CIRCULAÇÃO E CONTR.OPERACIONAL;GOC;Operacional;2008-11-01;2011-12-31;C071-Custos Indiretos - Operação;False;Inativo
6.11.00.0.0;GERÊNCIA CIRCULAÇÃO E CONTR.OPERACIONAL;GOC;Operacional;2008-11-01;2011-12-31;C071-Custos Indiretos - Operação;False;Inativo
6.11.01;DEPTO DE CONTROLE OPERACIONAL;DOCP;Operacional;2008-11-01;2011-12-31;C041-Todas as Linhas Operacionais;False;Inativo
6.11.01.0;DEPTO DE CONTROLE OPERACIONAL-CHEFIA;DOCP;Operacional;2008-11-01;2011-12-31;C041-Todas as Linhas Operacionais;False;Inativo
6.11.01.0.0;DEPTO DE CONTROLE OPERACIONAL-CHEFIA;DOCP;Operacional;2008-11-01;2011-12-31;C041-Todas as Linhas Operacionais;False;Inativo
6.11.01.1;CONTROLE DE TRÁFEGO - CCO LUZ - LINHAS 7;DOCP;Operacional;2008-11-01;2011-12-31;C031-Linhas: 7/10 - Rubi/Turquesa;False;Inativo
6.11.01.1.0;CONTROLE DE TRÁFEGO - CCO LUZ - LINHAS 7;DOCP;Operacional;2008-11-01;2011-12-31;C031-Linhas: 7/10 - Rubi/Turquesa;False;Inativo
6.11.01.2;CONTROLE DE TRÁFEGO - CCO PRES.ALTINO -;DOCP;Operacional;2008-11-01;2011-12-31;C032-Linhas: 8/9 - Diamante/Esmeralda;False;Inativo
6.11.01.2.0;CONTROLE DE TRÁFEGO - CCO PRES.ALTINO -;DOCP;Operacional;2008-11-01;2011-12-31;C032-Linhas: 8/9 - Diamante/Esmeralda;False;Inativo
6.11.01.3;CONTROLE DE TRÁFEGO - CCO BRAS - LINHAS;DOCP;Operacional;2008-11-01;2011-12-31;C033-Linhas: 11/12 - Coral/Safira;False;Inativo
6.11.01.3.0;CONTROLE DE TRÁFEGO - CCO BRAS - LINHAS;DOCP;Operacional;2008-11-01;2011-12-31;C033-Linhas: 11/12 - Coral/Safira;False;Inativo
6.11.02;DEPTO DE CIRCULACAO;DOCC;Operacional;2008-11-01;2011-12-31;C041-Todas as Linhas Operacionais;False;Inativo
6.11.02.0;DEPTO DE CIRCULACAO;DOCC;Operacional;2008-11-01;2011-12-31;C041-Todas as Linhas Operacionais;False;Inativo
6.14;GERENCIA DE ESTACOES E SERVICOS-LINHAS 8;GOB;Operacional;2008-11-01;2011-02-28;C032-Linhas: 8/9 - Diamante/Esmeralda;False;Inativo
6.14.00;GERENCIA DE ESTACOES E SERVICOS-LINHAS 8;GOB;Operacional;2008-11-01;2011-02-28;C032-Linhas: 8/9 - Diamante/Esmeralda;False;Inativo
6.14.00.0;GERENCIA DE ESTACOES E SERVICOS-LINHAS 8;GOB;Operacional;2008-11-01;2011-02-28;C032-Linhas: 8/9 - Diamante/Esmeralda;False;Inativo
6.14.00.0.0;GERENCIA DE ESTACOES E SERVICOS-LINHAS 8;GOB;Operacional;2008-11-01;2011-02-28;C032-Linhas: 8/9 - Diamante/Esmeralda;False;Inativo
6.14.01;DEPTO OPERAÇÃO E SERVIÇOS-LINHA 8-CHEFIA;DOBB;Operacional;2008-11-01;2011-02-28;C008-Linha: 8 - Diamante;False;Inativo
6.14.01.0;DEPTO OPERAÇÃO E SERVIÇOS-LINHA 8-CHEFIA;DOBB;Operacional;2008-11-01;2011-02-28;C008-Linha: 8 - Diamante;False;Inativo
6.14.01.0.0;DEPTO OPERAÇÃO E SERVIÇOS-LINHA 8-CHEFIA;DOBB;Operacional;2008-11-01;2011-02-28;C008-Linha: 8 - Diamante;False;Inativo
6.14.01.1;ESTAÇÃO JÚLIO PRESTES;JPR;Operacional;2008-11-01;2011-02-28;C008-Linha: 8 - Diamante;False;Inativo
6.14.01.1.0;ESTAÇÃO JÚLIO PRESTES;JPR;Operacional;2008-11-01;2011-02-28;C008-Linha: 8 - Diamante;False;Inativo
6.14.02;DEPTO OPERAÇÃO E SERVIÇOS-LINHA 9-CHEFIA;DOBC;Operacional;2008-11-01;2011-02-28;C009-Linha: 9 - Esmeralda;False;Inativo
6.14.02.0;DEPTO OPERAÇÃO E SERVIÇOS-LINHA 9-CHEFIA;DOBC;Operacional;2008-11-01;2011-02-28;C009-Linha: 9 - Esmeralda;False;Inativo
6.14.02.0.0;DEPTO OPERAÇÃO E SERVIÇOS-LINHA 9-CHEFIA;DOBC;Operacional;2008-11-01;2011-02-28;C009-Linha: 9 - Esmeralda;False;Inativo
6.14.02.1;ESTAÇÃO OSASCO;OSA;Operacional;2008-11-01;2011-02-28;C009-Linha: 9 - Esmeralda;False;Inativo
6.14.02.1.0;ESTAÇÃO OSASCO;OSA;Operacional;2008-11-01;2011-02-28;C009-Linha: 9 - Esmeralda;False;Inativo
6.15;GERENCIA DE ESTACOES E SERVICOS-LINHAS 1;GOE;Operacional;2008-11-01;2011-02-28;C033-Linhas: 11/12 - Coral/Safira;False;Inativo
6.15.00;GERENCIA DE ESTACOES E SERVICOS-LINHAS 1;GOE;Operacional;2008-11-01;2011-02-28;C033-Linhas: 11/12 - Coral/Safira;False;Inativo
6.15.00.0;GERENCIA DE ESTACOES E SERVICOS-LINHAS 1;GOE;Operacional;2008-11-01;2011-02-28;C033-Linhas: 11/12 - Coral/Safira;False;Inativo
6.15.00.0.0;GERENCIA DE ESTACOES E SERVICOS-LINHAS 1;GOE;Operacional;2008-11-01;2011-02-28;C033-Linhas: 11/12 - Coral/Safira;False;Inativo
6.15.01;DEPTO OPERAÇÃO E SERVIÇOS-LINHA11-CHEFIA;DOEE;Operacional;2008-11-01;2011-02-28;C011-Linha: 11 - Coral;False;Inativo
6.15.01.0;DEPTO OPERAÇÃO E SERVIÇOS-LINHA11-CHEFIA;DOEE;Operacional;2008-11-01;2011-02-28;C011-Linha: 11 - Coral;False;Inativo
6.15.01.0.0;DEPTO OPERAÇÃO E SERVIÇOS-LINHA11-CHEFIA;DOEE;Operacional;2008-11-01;2011-02-28;C011-Linha: 11 - Coral;False;Inativo
6.15.01.1;ESTAÇÃO CORINTHIANS/ITAQUERA (EXP.LESTE);ITQ;Operacional;2008-11-01;2011-02-28;C011-Linha: 11 - Coral;False;Inativo
6.15.01.1.0;ESTAÇÃO CORINTHIANS/ITAQUERA (EXP.LESTE);ITQ;Operacional;2008-11-01;2011-02-28;C011-Linha: 11 - Coral;False;Inativo
6.15.02;DEPTO OPERAÇÃO E SERVIÇOS-LINHA12-CHEFIA;DOEF;Operacional;2008-11-01;2011-02-28;C012-Linha: 12 - Safira;False;Inativo
6.15.02.0;DEPTO OPERAÇÃO E SERVIÇOS-LINHA12-CHEFIA;DOEF;Operacional;2008-11-01;2011-02-28;C012-Linha: 12 - Safira;False;Inativo
6.15.02.0.0;DEPTO OPERAÇÃO E SERVIÇOS-LINHA12-CHEFIA;DOEF;Operacional;2008-11-01;2011-02-28;C012-Linha: 12 - Safira;False;Inativo
6.15.02.1;ESTAÇÃO BRÁS(EXPRESSO LESTE);BAS;Operacional;2008-11-01;2011-02-28;C012-Linha: 12 - Safira;False;Inativo
6.15.02.1.0;ESTAÇÃO BRÁS(EXPRESSO LESTE);BAS;Operacional;2008-11-01;2011-02-28;C012-Linha: 12 - Safira;False;Inativo
6.16;GERENCIA DE ENGENHARIA DE OPERAÇÃO;GOG;Operacional;2008-11-01;2011-12-31;C071-Custos Indiretos - Operação;False;Inativo
6.16.00;GERENCIA DE ENGENHARIA DE OPERAÇÃO;GOG;Operacional;2008-11-01;2011-12-31;C071-Custos Indiretos - Operação;False;Inativo
6.16.00.0;GERENCIA DE ENGENHARIA DE OPERAÇÃO;GOG;Operacional;2008-11-01;2011-12-31;C071-Custos Indiretos - Operação;False;Inativo
6.16.00.0.0;GERENCIA DE ENGENHARIA DE OPERAÇÃO;GOG;Operacional;2008-11-01;2011-12-31;C071-Custos Indiretos - Operação;False;Inativo
6.16.01;DEPTO DE ENG DE CIRCULAÇÃO E CONTR OPERA;DOGO;Operacional;2008-11-01;2011-12-31;C041-Todas as Linhas Operacionais;False;Inativo
6.16.01.0;DEPTO DE ENG DE CIRCULAÇÃO E CONTR OPERA;DOGO;Operacional;2008-11-01;2011-12-31;C041-Todas as Linhas Operacionais;False;Inativo
6.16.01.0.0;DEPTO DE ENG DE CIRCULAÇÃO E CONTR OPERA;DOGO;Operacional;2008-11-01;2011-12-31;C041-Todas as Linhas Operacionais;False;Inativo
6.16.01.1;DEPTO DE ENG DE CIRCULAÇÃO E CONTR OPERA;DOGO;Operacional;2008-11-01;2011-12-31;C041-Todas as Linhas Operacionais;False;Inativo
6.16.01.1.0;DEPTO DE ENG DE CIRCULAÇÃO E CONTR OPERA;DOGO;Operacional;2008-11-01;2011-12-31;C041-Todas as Linhas Operacionais;False;Inativo
6.16.02;DEPTO DE ENG DE ESTAÇÕES E SERVIÇOS-CHEF;DOGE;Operacional;2008-11-01;2011-12-31;C041-Todas as Linhas Operacionais;False;Inativo
6.16.02.0;DEPTO DE ENG DE ESTAÇÕES E SERVIÇOS-CHEF;DOGE;Operacional;2008-11-01;2011-12-31;C041-Todas as Linhas Operacionais;False;Inativo
6.16.02.0.0;DEPTO DE ENG DE ESTAÇÕES E SERVIÇOS-CHEF;DOGE;Operacional;2008-11-01;2011-12-31;C041-Todas as Linhas Operacionais;False;Inativo
6.16.02.1;DEPTO DE ENG DE ESTAÇÕES E SERVIÇOS-EQUI;DOGE;Operacional;2008-11-01;2011-12-31;C041-Todas as Linhas Operacionais;False;Inativo
6.16.02.1.0;DEPTO DE ENG DE ESTAÇÕES E SERVIÇOS-EQUI;DOGE;Operacional;2008-11-01;2011-12-31;C041-Todas as Linhas Operacionais;False;Inativo
6.16.03;DEPTO DE ENG. DE SISTEMAS OPERAC.;DOGS;Operacional;2008-11-01;2011-12-31;C041-Todas as Linhas Operacionais;False;Inativo
6.16.03.0;DEPTO DE ENG. DE SISTEMAS OPERAC.;DOGS;Operacional;2008-11-01;2011-12-31;C041-Todas as Linhas Operacionais;False;Inativo
6.16.03.0.0;DEPTO DE ENG. DE SISTEMAS OPERAC.;DOGS;Operacional;2008-11-01;2011-12-31;C041-Todas as Linhas Operacionais;False;Inativo
9.01;GERAL DA COMPANHIA;GC;Administrativo;2012-01-01;;C081-Administração;True;Ativo
9.01.01;CESSÃO FEDERAL;Sem Sigla;Administrativo;2008-11-01;2011-12-31;C081-Administração;False;Inativo
9.01.01.0;CESSÃO FEDERAL;Sem Sigla;Administrativo;2008-11-01;2011-12-31;C081-Administração;False;Inativo
9.01.01.0.0;CESSÃO FEDERAL;Sem Sigla;Administrativo;2008-11-01;2011-12-31;C081-Administração;False;Inativo
9.01.02;CESSÃO ESTADUAL;Administrativo;Administrativo;2008-11-01;2011-12-31;C081-Administração;False;Inativo
9.01.02.0;CESSÃO ESTADUAL;Administrativo;Administrativo;2008-11-01;2011-12-31;C081-Administração;False;Inativo
9.01.02.0.0;CESSÃO ESTADUAL;Administrativo;Administrativo;2008-11-01;2011-12-31;C081-Administração;False;Inativo
9.01.03;CESSÃO MUNICIPAL;Administrativo;Administrativo;2008-11-01;2011-12-31;C081-Administração;False;Inativo
9.01.03.0;CESSÃO MUNICIPAL;Administrativo;Administrativo;2008-11-01;2011-12-31;C081-Administração;False;Inativo
9.01.03.0.0;CESSÃO MUNICIPAL;Administrativo;Administrativo;2008-11-01;2011-12-31;C081-Administração;False;Inativo
9.01.04;SINDICATOS;Administrativo;Administrativo;2008-11-01;2011-12-31;C081-Administração;False;Inativo
9.01.04.0;SINDICATOS;Administrativo;Administrativo;2008-11-01;2011-12-31;C081-Administração;False;Inativo
9.01.04.0.0;SINDICATOS;Administrativo;Administrativo;2008-11-01;2011-12-31;C081-Administração;False;Inativo
9.01.05;OUTROS;Administrativo;Administrativo;2008-11-01;2011-12-31;C081-Administração;False;Inativo
9.01.05.0;OUTROS;Administrativo;Administrativo;2008-11-01;2011-12-31;C081-Administração;False;Inativo
9.01.05.0.0;OUTROS;Administrativo;Administrativo;2008-11-01;2011-12-31;C081-Administração;False;Inativo
9.02;ENERGIA ELÉTRICA DE TRAÇÃO - LINHA A;Operacional;Operacional;2008-11-01;2011-12-31;C007-Linha: 7 - Rubi;False;Inativo
9.02.00;ENERGIA ELÉTRICA DE TRAÇÃO - LINHA A;Operacional;Operacional;2008-11-01;2011-12-31;C007-Linha: 7 - Rubi;False;Inativo
9.02.00.0;ENERGIA ELÉTRICA DE TRAÇÃO - LINHA A;Operacional;Operacional;2008-11-01;2011-12-31;C007-Linha: 7 - Rubi;False;Inativo
9.02.00.0.0;ENERGIA ELÉTRICA DE TRAÇÃO - LINHA A;Operacional;Operacional;2008-11-01;2011-12-31;C007-Linha: 7 - Rubi;False;Inativo
9.03;DEPRECIAÇÃO - DF;Administrativo;Administrativo;2008-11-01;2011-12-31;C081-Administração;False;Inativo
9.03.00;DEPRECIAÇÃO - DF;Administrativo;Administrativo;2008-11-01;2011-12-31;C081-Administração;False;Inativo
9.03.00.0;DEPRECIAÇÃO - DF;Administrativo;Administrativo;2008-11-01;2011-12-31;C081-Administração;False;Inativo
9.03.00.0.0;DEPRECIAÇÃO - DF;Administrativo;Administrativo;2008-11-01;2011-12-31;C081-Administração;False;Inativo
9.03.02;DEPRECIAÇÃO - EDIF. DEPEND. - LINHA A;Manutenção;Manutenção;2008-11-01;2011-12-31;C007-Linha: 7 - Rubi;False;Inativo
9.03.02.0;DEPRECIAÇÃO - EDIF. DEPEND. - LINHA A;Manutenção;Manutenção;2008-11-01;2011-12-31;C007-Linha: 7 - Rubi;False;Inativo
9.03.02.0.0;DEPRECIAÇÃO - EDIF. DEPEND. - LINHA A;Manutenção;Manutenção;2008-11-01;2011-12-31;C007-Linha: 7 - Rubi;False;Inativo
9.03.03;DEPRECIAÇÃO - EQUIP. MÁQ. FERRAM. - A;Manutenção;Manutenção;2008-11-01;2011-12-31;C007-Linha: 7 - Rubi;False;Inativo
9.03.03.0;DEPRECIAÇÃO - EQUIP. MÁQ. FERRAM. - A;Manutenção;Manutenção;2008-11-01;2011-12-31;C007-Linha: 7 - Rubi;False;Inativo
9.03.03.0.0;DEPRECIAÇÃO - EQUIP. MÁQ. FERRAM. - A;Manutenção;Manutenção;2008-11-01;2011-12-31;C007-Linha: 7 - Rubi;False;Inativo
9.03.04;DEPRECIAÇÃO - ESTAÇÕES - LINHA A;Operacional;Operacional;2008-11-01;2011-12-31;C007-Linha: 7 - Rubi;False;Inativo
9.03.04.0;DEPRECIAÇÃO - ESTAÇÕES - LINHA A;Operacional;Operacional;2008-11-01;2011-12-31;C007-Linha: 7 - Rubi;False;Inativo
9.03.04.0.0;DEPRECIAÇÃO - ESTAÇÕES - LINHA A;Operacional;Operacional;2008-11-01;2011-12-31;C007-Linha: 7 - Rubi;False;Inativo
9.03.05;DEPRECIAÇÃO - SIST. ELÉTR. ELETRÔN. - A;Manutenção;Manutenção;2008-11-01;2011-12-31;C007-Linha: 7 - Rubi;False;Inativo
9.03.05.0;DEPRECIAÇÃO - SIST. ELÉTR. ELETRÔN. - A;Manutenção;Manutenção;2008-11-01;2011-12-31;C007-Linha: 7 - Rubi;False;Inativo
9.03.05.0.0;DEPRECIAÇÃO - SIST. ELÉTR. ELETRÔN. - A;Manutenção;Manutenção;2008-11-01;2011-12-31;C007-Linha: 7 - Rubi;False;Inativo
9.03.06;DEPRECIAÇÃO - SUPERESTR. V. P. - A;Manutenção;Manutenção;2008-11-01;2011-12-31;C007-Linha: 7 - Rubi;False;Inativo
9.03.06.0;DEPRECIAÇÃO - SUPERESTR. V. P. - A;Manutenção;Manutenção;2008-11-01;2011-12-31;C007-Linha: 7 - Rubi;False;Inativo
9.03.06.0.0;DEPRECIAÇÃO - SUPERESTR. V. P. - A;Manutenção;Manutenção;2008-11-01;2011-12-31;C007-Linha: 7 - Rubi;False;Inativo
9.03.07;DEPRECIAÇÃO - TUE´s E LOCOM. - LINHA A;Operacional;Operacional;2008-11-01;2011-12-31;C007-Linha: 7 - Rubi;False;Inativo
9.03.07.0;DEPRECIAÇÃO - TUE´s E LOCOM. - LINHA A;Operacional;Operacional;2008-11-01;2011-12-31;C007-Linha: 7 - Rubi;False;Inativo
9.03.07.0.0;DEPRECIAÇÃO - TUE´s E LOCOM. - LINHA A;Operacional;Operacional;2008-11-01;2011-12-31;C007-Linha: 7 - Rubi;False;Inativo
9.03.08;DEPRECIAÇÃO - VEÍCULOS RODOV. - MANUT.;Manutenção;Manutenção;2008-11-01;2011-12-31;C012-Linha: 12 - Safira;False;Inativo
9.03.08.0;DEPRECIAÇÃO - VEÍCULOS RODOV. - MANUT.;Manutenção;Manutenção;2008-11-01;2011-12-31;C012-Linha: 12 - Safira;False;Inativo
9.03.08.0.0;DEPRECIAÇÃO - VEÍCULOS RODOV. - MANUT.;Manutenção;Manutenção;2008-11-01;2011-12-31;C012-Linha: 12 - Safira;False;Inativo
5.11.07.3.1.32;SINALIZAÇÃO - LINHA 12;DOFS;Manutenção;2008-11-01;2011-12-31;C012-Linha: 12 - Safira;False;Inativo
5.90.01.0.0.00;EXPRESSO TURÍSTICO - JUNDIAÍ;LJUN;Manutenção;2009-04-01;2011-12-31;C021-Expresso Turístico - Jundiaí;False;Inativo
4.14.00.0.0.00;GERÊNCIA DE ENGENHARIA DE INFRAESTRUTURA;GEE;Administrativo;2008-12-01;2010-04-30;C081-Administração;False;Inativo
4.14.00.0.0;GERÊNCIA DE ENGENHARIA DE INFRAESTRUTURA;GEE;Administrativo;2008-12-01;2011-12-31;C081-Administração;False;Inativo
4.14.00.0;GERÊNCIA DE ENGENHARIA DE INFRAESTRUTURA;GEE;Administrativo;2008-12-01;2011-12-31;C081-Administração;False;Inativo
4.14.00;GERÊNCIA DE ENGENHARIA DE INFRAESTRUTURA;GEE;Administrativo;2008-12-01;2011-12-31;C081-Administração;False;Inativo
4.14;GERÊNCIA DE ENGENHARIA DE INFRAESTRUTURA;GEE;Administrativo;2008-12-01;2011-12-31;C081-Administração;False;Inativo
5.11.06.1.1.11;REDE AÉREA - LINHA 7;DOFE;Manutenção;2008-11-01;2011-12-31;C007-Linha: 7 - Rubi;False;Inativo
5.11.06.1.1.12;REDE AÉREA - LINHA 10;DOFE;Manutenção;2008-11-01;2011-12-31;C010-Linha: 10 - Turquesa;False;Inativo
5.11.01.3;DEPTO DE MANUT. VIA PERMANENTE-CHEFIA;DOFM;Manutenção;2009-02-01;2011-12-31;C041-Todas as Linhas Operacionais;False;Inativo
5.11.01.3.0;OFICINA PROD.COMPON.-VIA PERMAN. - LAPA;DOFM;Manutenção;2009-02-01;2011-12-31;C041-Todas as Linhas Operacionais;False;Inativo
5.11.01.3.0.00;OFICINA PROD.COMPON.-VIA PERMAN. - LAPA;DOFM;Manutenção;2009-02-01;2011-12-31;C041-Todas as Linhas Operacionais;False;Inativo
5.11.01.4;OFICINA SOLDA VIA PERMANENTE - PIRITUBA;DOFM;Manutenção;2009-02-01;2011-12-31;C041-Todas as Linhas Operacionais;False;Inativo
5.11.01.4.0;OFICINA SOLDA VIA PERMANENTE - PIRITUBA;DOFM;Manutenção;2009-02-01;2011-12-31;C041-Todas as Linhas Operacionais;False;Inativo
5.11.01.4.0.00;OFICINA SOLDA VIA PERMANENTE - PIRITUBA;DOFM;Manutenção;2009-02-01;2011-12-31;C041-Todas as Linhas Operacionais;False;Inativo
6.11.03.2;LAVADOR CARROS BARRA FUNDA-LINHAS 7 / 10;DOCT;Operacional;2009-04-01;2011-12-31;C031-Linhas: 7/10 - Rubi/Turquesa;False;Inativo
6.11.03.2.0;LAVADOR CARROS BARRA FUNDA-LINHAS 7 / 10;DOCT;Operacional;2009-04-01;2011-12-31;C031-Linhas: 7/10 - Rubi/Turquesa;False;Inativo
6.11.03.2.0.00;LAVADOR CARROS BARRA FUNDA-LINHAS 7 / 10;DOCT;Operacional;2009-04-01;2011-12-31;C031-Linhas: 7/10 - Rubi/Turquesa;False;Inativo
6.11.03.3;LAVADOR DE CARROS-P.ALTINO-LINHAS 8 / 9;DOCT;Operacional;2009-04-01;2011-12-31;C032-Linhas: 8/9 - Diamante/Esmeralda;False;Inativo
6.11.03.3.0;LAVADOR DE CARROS-P.ALTINO-LINHAS 8 / 9;DOCT;Operacional;2009-04-01;2011-12-31;C032-Linhas: 8/9 - Diamante/Esmeralda;False;Inativo
6.11.03.3.0.00;LAVADOR DE CARROS-P.ALTINO-LINHAS 8 / 9;DOCT;Operacional;2009-04-01;2011-12-31;C032-Linhas: 8/9 - Diamante/Esmeralda;False;Inativo
6.11.03.4;LAVADOR CARROS-JUNDIAPEBA-LINHAS 11 / 12;DOCT;Operacional;2009-04-01;2011-12-31;C033-Linhas: 11/12 - Coral/Safira;False;Inativo
6.11.03.4.0;LAVADOR CARROS-JUNDIAPEBA-LINHAS 11 / 12;DOCT;Operacional;2009-04-01;2011-12-31;C033-Linhas: 11/12 - Coral/Safira;False;Inativo
6.11.03.4.0.00;LAVADOR CARROS-JUNDIAPEBA-LINHAS 11 / 12;DOCT;Operacional;2009-04-01;2011-12-31;C033-Linhas: 11/12 - Coral/Safira;False;Inativo
2.13.03;DEPTO DE SERVIÇOS GERAIS;DFPS;Administrativo;2009-03-01;2010-02-28;C081-Administração;False;Inativo
2.13.03.0;DEPTO DE SERVIÇOS GERAIS;DFPS;Administrativo;2009-03-01;2010-02-28;C081-Administração;False;Inativo
2.13.03.0.0;DEPTO DE SERVIÇOS GERAIS;DFPS;Administrativo;2009-03-01;2010-02-28;C081-Administração;False;Inativo
2.13.03.0.0.00;DEPTO DE SERVIÇOS GERAIS;DFPS;Administrativo;2009-03-01;2010-02-28;C081-Administração;False;Inativo
6.10.00.1;INSPEÇÃO TEC. OPERACIONAL-EQUIPE;GOO;Operacional;2009-03-01;2011-12-31;C071-Custos Indiretos - Operação;False;Inativo
6.10.00.1.0;INSPEÇÃO TEC. OPERACIONAL-EQUIPE;GOO;Operacional;2009-03-01;2011-12-31;C071-Custos Indiretos - Operação;False;Inativo
6.10.00.1.0.00;INSPEÇÃO TEC. OPERACIONAL-EQUIPE;GOO;Operacional;2009-03-01;2011-12-31;C071-Custos Indiretos - Operação;False;Inativo
5.11.07.4.4;OFIC. ELÉTRICA - LABORAT. PRES. ALTINO;DOFS;Manutenção;2008-11-01;2011-12-31;C041-Todas as Linhas Operacionais;False;Inativo
5.11.07.4.4.00;OFIC. ELÉTRICA - LABORAT. PRES. ALTINO;DOFS;Manutenção;2008-12-01;2011-12-31;C041-Todas as Linhas Operacionais;False;Inativo
5.90;ENERGIA ELÉTRICA DE TRAÇÃO;EET;Manutenção;2012-01-01;;C041-Todas as Linhas Operacionais;True;Ativo
6.90;EXPRESSO TURÍSTICO;EXTUR;Operacional;2009-04-01;2011-12-31;C021-Expresso Turístico - Jundiaí;False;Inativo
5.90.01;EXPRESSO TURÍSTICO - JUNDIAÍ;LJUN;Manutenção;2009-04-01;2011-12-31;C021-Expresso Turístico - Jundiaí;False;Inativo
5.90.01.0;EXPRESSO TURÍSTICO - JUNDIAÍ;LJUN;Manutenção;2009-04-01;2011-12-31;C021-Expresso Turístico - Jundiaí;False;Inativo
5.90.01.0.0;EXPRESSO TURÍSTICO - JUNDIAÍ;LJUN;Manutenção;2009-04-01;2011-12-31;C021-Expresso Turístico - Jundiaí;False;Inativo
6.90.01;EXPRESSO TURÍSTICO - JUNDIAÍ;LJUN;Operacional;2009-04-01;2011-12-31;C021-Expresso Turístico - Jundiaí;False;Inativo
6.90.01.0;EXPRESSO TURÍSTICO - JUNDIAÍ;LJUN;Operacional;2009-04-01;2011-12-31;C021-Expresso Turístico - Jundiaí;False;Inativo
6.90.01.0.0;EXPRESSO TURÍSTICO - JUNDIAÍ;LJUN;Operacional;2009-04-01;2011-12-31;C021-Expresso Turístico - Jundiaí;False;Inativo
6.90.01.0.0.00;EXPRESSO TURÍSTICO - JUNDIAÍ;LJUN;Operacional;2009-04-01;2011-12-31;C021-Expresso Turístico - Jundiaí;False;Inativo
9.01.03.0.0.11;PREFEITURA MUNICIPAL DE JUNDIAÍ;ADMI;Administrativo;2009-06-01;2011-12-31;C081-Administração;False;Inativo
9.01.02.0.0.23;SECRET. DE ECONOMIA E PLANEJAMENTO;ADM;Administrativo;2009-08-01;2011-12-31;C081-Administração;False;Inativo
1.00.04;ASSES MONIT AVAL DESEMP OPERACIONAL;ARD;Administrativo;2010-05-01;2011-12-31;C081-Administração;False;Inativo
1.00.04.0;ASSES MONIT AVAL DESEMP OPERACIONAL;ARD;Administrativo;2010-05-01;2011-12-31;C081-Administração;False;Inativo
1.00.04.0.0;ASSES MONIT AVAL DESEMP OPERACIONAL;ARD;Administrativo;2010-05-01;2011-12-31;C081-Administração;False;Inativo
1.00.11.0;OUVIDORIA;DROV;Administrativo;2010-05-01;2011-12-31;C081-Administração;False;Inativo
1.00.04.0.0.00;ASSES MONIT AVAL DESEMP OPERACIONAL;ARD;Administrativo;2010-05-01;2011-01-31;C081-Administração;False;Inativo
1.00.11;OUVIDORIA;DROV;Administrativo;2010-05-01;2011-12-31;C081-Administração;False;Inativo
1.00.11.0.0;OUVIDORIA;DROV;Administrativo;2010-05-01;2011-12-31;C081-Administração;False;Inativo
1.00.11.0.0.00;OUVIDORIA;DROV;Administrativo;2010-05-01;2011-12-31;C081-Administração;False;Inativo
1.00.12;SERVICO ATEND AO USUARIO;SAU;Administrativo;2010-05-01;2011-01-31;C081-Administração;False;Inativo
1.00.12.0;SERVICO ATEND AO USUARIO;SAU;Administrativo;2010-05-01;2011-01-31;C081-Administração;False;Inativo
1.00.12.0.0;SERVICO ATEND AO USUARIO;SAU;Administrativo;2010-05-01;2011-01-31;C081-Administração;False;Inativo
1.00.12.0.0.00;SERVICO ATEND AO USUARIO;SAU;Administrativo;2010-05-01;2011-01-31;C081-Administração;False;Inativo
1.00.12.1;SERVICO ATEND AO USUARIO-EQUIPES;SAU;Administrativo;2010-05-01;2011-01-31;C081-Administração;False;Inativo
1.00.12.1.0;SERVICO ATEND AO USUARIO-EQUIPES;SAU;Administrativo;2010-05-01;2011-01-31;C081-Administração;False;Inativo
1.00.12.1.0.00;SERVICO ATEND AO USUARIO-EQUIPES;SAU;Administrativo;2010-05-01;2011-01-31;C081-Administração;False;Inativo
1.00.12.2;ATENDIMENTO EMERGENCIAL;SAU;Administrativo;2010-05-01;2011-01-31;C081-Administração;False;Inativo
1.00.12.2.0;ATENDIMENTO EMERGENCIAL;SAU;Administrativo;2010-05-01;2011-01-31;C081-Administração;False;Inativo
1.00.12.2.0.00;ATENDIMENTO EMERGENCIAL;SAU;Administrativo;2010-05-01;2011-01-31;C081-Administração;False;Inativo
4.15;GERÊNCIA DE IMPLANTAÇÃO DE OBRAS CIVIS;GEO;Administrativo;2010-05-01;2011-12-31;C081-Administração;False;Inativo
4.15.00;GERÊNCIA DE IMPLANTAÇÃO DE OBRAS CIVIS;GEO;Administrativo;2010-05-01;2011-12-31;C081-Administração;False;Inativo
4.15.00.0;GERÊNCIA DE IMPLANTAÇÃO DE OBRAS CIVIS;GEO;Administrativo;2010-05-01;2011-12-31;C081-Administração;False;Inativo
4.15.00.0.0;GERÊNCIA DE IMPLANTAÇÃO DE OBRAS CIVIS;GEO;Administrativo;2010-05-01;2011-12-31;C081-Administração;False;Inativo
4.15.00.0.0.00;GERÊNCIA DE IMPLANTAÇÃO DE OBRAS CIVIS;GEO;Administrativo;2010-05-01;2011-12-31;C081-Administração;False;Inativo
4.16;GER. MONTAGEM VIA PERMAN. E REDE AEREA;GEM;Administrativo;2010-05-01;2011-12-31;C081-Administração;False;Inativo
4.16.00;GER. MONTAGEM VIA PERMAN. E REDE AEREA;GEM;Administrativo;2010-05-01;2011-12-31;C081-Administração;False;Inativo
4.16.00.0;GER. MONTAGEM VIA PERMAN. E REDE AEREA;GEM;Administrativo;2010-05-01;2011-12-31;C081-Administração;False;Inativo
4.16.00.0.0;GER. MONTAGEM VIA PERMAN. E REDE AEREA;GEM;Administrativo;2010-05-01;2011-12-31;C081-Administração;False;Inativo
4.16.00.0.0.00;GER. MONTAGEM VIA PERMAN. E REDE AEREA;GEM;Administrativo;2010-05-01;2011-12-31;C081-Administração;False;Inativo
6.14.03;DEPTO ESTAÇÕES E SERVIÇOS-LINHA 7-CHEFIA;DOBA;Operacional;2010-05-01;2011-02-28;C007-Linha: 7 - Rubi;False;Inativo
6.14.03.0;DEPTO ESTAÇÕES E SERVIÇOS-LINHA 7-CHEFIA;DOBA;Operacional;2010-05-01;2011-02-28;C007-Linha: 7 - Rubi;False;Inativo
6.14.03.0.0;DEPTO ESTAÇÕES E SERVIÇOS-LINHA 7-CHEFIA;DOBA;Operacional;2010-05-01;2011-02-28;C007-Linha: 7 - Rubi;False;Inativo
6.14.03.1.0;ESTAÇÃO ÁGUA BRANCA;ABR;Operacional;2010-05-01;2011-02-28;C007-Linha: 7 - Rubi;False;Inativo
6.14.03.0.0.00;DEPTO ESTAÇÕES E SERVIÇOS-LINHA 7-CHEFIA;DOBA;Operacional;2010-05-01;2011-02-28;C007-Linha: 7 - Rubi;False;Inativo
6.14.03.1;ESTAÇÃO ÁGUA BRANCA;ABR;Operacional;2010-05-01;2011-02-28;C007-Linha: 7 - Rubi;False;Inativo
6.14.03.1.0.01;ESTAÇÃO ÁGUA BRANCA;ABR;Operacional;2010-05-01;2011-02-28;C007-Linha: 7 - Rubi;False;Inativo
6.14.03.1.0.02;ESTAÇÃO LAPA 7;LPA;Operacional;2010-05-01;2011-02-28;C007-Linha: 7 - Rubi;False;Inativo
6.14.03.1.0.03;ESTAÇÃO PIQUERI;PQR;Operacional;2010-05-01;2011-02-28;C007-Linha: 7 - Rubi;False;Inativo
6.14.03.1.0.04;ESTAÇÃO PIRITUBA;PRT;Operacional;2010-05-01;2011-02-28;C007-Linha: 7 - Rubi;False;Inativo
6.14.03.1.0.05;ESTAÇÃO VILA CLARICE;VCL;Operacional;2010-05-01;2011-02-28;C007-Linha: 7 - Rubi;False;Inativo
6.14.03.1.0.06;ESTAÇÃO JARAGUÁ;JRG;Operacional;2010-05-01;2011-02-28;C007-Linha: 7 - Rubi;False;Inativo
6.14.03.1.0.07;ESTAÇÃO PERUS;PRU;Operacional;2010-05-01;2011-02-28;C007-Linha: 7 - Rubi;False;Inativo
6.14.03.1.0.08;ESTAÇÃO CAIEIRAS;CAI;Operacional;2010-05-01;2011-02-28;C007-Linha: 7 - Rubi;False;Inativo
6.14.03.1.0.09;ESTAÇÃO FRANCO DA ROCHA;FDR;Operacional;2010-05-01;2011-02-28;C007-Linha: 7 - Rubi;False;Inativo
6.14.03.1.0.10;ESTAÇÃO BALTAZAR FIDELIS;BFI;Operacional;2010-05-01;2011-02-28;C007-Linha: 7 - Rubi;False;Inativo
6.14.03.1.0.11;ESTAÇÃO FRANCISCO MORATO;FMO;Operacional;2010-05-01;2011-02-28;C007-Linha: 7 - Rubi;False;Inativo
6.14.03.1.0.12;ESTAÇÃO BOTUJURU;BTJ;Operacional;2010-05-01;2011-02-28;C007-Linha: 7 - Rubi;False;Inativo
6.14.03.1.0.13;ESTAÇÃO CAMPO LIMPO PAULISTA;CLP;Operacional;2010-05-01;2011-02-28;C007-Linha: 7 - Rubi;False;Inativo
6.12.02.1.0.01;SEGURANÇA OPERACIONAL - LINHA 7;DOSV;Operacional;2010-01-01;2011-12-31;C007-Linha: 7 - Rubi;False;Inativo
6.12.02.1.0.02;SEGURANÇA OPERACIONAL - LINHA 10;DOSV;Operacional;2010-01-01;2011-12-31;C010-Linha: 10 - Turquesa;False;Inativo
6.12.02.2.0.01;SEGURANÇA OPERACIONAL - LINHA 8;DOSV;Operacional;2010-01-01;2011-12-31;C008-Linha: 8 - Diamante;False;Inativo
6.12.02.2.0.02;SEGURANÇA OPERACIONAL - LINHA 9;DOSV;Operacional;2010-01-01;2011-12-31;C009-Linha: 9 - Esmeralda;False;Inativo
6.12.02.3.0.01;SEGURANÇA OPERACIONAL - LINHA 11;DOSV;Operacional;2010-01-01;2011-12-31;C011-Linha: 11 - Coral;False;Inativo
6.12.02.3.0.02;SEGURANÇA OPERACIONAL - LINHA 12;DOSV;Operacional;2010-01-01;2011-12-31;C012-Linha: 12 - Safira;False;Inativo
5.12.04.1.0.07;ABRIGO LAPA - LINHA 7;DORA;Manutenção;2010-01-01;2011-12-31;C007-Linha: 7 - Rubi;False;Inativo
5.12.04.2.0.10;OFICINAS - LUZ - LINHA 10;DORA;Manutenção;2010-01-01;2011-12-31;C010-Linha: 10 - Turquesa;False;Inativo
5.12.04.2.0.07;OFICINAS - LUZ - LINHA 7;DORA;Manutenção;2010-01-01;2011-12-31;C007-Linha: 7 - Rubi;False;Inativo
5.12.05.1.0.09;ABRIGO PRES. ALTINO - LINHA 9;DORB;Manutenção;2010-01-01;2011-12-31;C009-Linha: 9 - Esmeralda;False;Inativo
5.12.04.1.0.10;ABRIGO LAPA - LINHA 10;DORA;Manutenção;2010-01-01;2011-12-31;C010-Linha: 10 - Turquesa;False;Inativo
5.12.05.1.0.08;ABRIGO PRES. ALTINO - LINHA 8;DORB;Manutenção;2010-01-01;2011-12-31;C008-Linha: 8 - Diamante;False;Inativo
5.12.06.1.0.11;ABRIGO EG. S. PAULO - LINHA 11;DORE;Manutenção;2010-01-01;2011-12-31;C011-Linha: 11 - Coral;False;Inativo
5.12.06.1.0.12;ABRIGO EG. S. PAULO - LINHA 12;DORE;Manutenção;2010-01-01;2011-12-31;C012-Linha: 12 - Safira;False;Inativo
5.12.06.2.0.11;PÓRTICOS ROOSEVELT - LINHA 11;DORE;Manutenção;2010-01-01;2011-12-31;C011-Linha: 11 - Coral;False;Inativo
5.12.06.2.0.12;PÓRTICOS ROOSEVELT - LINHA 12;DORE;Manutenção;2010-01-01;2011-12-31;C012-Linha: 12 - Safira;False;Inativo
5.12.07.2.3.07;OFICINA ELÉTRICA - LINHA 7;DORO;Manutenção;2010-01-01;2011-12-31;C007-Linha: 7 - Rubi;False;Inativo
5.12.07.2.3.08;OFICINA ELÉTRICA - LINHA 8;DORO;Manutenção;2010-01-01;2011-12-31;C008-Linha: 8 - Diamante;False;Inativo
5.12.07.2.3.09;OFICINA ELÉTRICA - LINHA 9;DORO;Manutenção;2010-01-01;2011-12-31;C009-Linha: 9 - Esmeralda;False;Inativo
5.12.07.2.3.10;OFICINA ELÉTRICA - LINHA 10;DORO;Manutenção;2010-01-01;2011-12-31;C010-Linha: 10 - Turquesa;False;Inativo
5.12.07.2.3.11;OFICINA ELÉTRICA - LINHA 11;DORO;Manutenção;2010-01-01;2011-12-31;C011-Linha: 11 - Coral;False;Inativo
5.12.07.2.3.12;OFICINA ELÉTRICA - LINHA 12;DORO;Manutenção;2010-01-01;2011-12-31;C012-Linha: 12 - Safira;False;Inativo
5.11.07.2.1.21;SINALIZAÇÃO - LINHA 8;DOFS;Manutenção;2010-01-01;2011-12-31;C008-Linha: 8 - Diamante;False;Inativo
5.11.07.2.1.22;SINALIZAÇÃO - LINHA 9;DOFS;Manutenção;2010-01-01;2011-12-31;C009-Linha: 9 - Esmeralda;False;Inativo
6.14.03.1.0.14;ESTAÇÃO VÁRZEA PAULISTA;VLP;Operacional;2010-05-01;2011-02-28;C007-Linha: 7 - Rubi;False;Inativo
6.14.03.1.0.15;ESTAÇÃO JUNDIAÍ;JUN;Operacional;2010-05-01;2011-02-28;C007-Linha: 7 - Rubi;False;Inativo
6.15.03;DEPTO OPERAÇÃO E SERVIÇOS-LINHA10-CHEFIA;DOED;Operacional;2010-05-01;2011-02-28;C010-Linha: 10 - Turquesa;False;Inativo
6.15.03.0;DEPTO OPERAÇÃO E SERVIÇOS-LINHA10-CHEFIA;DOED;Operacional;2010-05-01;2011-02-28;C010-Linha: 10 - Turquesa;False;Inativo
6.15.03.0.0;DEPTO OPERAÇÃO E SERVIÇOS-LINHA10-CHEFIA;DOED;Operacional;2010-05-01;2011-02-28;C010-Linha: 10 - Turquesa;False;Inativo
6.15.03.0.0.00;DEPTO OPERAÇÃO E SERVIÇOS-LINHA10-CHEFIA;DOED;Operacional;2010-05-01;2011-02-28;C010-Linha: 10 - Turquesa;False;Inativo
6.15.03.1;ESTAÇÃO LUZ;LUZ;Operacional;2010-05-01;2011-02-28;C010-Linha: 10 - Turquesa;False;Inativo
6.15.03.1.0;ESTAÇÃO LUZ;LUZ;Operacional;2010-05-01;2011-02-28;C010-Linha: 10 - Turquesa;False;Inativo
0.10;CUSTOS INCORRIDOS A FATURAR;CIF;Administrativo;2010-03-01;2011-12-31;C073-Custos Incorridos a Faturar (Inativo);False;Inativo
6.15.03.1.0.02;ESTAÇÃO MOOCA;MOC;Operacional;2010-05-01;2011-02-28;C010-Linha: 10 - Turquesa;False;Inativo
6.15.03.1.0.03;ESTAÇÃO IPIRANGA;IPG;Operacional;2010-05-01;2011-02-28;C010-Linha: 10 - Turquesa;False;Inativo
6.15.03.1.0.04;ESTAÇÃO TAMANDUATEÍ;TMD;Operacional;2010-05-01;2011-02-28;C010-Linha: 10 - Turquesa;False;Inativo
6.15.03.1.0.05;ESTAÇÃO SÃO CAETANO;SCT;Operacional;2010-05-01;2011-02-28;C010-Linha: 10 - Turquesa;False;Inativo
6.15.03.1.0.06;ESTAÇÃO UTINGA;UTG;Operacional;2010-05-01;2011-02-28;C010-Linha: 10 - Turquesa;False;Inativo
6.15.03.1.0.07;ESTAÇÃO PREFEITO SALADINO;PSA;Operacional;2010-05-01;2011-02-28;C010-Linha: 10 - Turquesa;False;Inativo
6.15.03.1.0.08;ESTAÇÃO PREF. CELSO DANIEL-SANTO ANDRÉ;SAN;Operacional;2010-05-01;2011-02-28;C010-Linha: 10 - Turquesa;False;Inativo
6.15.03.1.0.09;ESTAÇÃO CAPUAVA;CPV;Operacional;2010-05-01;2011-02-28;C010-Linha: 10 - Turquesa;False;Inativo
6.15.03.1.0.10;ESTAÇÃO MAUÁ;MAU;Operacional;2010-05-01;2011-02-28;C010-Linha: 10 - Turquesa;False;Inativo
6.15.03.1.0.11;ESTAÇÃO GUAPITUBA;GPT;Operacional;2010-05-01;2011-02-28;C010-Linha: 10 - Turquesa;False;Inativo
6.15.03.1.0.12;ESTAÇÃO RIBEIRÃO PIRES;RPI;Operacional;2010-05-01;2011-02-28;C010-Linha: 10 - Turquesa;False;Inativo
6.15.03.1.0.13;ESTAÇÃO RIO GRANDE DA SERRA;RGS;Operacional;2010-05-01;2011-02-28;C010-Linha: 10 - Turquesa;False;Inativo
6.15.03.1.0.01;ESTAÇÃO LUZ;LUZ;Operacional;2010-05-01;2011-02-28;C010-Linha: 10 - Turquesa;False;Inativo
9.01.03.0.0.10;CESSÃO SECRET MUNIC MODERNIZAÇÃO, GESTÃO;ADMINISTRATIVO;Administrativo;2009-04-01;2011-12-31;C081-Administração;False;Inativo
1.00.02;ASSESSORIA PLANEJAMENTO EMPRESARIAL;ARP;Administrativo;2009-06-01;2011-01-31;C081-Administração;False;Inativo
1.00.02.0;ASSESSORIA PLANEJAMENTO EMPRESARIAL;ARP;Administrativo;2009-06-01;2011-01-31;C081-Administração;False;Inativo
1.00.02.0.0;ASSESSORIA PLANEJAMENTO EMPRESARIAL;ARP;Administrativo;2009-06-01;2011-01-31;C081-Administração;False;Inativo
1.00.02.0.0.00;ASSESSORIA PLANEJAMENTO EMPRESARIAL;ARP;Administrativo;2009-06-01;2011-01-31;C081-Administração;False;Inativo
1.00.10;DEPTO DE MARKETING;DRMK;Administrativo;2009-06-01;2011-01-31;C081-Administração;False;Inativo
1.00.10.0;DEPTO DE MARKETING;DRMK;Administrativo;2009-06-01;2011-01-31;C081-Administração;False;Inativo
1.00.10.0.0;DEPTO DE MARKETING;DRMK;Administrativo;2009-06-01;2011-01-31;C081-Administração;False;Inativo
1.00.10.0.0.00;DEPTO DE MARKETING;DRMK;Administrativo;2009-06-01;2011-01-31;C081-Administração;False;Inativo
2.15;GERENCIA ADMINISTRATIVA;GFA;Administrativo;2010-03-01;2011-12-31;C081-Administração;False;Inativo
2.15.00.0.0;GERENCIA ADMINISTRATIVA;GFA;Administrativo;2010-03-01;2011-12-31;C081-Administração;False;Inativo
2.15.00;GERENCIA ADMINISTRATIVA;GFA;Administrativo;2010-03-01;2011-12-31;C081-Administração;False;Inativo
2.15.00.0;GERENCIA ADMINISTRATIVA;GFA;Administrativo;2010-03-01;2011-12-31;C081-Administração;False;Inativo
2.15.00.0.0.00;GERENCIA ADMINISTRATIVA;GFA;Administrativo;2010-03-01;2011-12-31;C081-Administração;False;Inativo
1.00.03.0;ASSES MANUT ESTAÇ E PERCEP SERVIÇOS;ARE;Administrativo;2010-05-01;2010-12-31;C081-Administração;False;Inativo
1.00.03;ASSES MANUT ESTAÇ E PERCEP SERVIÇOS;ARE;Administrativo;2010-05-01;2010-12-31;C081-Administração;False;Inativo
1.00.03.0.0.00;ASSES MANUT ESTAÇ E PERCEP SERVIÇOS;ARE;Administrativo;2010-05-01;2010-12-31;C081-Administração;False;Inativo
1.00.03.0.0;ASSES MANUT ESTAÇ E PERCEP SERVIÇOS;ARE;Administrativo;2010-05-01;2010-12-31;C081-Administração;False;Inativo
6.90.03;EXPRESSO TURÍSTICO - PARANAPIACABA;PNP;Operacional;2010-08-01;2011-12-31;C023-Expresso Turístico - Paranapiacaba;False;Inativo
6.90.03.0;EXPRESSO TURÍSTICO - PARANAPIACABA;PNP;Operacional;2010-08-01;2011-12-31;C023-Expresso Turístico - Paranapiacaba;False;Inativo
6.90.03.0.0;EXPRESSO TURÍSTICO - PARANAPIACABA;PNP;Operacional;2010-08-01;2011-12-31;C023-Expresso Turístico - Paranapiacaba;False;Inativo
6.90.03.0.0.00;EXPRESSO TURÍSTICO - PARANAPIACABA;PNP;Operacional;2010-08-01;2011-12-31;C023-Expresso Turístico - Paranapiacaba;False;Inativo
5.90.03;EXPRESSO TURÍSTICO - PARANAPIACABA;PNP;Manutenção;2010-08-01;2011-12-31;C023-Expresso Turístico - Paranapiacaba;False;Inativo
5.90.03.0;EXPRESSO TURÍSTICO - PARANAPIACABA;PNP;Manutenção;2010-08-01;2011-12-31;C023-Expresso Turístico - Paranapiacaba;False;Inativo
5.90.03.0.0;EXPRESSO TURÍSTICO - PARANAPIACABA;PNP;Manutenção;2010-08-01;2011-12-31;C023-Expresso Turístico - Paranapiacaba;False;Inativo
5.90.03.0.0.00;EXPRESSO TURÍSTICO - PARANAPIACABA;PNP;Manutenção;2010-08-01;2011-12-31;C023-Expresso Turístico - Paranapiacaba;False;Inativo
0.10.01;CUSTOS INCORRIDOS A FATURAR-ADM;CIFADM;Administrativo;2010-03-01;2011-12-31;C073-Custos Incorridos a Faturar (Inativo);False;Inativo
0.10.01.0;CUSTOS INCORRIDOS A FATURAR-ADM;CIFADM;Administrativo;2010-03-01;2011-12-31;C073-Custos Incorridos a Faturar (Inativo);False;Inativo
0.10.01.0.0;CUSTOS INCORRIDOS A FATURAR-ADM;CIFADM;Administrativo;2010-03-01;2011-12-31;C073-Custos Incorridos a Faturar (Inativo);False;Inativo
0.10.01.0.0.00;CUSTOS INCORRIDOS A FATURAR-ADM;CIFADM;Administrativo;2010-03-01;2011-12-31;C073-Custos Incorridos a Faturar (Inativo);False;Inativo
0.10.05.0.0;CUSTOS INCORRIDOS A FATURAR-OPER;CIFOPE;Operacional;2010-03-01;2011-12-31;C073-Custos Incorridos a Faturar (Inativo);False;Inativo
0.10.05;CUSTOS INCORRIDOS A FATURAR-OPER;CIFOPE;Operacional;2010-03-01;2011-12-31;C073-Custos Incorridos a Faturar (Inativo);False;Inativo
0.10.05.0;CUSTOS INCORRIDOS A FATURAR-OPER;CIFOPE;Operacional;2010-03-01;2011-12-31;C073-Custos Incorridos a Faturar (Inativo);False;Inativo
0.10.05.0.0.00;CUSTOS INCORRIDOS A FATURAR-OPER;CIF0PE;Operacional;2010-03-01;2011-12-31;C073-Custos Incorridos a Faturar (Inativo);False;Inativo
0.10.06;CUSTOS INCORRIDOS A FATURAR-MAN;CIFMAN;Manutenção;2010-03-01;2011-12-31;C073-Custos Incorridos a Faturar (Inativo);False;Inativo
0.10.06.0;CUSTOS INCORRIDOS A FATURAR-MAN;CIFMAN;Manutenção;2010-03-01;2011-12-31;C073-Custos Incorridos a Faturar (Inativo);False;Inativo
0.10.06.0.0;CUSTOS INCORRIDOS A FATURAR-MAN;CIFMAN;Manutenção;2010-03-01;2011-12-31;C073-Custos Incorridos a Faturar (Inativo);False;Inativo
0.10.06.0.0.00;CUSTOS INCORRIDOS A FATURAR-MAN;CIFMAN;Manutenção;2010-03-01;2011-12-31;C073-Custos Incorridos a Faturar (Inativo);False;Inativo
9.01.03.0.0.12;CESSÃO SECRET MUNIC DESENVOL URBANO-SMDU;Sem Sigla;Administrativo;2010-11-01;2011-12-31;C081-Administração;False;Inativo
5.90.02;EXPRESSO TURÍSTICO - MOGI DAS CRUZES;LMDC;Manutenção;2009-04-01;2011-12-31;C022-Expresso Turístico - Mogi das Cruzes;False;Inativo
5.90.02.0;EXPRESSO TURÍSTICO - MOGI DAS CRUZES;LMDC;Manutenção;2009-04-01;2011-12-31;C022-Expresso Turístico - Mogi das Cruzes;False;Inativo
5.90.02.0.0;EXPRESSO TURÍSTICO - MOGI DAS CRUZES;LMDC;Manutenção;2009-04-01;2011-12-31;C022-Expresso Turístico - Mogi das Cruzes;False;Inativo
5.90.02.0.0.00;EXPRESSO TURÍSTICO - MOGI DAS CRUZES;LMDC;Manutenção;2009-04-01;2011-12-31;C022-Expresso Turístico - Mogi das Cruzes;False;Inativo
6.90.02;EXPRESSO TURÍSTICO - MOGI DAS CRUZES;LMDC;Operacional;2009-04-01;2011-12-31;C022-Expresso Turístico - Mogi das Cruzes;False;Inativo
6.90.02.0;EXPRESSO TURÍSTICO - MOGI DAS CRUZES;LMDC;Operacional;2009-04-01;2011-12-31;C022-Expresso Turístico - Mogi das Cruzes;False;Inativo
6.90.02.0.0;EXPRESSO TURÍSTICO - MOGI DAS CRUZES;LMDC;Operacional;2009-04-01;2011-12-31;C022-Expresso Turístico - Mogi das Cruzes;False;Inativo
6.90.02.0.0.00;EXPRESSO TURÍSTICO - MOGI DAS CRUZES;LMDC;Operacional;2009-04-01;2011-12-31;C022-Expresso Turístico - Mogi das Cruzes;False;Inativo
9.01.02.0.0.22;CIA. DE PROC. DE DADOS EST. DE SÃO PAULO;ADMINISTRAÇÃO;Administrativo;2009-07-01;2011-12-31;C081-Administração;False;Inativo
5.11.00.1;CENTRO DE INFORMAÇÃO E MANUTENÇÃO;GOF;Manutenção;2009-12-01;2011-12-31;C099-Inativos;False;Inativo
5.11.00.1.0;CENTRO DE INFORMAÇÃO E MANUTENÇÃO;GOF;Manutenção;2009-12-01;2011-12-31;C099-Inativos;False;Inativo
5.11.00.1.1;CENTRO DE INFORMAÇÃO E MANUTENÇÃO;GOF;Manutenção;2009-12-01;2011-12-31;C099-Inativos;False;Inativo
5.11.00.1.0.00;CENTRO DE INFORMAÇÃO E MANUTENÇÃO;GOF;Manutenção;2009-12-01;2011-12-31;C041-Todas as Linhas Operacionais;False;Inativo
5.11.00.1.1.10;CENTRO DE INFORM E MANUT-LINHAS 7/10;GOF;Manutenção;2009-12-01;2011-12-31;C031-Linhas: 7/10 - Rubi/Turquesa;False;Inativo
5.11.00.1.1.20;CENTRO DE INFORM. E MANUT-LINHAS 8/9;GOF;Manutenção;2009-12-01;2011-12-31;C032-Linhas: 8/9 - Diamante/Esmeralda;False;Inativo
5.11.00.1.1.30;CENTRO DE INFORM E MANUT-LINHA 11/12;GOF;Manutenção;2009-12-01;2011-12-31;C033-Linhas: 11/12 - Coral/Safira;False;Inativo
4.00.01;ASSESS. MANUT. ESTAÇÕES E PERCEPÇÃO SERV;AEP;Administrativo;2010-09-01;2011-12-31;C081-Administração;False;Inativo
4.00.01.0;ASSESS. MANUT. ESTAÇÕES E PERCEPÇÃO SERV;AEP;Administrativo;2010-09-01;2011-12-31;C081-Administração;False;Inativo
4.00.01.0.0;ASSESS. MANUT. ESTAÇÕES E PERCEPÇÃO SERV;AEP;Administrativo;2010-09-01;2011-12-31;C081-Administração;False;Inativo
4.00.01.0.0.00;ASSESS. MANUT. ESTAÇÕES E PERCEPÇÃO SERV;AEP;Administrativo;2010-09-01;2011-01-31;C081-Administração;False;Inativo
3.14.00.0.0.00;GERÊNCIA DE DESENVOLV. DE NEGÓCIOS;GPN;Administrativo;2011-02-01;2011-12-31;C081-Administração;False;Inativo
9.01.02.0.0.24;FUNDAÇÃO PARA O DESENV DA EDUCAÇÃO;ADM;Administrativo;2011-02-01;2011-12-31;C081-Administração;False;Inativo
3.00.01.0.0;ASSESSORIA DE PLANEJAMENTO EMPRESARIAL;APE;Administrativo;2011-02-01;2011-12-31;C081-Administração;False;Inativo
3.00.01.0.0.00;ASSESSORIA DE PLANEJAMENTO EMPRESARIAL;APE;Administrativo;2011-02-01;2011-12-31;C081-Administração;False;Inativo
2.15.00.1.0;GFA-SERVIÇOS GERAIS;GFA;Administrativo;2011-03-01;2011-03-31;C081-Administração;False;Inativo
2.15.00.1.0.00;GFA-SERVIÇOS GERAIS;GFA;Administrativo;2011-03-01;2011-03-31;C081-Administração;False;Inativo
2.15.00.2;GFA-PATRIMÔNIO;GFA;Administrativo;2011-03-01;2011-03-31;C081-Administração;False;Inativo
2.15.00.2.0;GFA-PATRIMÔNIO;GFA;Empresarial;2011-03-01;2011-03-31;C081-Administração;False;Inativo
2.15.00.2.0.00;GFA-PATRIMÔNIO;GFA;Administrativo;2011-03-01;2011-03-31;C081-Administração;False;Inativo
2.15.00.3;GFA-CENTRO DE DOCUMENTAÇÃO;GFA;Administrativo;2011-03-01;2011-03-31;C081-Administração;False;Inativo
2.15.00.3.0;GFA-CENTRO DE DOCUMENTAÇÃO;GFA;Administrativo;2011-03-01;2011-03-31;C081-Administração;False;Inativo
2.15.00.3.0.00;GFA-CENTRO DE DOCUMENTAÇÃO;GFA;Administrativo;2011-03-01;2011-03-31;C081-Administração;False;Inativo
6.17;GERENCIA DE ESTAÇÕES E SERVIÇOS;GOE;Operacional;2011-03-01;2011-12-31;C071-Custos Indiretos - Operação;False;Inativo
6.17.00;GERENCIA DE ESTAÇÕES E SERVIÇOS;GOE;Operacional;2011-03-01;2011-12-31;C071-Custos Indiretos - Operação;False;Inativo
6.17.00.0;GERENCIA DE ESTAÇÕES E SERVIÇOS;GOE;Operacional;2011-03-01;2011-12-31;C071-Custos Indiretos - Operação;False;Inativo
6.17.00.0.0;GERENCIA DE ESTAÇÕES E SERVIÇOS;GOE;Operacional;2011-03-01;2011-12-31;C071-Custos Indiretos - Operação;False;Inativo
6.17.00.0.0.00;GERENCIA DE ESTAÇÕES E SERVIÇOS;GOE;Operacional;2011-03-01;2011-12-31;C071-Custos Indiretos - Operação;False;Inativo
6.17.01;DEPTO DE ESTAÇÕES E SERVIÇOS-LINHA 7-CHE;DOEA;Operacional;2011-03-01;2011-12-31;C007-Linha: 7 - Rubi;False;Inativo
6.17.01.0;DEPTO DE ESTAÇÕES E SERVIÇOS-LINHA 7-CHE;DOEA;Operacional;2011-03-01;2011-12-31;C007-Linha: 7 - Rubi;False;Inativo
6.17.01.0.0;DEPTO DE ESTAÇÕES E SERVIÇOS-LINHA 7-CHE;DOEA;Operacional;2011-03-01;2011-12-31;C007-Linha: 7 - Rubi;False;Inativo
6.17.01.0.0.00;DEPTO DE ESTAÇÕES E SERVIÇOS-LINHA 7-CHE;DOEA;Operacional;2011-03-01;2011-12-31;C007-Linha: 7 - Rubi;False;Inativo
6.17.01.1;DEPTO DE ESTAÇÕES E SERVIÇOS-LINHA 7;DOEA;Operacional;2011-03-01;2011-12-31;C007-Linha: 7 - Rubi;False;Inativo
6.17.01.1.0;DEPTO DE ESTAÇÕES E SERVIÇOS-LINHA 7;DOEA;Operacional;2011-03-01;2011-12-31;C007-Linha: 7 - Rubi;False;Inativo
6.17.02;DEPTO OPERAÇÃO E SERVIÇOS-LINHA 8-CHEFIA;DOEB;Operacional;2011-03-01;2011-12-31;C008-Linha: 8 - Diamante;False;Inativo
6.17.02.0;DEPTO OPERAÇÃO E SERVIÇOS-LINHA 8-CHEFIA;DOEB;Operacional;2011-03-01;2011-12-31;C008-Linha: 8 - Diamante;False;Inativo
6.17.01.1.0.01;ESTAÇÃO ÁGUA BRANCA;ABR;Operacional;2011-03-01;2011-12-31;C007-Linha: 7 - Rubi;False;Inativo
6.17.02.0.0;DEPTO OPERAÇÃO E SERVIÇOS-LINHA 8-CHEFIA;DOEB;Operacional;2011-03-01;2011-12-31;C008-Linha: 8 - Diamante;False;Inativo
6.17.02.0.0.00;DEPTO OPERAÇÃO E SERVIÇOS-LINHA 8-CHEFIA;DOEB;Operacional;2011-03-01;2011-12-31;C008-Linha: 8 - Diamante;False;Inativo
6.17.02.1;DEPTO OPERAÇÃO E SERVIÇOS-LINHA 8;DOEB;Operacional;2011-03-01;2011-12-31;C008-Linha: 8 - Diamante;False;Inativo
6.17.02.1.0;DEPTO OPERAÇÃO E SERVIÇOS-LINHA 8;DOEB;Operacional;2011-03-01;2011-12-31;C008-Linha: 8 - Diamante;False;Inativo
6.17.02.1.0.01;ESTAÇÃO JÚLIO PRESTES;JPR;Operacional;2011-03-01;2011-12-31;C008-Linha: 8 - Diamante;False;Inativo
6.17.03;DEPTO OPERAÇÃO E SERVIÇOS-LINHA 9-CHEFIA;DOEC;Operacional;2011-03-01;2011-12-31;C009-Linha: 9 - Esmeralda;False;Inativo
6.17.03.0;DEPTO OPERAÇÃO E SERVIÇOS-LINHA 9-CHEFIA;DOEC;Operacional;2011-03-01;2011-12-31;C009-Linha: 9 - Esmeralda;False;Inativo
6.17.03.0.0;DEPTO OPERAÇÃO E SERVIÇOS-LINHA 9-CHEFIA;DOEC;Operacional;2011-03-01;2011-12-31;C009-Linha: 9 - Esmeralda;False;Inativo
6.17.03.0.0.00;DEPTO OPERAÇÃO E SERVIÇOS-LINHA 9-CHEFIA;DOEC;Operacional;2011-03-01;2011-12-31;C009-Linha: 9 - Esmeralda;False;Inativo
6.17.03.1;DEPTO OPERAÇÃO E SERVIÇOS-LINHA 9;DOEC;Operacional;2011-03-01;2011-12-31;C009-Linha: 9 - Esmeralda;False;Inativo
6.17.03.1.0;DEPTO OPERAÇÃO E SERVIÇOS-LINHA 9;DOEC;Operacional;2011-03-01;2011-12-31;C009-Linha: 9 - Esmeralda;False;Inativo
6.17.03.1.0.01;ESTAÇÃO OSASCO;OSA;Operacional;2011-03-01;2011-12-31;C009-Linha: 9 - Esmeralda;False;Inativo
6.17.04;DEPTO OPERAÇÃO E SERVIÇOS-LINHA10-CHEFIA;DOED;Operacional;2011-03-01;2011-12-31;C010-Linha: 10 - Turquesa;False;Inativo
6.17.04.0;DEPTO OPERAÇÃO E SERVIÇOS-LINHA10-CHEFIA;DOED;Operacional;2011-03-01;2011-12-31;C010-Linha: 10 - Turquesa;False;Inativo
6.17.04.0.0;DEPTO OPERAÇÃO E SERVIÇOS-LINHA10-CHEFIA;DOED;Operacional;2011-03-01;2011-12-31;C010-Linha: 10 - Turquesa;False;Inativo
6.17.04.0.0.00;DEPTO OPERAÇÃO E SERVIÇOS-LINHA10-CHEFIA;DOED;Operacional;2011-03-01;2011-12-31;C010-Linha: 10 - Turquesa;False;Inativo
6.17.04.1;DEPTO OPERAÇÃO E SERVIÇOS-LINHA10;DOED;Operacional;2011-03-01;2011-12-31;C010-Linha: 10 - Turquesa;False;Inativo
6.17.04.1.0;DEPTO OPERAÇÃO E SERVIÇOS-LINHA10;DOED;Operacional;2011-03-01;2011-12-31;C010-Linha: 10 - Turquesa;False;Inativo
6.17.04.1.0.01;ESTAÇÃO LUZ;LUZ;Operacional;2011-03-01;2011-12-31;C010-Linha: 10 - Turquesa;False;Inativo
6.17.05;DEPTO OPERAÇÃO E SERVIÇOS-LINHA11-CHEFIA;DOEE;Operacional;2011-03-01;2011-12-31;C011-Linha: 11 - Coral;False;Inativo
6.17.05.0;DEPTO OPERAÇÃO E SERVIÇOS-LINHA11-CHEFIA;DOEE;Operacional;2011-03-01;2011-12-31;C011-Linha: 11 - Coral;False;Inativo
6.17.05.0.0;DEPTO OPERAÇÃO E SERVIÇOS-LINHA11-CHEFIA;DOEE;Operacional;2011-03-01;2011-12-31;C011-Linha: 11 - Coral;False;Inativo
6.17.05.0.0.00;DEPTO OPERAÇÃO E SERVIÇOS-LINHA11-CHEFIA;DOEE;Operacional;2011-03-01;2011-12-31;C011-Linha: 11 - Coral;False;Inativo
6.17.05.1;DEPTO OPERAÇÃO E SERVIÇOS-LINHA11;DOEE;Operacional;2011-03-01;2011-12-31;C011-Linha: 11 - Coral;False;Inativo
6.17.05.1.0;DEPTO OPERAÇÃO E SERVIÇOS-LINHA11;DOEE;Operacional;2011-03-01;2011-12-31;C011-Linha: 11 - Coral;False;Inativo
6.17.05.1.0.01;ESTAÇÃO CORINTHIANS/ITAQUERA (EXP.LESTE);ITQ;Operacional;2011-03-01;2011-12-31;C011-Linha: 11 - Coral;False;Inativo
6.17.06;DEPTO OPERAÇÃO E SERVIÇOS-LINHA12-CHEFIA;DOEF;Operacional;2011-03-01;2011-12-31;C012-Linha: 12 - Safira;False;Inativo
6.17.06.0;DEPTO OPERAÇÃO E SERVIÇOS-LINHA12-CHEFIA;DOEF;Operacional;2011-03-01;2011-12-31;C012-Linha: 12 - Safira;False;Inativo
6.17.06.0.0;DEPTO OPERAÇÃO E SERVIÇOS-LINHA12-CHEFIA;DOEF;Operacional;2011-03-01;2011-12-31;C012-Linha: 12 - Safira;False;Inativo
6.17.06.0.0.00;DEPTO OPERAÇÃO E SERVIÇOS-LINHA12-CHEFIA;DOEF;Operacional;2011-03-01;2011-12-31;C012-Linha: 12 - Safira;False;Inativo
6.17.06.1;DEPTO OPERAÇÃO E SERVIÇOS-LINHA12;DOEF;Operacional;2011-03-01;2011-12-31;C012-Linha: 12 - Safira;False;Inativo
6.17.06.1.0;DEPTO OPERAÇÃO E SERVIÇOS-LINHA12;DOEF;Operacional;2011-03-01;2011-12-31;C012-Linha: 12 - Safira;False;Inativo
6.17.06.1.0.01;ESTAÇÃO BRÁS;BAS;Operacional;2011-03-01;2011-12-31;C012-Linha: 12 - Safira;False;Inativo
6.17.01.1.0.02;ESTAÇÃO LAPA 7;LPA;Operacional;2011-03-01;2011-12-31;C007-Linha: 7 - Rubi;False;Inativo
6.17.01.1.0.03;ESTAÇÃO PIQUERI;PQR;Operacional;2011-03-01;2011-12-31;C007-Linha: 7 - Rubi;False;Inativo
6.17.01.1.0.04;ESTAÇÃO PIRITUBA;PRT;Operacional;2011-03-01;2011-12-31;C007-Linha: 7 - Rubi;False;Inativo
6.17.01.1.0.05;ESTAÇÃO VILA CLARICE;VCL;Operacional;2011-03-01;2011-12-31;C007-Linha: 7 - Rubi;False;Inativo
6.17.01.1.0.06;ESTAÇÃO JARAGUÁ;JRG;Operacional;2011-03-01;2011-12-31;C007-Linha: 7 - Rubi;False;Inativo
6.17.02.1.0.02;ESTAÇÃO PALMEIRAS-BARRA FUNDA;BFU;Operacional;2011-03-01;2011-12-31;C008-Linha: 8 - Diamante;False;Inativo
2.13.04.0.0;DEPTO DE LOGISTICA DE ESTOQUES;DFME;Administrativo;2011-04-01;2011-04-01;C081-Administração;False;Inativo
6.17.01.1.0.07;ESTAÇÃO PERUS;PRU;Operacional;2011-03-01;2011-12-31;C007-Linha: 7 - Rubi;False;Inativo
2.13.04;DEPTO DE LOGISTICA DE ESTOQUES;DFME;Administrativo;2011-04-01;2011-04-01;C081-Administração;False;Inativo
6.17.01.1.0.08;ESTAÇÃO CAIEIRAS;CAI;Operacional;2011-03-01;2011-12-31;C007-Linha: 7 - Rubi;False;Inativo
2.13.04.0;DEPTO DE LOGISTICA DE ESTOQUES;DFME;Administrativo;2011-04-01;2011-04-01;C081-Administração;False;Inativo
6.17.01.1.0.09;ESTAÇÃO FRANCO DA ROCHA;FDR;Operacional;2011-03-01;2011-12-31;C007-Linha: 7 - Rubi;False;Inativo
2.13.04.0.0.00;DEPTO DE LOGISTICA DE ESTOQUES;DFME;Administrativo;2011-04-01;2011-04-01;C081-Administração;False;Inativo
6.17.01.1.0.10;ESTAÇÃO BALTAZAR FIDELIS;BFI;Operacional;2011-03-01;2011-12-31;C007-Linha: 7 - Rubi;False;Inativo
2.14.00.1;GFI - INFRAESTRUTURA;GFI;Administrativo;2011-04-01;2011-12-31;C081-Administração;False;Inativo
2.14.00.1.0;GFI - INFRAESTRUTURA;GFI;Administrativo;2011-04-01;2011-12-31;C081-Administração;False;Inativo
6.17.01.1.0.11;ESTAÇÃO FRANCISCO MORATO;FMO;Operacional;2011-03-01;2011-12-31;C007-Linha: 7 - Rubi;False;Inativo
2.14.00.1.0.00;GFI - INFRAESTRUTURA;GFI;Administrativo;2011-04-01;2011-12-31;C081-Administração;False;Inativo
6.17.01.1.0.12;ESTAÇÃO BOTUJURU;BTJ;Operacional;2011-03-01;2011-12-31;C007-Linha: 7 - Rubi;False;Inativo
2.14.00.2;GFI - SISTEMAS;GFI;Administrativo;2011-04-01;2011-12-31;C081-Administração;False;Inativo
6.17.01.1.0.13;ESTAÇÃO CAMPO LIMPO PAULISTA;CLP;Operacional;2011-03-01;2011-12-31;C007-Linha: 7 - Rubi;False;Inativo
2.14.00.2.0;GFI - SISTEMAS;GFI;Administrativo;2011-04-01;2011-12-31;C081-Administração;False;Inativo
6.17.01.1.0.14;ESTAÇÃO VÁRZEA PAULISTA;VLP;Operacional;2011-03-01;2011-12-31;C007-Linha: 7 - Rubi;False;Inativo
2.14.00.2.0.00;GFI - SISTEMAS;GFI;Administrativo;2011-04-01;2011-12-31;C081-Administração;False;Inativo
6.17.01.1.0.15;ESTAÇÃO JUNDIAÍ;JUN;Operacional;2011-03-01;2011-12-31;C007-Linha: 7 - Rubi;False;Inativo
2.14.00.3;GFI - BCO DADOS E NOVAS TECNOLOGIAS;GFI;Administrativo;2011-04-01;2011-12-31;C081-Administração;False;Inativo
2.14.00.3.0;GFI - BCO DADOS E NOVAS TECNOLOGIAS;GFI;Administrativo;2011-04-01;2011-12-31;C081-Administração;False;Inativo
2.14.00.3.0.00;GFI - BCO DADOS E NOVAS TECNOLOGIAS;GFI;Administrativo;2011-04-01;2011-12-31;C081-Administração;False;Inativo
6.17.03.1.0.02;ESTAÇÃO PRESIDENTE ALTINO;PAL;Operacional;2011-03-01;2011-12-31;C009-Linha: 9 - Esmeralda;False;Inativo
6.17.03.1.0.03;ESTAÇÃO CEASA;CEA;Operacional;2011-03-01;2011-12-31;C009-Linha: 9 - Esmeralda;False;Inativo
6.17.03.1.0.04;ESTAÇÃO VILLA LOBOS-JAGUARÉ;JAG;Operacional;2011-03-01;2011-12-31;C009-Linha: 9 - Esmeralda;False;Inativo
1.21.00.1;GRH-DESENVOLV. DA QUALIDADE;GRH;Administrativo;2011-02-01;2011-12-31;C081-Administração;False;Inativo
1.21.00.1.0;GRH-DESENVOLV. DA QUALIDADE;GRH;Administrativo;2011-02-01;2011-12-31;C081-Administração;False;Inativo
2.15.01;DEPTO DE LOGISTICA ADMINISTRATIVA;DFAL;Administrativo;2011-04-01;2011-12-31;C081-Administração;False;Inativo
2.16;GERENCIA DE ADMIN DE MAT. E LOGÍSTICA;GFM;Administrativo;2011-03-01;2011-12-31;C081-Administração;False;Inativo
6.17.04.1.0.02;ESTAÇÃO MOOCA;MOC;Operacional;2011-03-01;2011-12-31;C010-Linha: 10 - Turquesa;False;Inativo
6.17.04.1.0.03;ESTAÇÃO IPIRANGA;IPG;Operacional;2011-03-01;2011-12-31;C010-Linha: 10 - Turquesa;False;Inativo
6.17.04.1.0.04;ESTAÇÃO TAMANDUATEÍ;TMD;Operacional;2011-03-01;2011-12-31;C010-Linha: 10 - Turquesa;False;Inativo
6.17.04.1.0.05;ESTAÇÃO SÃO CAETANO;SCT;Operacional;2011-03-01;2011-12-31;C010-Linha: 10 - Turquesa;False;Inativo
6.17.04.1.0.06;ESTAÇÃO UTINGA;UTG;Operacional;2011-03-01;2011-12-31;C010-Linha: 10 - Turquesa;False;Inativo
6.17.03.1.0.05;ESTAÇÃO CIDADE UNIVERSITÁRIA;USP;Operacional;2011-03-01;2011-12-31;C009-Linha: 9 - Esmeralda;False;Inativo
6.17.04.1.0.07;ESTAÇÃO PREFEITO SALADINO;PSA;Operacional;2011-03-01;2011-12-31;C010-Linha: 10 - Turquesa;False;Inativo
6.17.03.1.0.06;ESTAÇÃO PINHEIROS;PIN;Operacional;2011-03-01;2011-12-31;C009-Linha: 9 - Esmeralda;False;Inativo
6.17.04.1.0.08;ESTAÇÃO PREF. CELSO DANIEL-SANTO ANDRÉ;SAN;Operacional;2011-03-01;2011-12-31;C010-Linha: 10 - Turquesa;False;Inativo
6.17.03.1.0.07;ESTAÇÃO HEBRAICA / REBOUÇAS;HBR;Operacional;2011-03-01;2011-12-31;C009-Linha: 9 - Esmeralda;False;Inativo
6.17.03.1.0.08;ESTAÇÃO CIDADE JARDIM;CJD;Operacional;2011-03-01;2011-12-31;C009-Linha: 9 - Esmeralda;False;Inativo
6.17.04.1.0.09;ESTAÇÃO CAPUAVA;CPV;Operacional;2011-03-01;2011-12-31;C010-Linha: 10 - Turquesa;False;Inativo
6.17.03.1.0.09;ESTAÇÃO VILA OLIMPIA;VOL;Operacional;2011-03-01;2011-12-31;C009-Linha: 9 - Esmeralda;False;Inativo
6.17.04.1.0.10;ESTAÇÃO MAUÁ;MAU;Operacional;2011-03-01;2011-12-31;C010-Linha: 10 - Turquesa;False;Inativo
6.17.03.1.0.10;ESTAÇÃO BERRINI;BRR;Operacional;2011-03-01;2011-12-31;C009-Linha: 9 - Esmeralda;False;Inativo
6.17.04.1.0.11;ESTAÇÃO GUAPITUBA;GPT;Operacional;2011-03-01;2011-12-31;C010-Linha: 10 - Turquesa;False;Inativo
6.17.03.1.0.11;ESTAÇÃO MORUMBI;MRB;Operacional;2011-03-01;2011-12-31;C009-Linha: 9 - Esmeralda;False;Inativo
6.17.04.1.0.12;ESTAÇÃO RIBEIRÃO PIRES;RPI;Operacional;2011-03-01;2011-12-31;C010-Linha: 10 - Turquesa;False;Inativo
6.17.03.1.0.12;ESTAÇÃO GRANJA JULIETA;GJT;Operacional;2011-03-01;2011-12-31;C009-Linha: 9 - Esmeralda;False;Inativo
6.17.04.1.0.13;ESTAÇÃO RIO GRANDE DA SERRA;RGS;Operacional;2011-03-01;2011-12-31;C010-Linha: 10 - Turquesa;False;Inativo
6.17.05.1.0.02;ESTAÇÃO DOM BOSCO(EXPRESSO LESTE);DOB;Operacional;2011-03-01;2011-12-31;C011-Linha: 11 - Coral;False;Inativo
6.17.05.1.0.03;ESTAÇÃO JOSÉ BONIFÁCIO(EXPRESSO LESTE);JBO;Operacional;2011-03-01;2011-12-31;C011-Linha: 11 - Coral;False;Inativo
6.17.05.1.0.04;ESTAÇÃO GUAIANAZES(EXPRESSO LESTE);GUA;Operacional;2011-03-01;2011-12-31;C011-Linha: 11 - Coral;False;Inativo
6.17.05.1.0.05;ESTAÇÃO ANTONIO GIANETTI NETO;AGN;Operacional;2011-03-01;2011-12-31;C011-Linha: 11 - Coral;False;Inativo
6.17.03.1.0.13;ESTAÇÃO SANTO AMARO;SAM;Operacional;2011-03-01;2011-12-31;C009-Linha: 9 - Esmeralda;False;Inativo
6.17.03.1.0.14;ESTAÇÃO SOCORRO;SOC;Operacional;2011-03-01;2011-12-31;C009-Linha: 9 - Esmeralda;False;Inativo
6.17.03.1.0.15;ESTAÇÃO JURUBATUBA;JUR;Operacional;2011-03-01;2011-12-31;C009-Linha: 9 - Esmeralda;False;Inativo
6.17.03.1.0.16;ESTAÇÃO AUTÓDROMO;AUT;Operacional;2011-03-01;2011-12-31;C009-Linha: 9 - Esmeralda;False;Inativo
6.17.03.1.0.17;ESTAÇÃO PRIMAVERA-INTERLAGOS;INT;Operacional;2011-03-01;2011-12-31;C009-Linha: 9 - Esmeralda;False;Inativo
6.17.03.1.0.18;ESTAÇÃO GRAJAÚ;GRA;Operacional;2011-03-01;2011-12-31;C009-Linha: 9 - Esmeralda;False;Inativo
6.17.06.1.0.02;ESTAÇÃO TATUAPÉ;TAT;Operacional;2011-03-01;2011-12-31;C012-Linha: 12 - Safira;False;Inativo
6.17.06.1.0.03;ESTAÇÃO PENHA;PNH;Operacional;2011-03-01;2011-12-31;C012-Linha: 12 - Safira;False;Inativo
6.17.06.1.0.04;ESTAÇÃO ENG. GOULART;EGO;Operacional;2011-03-01;2011-12-31;C012-Linha: 12 - Safira;False;Inativo
6.17.06.1.0.05;ESTAÇÃO USP LESTE;USL;Operacional;2011-03-01;2011-12-31;C012-Linha: 12 - Safira;False;Inativo
6.17.06.1.0.06;ESTAÇÃO COMENDADOR ERMELINO;ERM;Operacional;2011-03-01;2011-12-31;C012-Linha: 12 - Safira;False;Inativo
6.17.06.1.0.07;ESTAÇÃO SÃO MIGUEL PAULISTA;SMP;Operacional;2011-03-01;2011-12-31;C012-Linha: 12 - Safira;False;Inativo
6.17.06.1.0.08;ESTAÇÃO JARDIM HELENA-VILA MARA;JHE;Operacional;2011-03-01;2011-12-31;C012-Linha: 12 - Safira;False;Inativo
6.17.06.1.0.09;ESTAÇÃO ITAIM PAULISTA;ITI;Operacional;2011-03-01;2011-12-31;C012-Linha: 12 - Safira;False;Inativo
6.17.05.1.0.06;ESTAÇÃO FERRAZ DE VASCONCELOS;FVC;Operacional;2011-03-01;2011-12-31;C011-Linha: 11 - Coral;False;Inativo
6.17.06.1.0.10;ESTAÇÃO JARDIM ROMANO;JRO;Operacional;2011-03-01;2011-12-31;C012-Linha: 12 - Safira;False;Inativo
6.17.06.1.0.11;ESTAÇÃO ENG. MANOEL FEIO;EMF;Operacional;2011-03-01;2011-12-31;C012-Linha: 12 - Safira;False;Inativo
1.21.00.1.0.00;GRH-DESENVOLV. DA QUALIDADE;GRH;Administrativo;2011-02-01;2011-09-30;C081-Administração;False;Inativo
1.21.00.2;GRH-DESENVOLV. ORGANIZACIONAL-COMUNICAÇÃ;GRH;Administrativo;2011-02-01;2011-12-31;C081-Administração;False;Inativo
1.21.00.2.0;GRH-DESENVOLV. ORGANIZACIONAL-COMUNICAÇÃ;GRH;Administrativo;2011-02-01;2011-12-31;C081-Administração;False;Inativo
1.21.00.2.0.00;GRH-DESENVOLV. ORGANIZ.-COMUNICAÇÃO;GRH;Administrativo;2011-02-01;2011-12-31;C081-Administração;False;Inativo
1.22;GER. MARKET. DE RELACIONAMENTO;GRM;Administrativo;2011-02-01;2011-12-31;C081-Administração;False;Inativo
1.22.00;GER. MARKET. DE RELACIONAMENTO;GRM;Administrativo;2011-02-01;2011-12-31;C081-Administração;False;Inativo
1.22.00.0;GER. MARKET. DE RELACIONAMENTO;GRM;Administrativo;2011-02-01;2011-12-31;C081-Administração;False;Inativo
1.22.00.0.0;GER. MARKET. DE RELACIONAMENTO;GRM;Administrativo;2011-02-01;2011-12-31;C081-Administração;False;Inativo
1.22.00.0.0.00;GER. MARKET. DE RELACIONAMENTO;GRM;Administrativo;2011-02-01;2011-12-31;C081-Administração;False;Inativo
1.22.01;DEPTO DE MARKETING;DRMK;Administrativo;2011-02-01;2011-12-31;C081-Administração;False;Inativo
1.22.01.0;DEPTO DE MARKETING;DRMK;Administrativo;2011-02-01;2011-12-31;C081-Administração;False;Inativo
1.22.01.0.0;DEPTO DE MARKETING;DRMK;Administrativo;2011-02-01;2011-12-31;C081-Administração;False;Inativo
1.22.01.0.0.00;DEPTO DE MARKETING;DRMK;Administrativo;2011-02-01;2011-12-31;C081-Administração;False;Inativo
1.22.02;SERVIÇO ATEND AO USUARIO;SAU;Administrativo;2011-02-01;2011-12-31;C081-Administração;False;Inativo
1.22.02.0;SERVIÇO ATEND AO USUARIO;SAU;Administrativo;2011-02-01;2011-12-31;C081-Administração;False;Inativo
1.22.02.0.0;SERVIÇO ATEND AO USUARIO;SAU;Administrativo;2011-02-01;2011-12-31;C081-Administração;False;Inativo
1.22.02.0.0.00;SERVIÇO ATEND AO USUARIO-CHEFIA;SAU;Administrativo;2011-02-01;2011-12-31;C081-Administração;False;Inativo
1.22.02.1;SERVIÇO ATEND AO USUARIO-EQUIPES;SAU;Administrativo;2011-02-01;2011-12-31;C081-Administração;False;Inativo
1.22.02.1.0;SERVIÇO ATEND AO USUARIO-EQUIPES;SAU;Administrativo;2011-02-01;2011-12-31;C081-Administração;False;Inativo
1.22.02.1.0.00;SERVIÇO ATEND AO USUARIO-EQUIPES;SAU;Administrativo;2011-02-01;2011-12-31;C081-Administração;False;Inativo
1.22.02.2;ATENDIMENTO EMERGENCIAL;SAU;Administrativo;2011-02-01;2011-12-31;C081-Administração;False;Inativo
1.22.02.2.0;ATENDIMENTO EMERGENCIAL;SAU;Administrativo;2011-02-01;2011-12-31;C081-Administração;False;Inativo
1.22.02.2.0.00;ATENDIMENTO EMERGENCIAL;SAU;Administrativo;2011-02-01;2011-12-31;C081-Administração;False;Inativo
3.00.01;ASSESSORIA DE PLANEJAMENTO EMPRESARIAL;APE;Administrativo;2011-02-01;2011-12-31;C081-Administração;False;Inativo
3.00.01.0;ASSESSORIA DE PLANEJAMENTO EMPRESARIAL;APE;Administrativo;2011-02-01;2011-12-31;C081-Administração;False;Inativo
2.15.00.1;GFA-SERVIÇOS GERAIS;GFA;Administrativo;2011-03-01;2011-03-31;C081-Administração;False;Inativo
3.11.00.1;GPT-PLANEJAMENTO;GPT;Administrativo;2011-02-01;2011-12-31;C081-Administração;False;Inativo
3.11.00.1.0;GPT-PLANEJAMENTO;GPT;Administrativo;2011-02-01;2011-12-31;C081-Administração;False;Inativo
3.11.00.1.0.00;GPT-PLANEJAMENTO;GPT;Administrativo;2011-02-01;2011-12-31;C081-Administração;False;Inativo
3.11.00.2;GPT-PROJ. FUNCIONAL;GPT;Administrativo;2011-02-01;2011-12-31;C081-Administração;False;Inativo
3.11.00.2.0;GPT-PROJ. FUNCIONAL;GPT;Administrativo;2011-02-01;2011-12-31;C081-Administração;False;Inativo
3.11.00.2.0.00;GPT-PROJ. FUNCIONAL;GPT;Administrativo;2011-02-01;2011-12-31;C081-Administração;False;Inativo
3.13;GERÊNCIA DO TERRIT. E MEIO AMBIENTE;GPA;Administrativo;2011-02-01;2011-12-31;C081-Administração;False;Inativo
3.13.00;GERÊNCIA DO TERRIT. E MEIO AMBIENTE;GPA;Administrativo;2011-02-01;2011-12-31;C081-Administração;False;Inativo
3.13.00.0;GERÊNCIA DO TERRITÓRIO E MEIO AMBIENTE;GPA;Administrativo;2011-02-01;2011-12-31;C081-Administração;False;Inativo
3.13.00.0.0;GERÊNCIA DO TERRIT. E MEIO AMBIENTE;GPA;Administrativo;2011-02-01;2011-12-31;C081-Administração;False;Inativo
3.13.00.0.0.00;GERÊNCIA DO TERRIT. E MEIO AMBIENTE;GPA;Administrativo;2011-02-01;2011-12-31;C081-Administração;False;Inativo
3.13.01;DEPTO DE GESTÃO DO TERRITÓRIO;DPAT;Administrativo;2011-02-01;2011-12-31;C081-Administração;False;Inativo
3.13.01.0;DEPTO DE GESTÃO DO TERRITÓRIO;DPAT;Administrativo;2011-02-01;2011-12-31;C081-Administração;False;Inativo
3.13.01.0.0;DEPTO DE GESTÃO DO TERRITÓRIO;DPAT;Administrativo;2011-02-01;2011-12-31;C081-Administração;False;Inativo
3.13.01.0.0.00;DEPTO DE GESTÃO DO TERRITÓRIO;DPAT;Administrativo;2011-02-01;2011-12-31;C081-Administração;False;Inativo
3.14;GERÊNCIA DE DESENVOLV. DE NEGÓCIOS;GPN;Administrativo;2011-02-01;2011-12-31;C081-Administração;False;Inativo
3.14.00;GERÊNCIA DE DESENVOLV. DE NEGÓCIOS;GPN;Administrativo;2011-02-01;2011-12-31;C081-Administração;False;Inativo
3.14.00.0;GERÊNCIA DE DESENVOLV. DE NEGÓCIOS;GPN;Administrativo;2011-02-01;2011-12-31;C081-Administração;False;Inativo
3.14.00.0.0;GERÊNCIA DE DESENVOLV. DE NEGÓCIOS;GPN;Administrativo;2011-02-01;2011-12-31;C081-Administração;False;Inativo
6.17.02.1.0.03;ESTAÇÃO LAPA - 8;LAB;Operacional;2011-03-01;2011-12-31;C008-Linha: 8 - Diamante;False;Inativo
6.17.02.1.0.04;ESTAÇÃO DOMINGOS DE MORAES;DMO;Operacional;2011-03-01;2011-12-31;C008-Linha: 8 - Diamante;False;Inativo
6.17.02.1.0.05;ESTAÇÃO IMPERATRIZ LEOPOLDINA;ILE;Operacional;2011-03-01;2011-12-31;C008-Linha: 8 - Diamante;False;Inativo
6.17.02.1.0.08;ESTAÇÃO COMANDANTE SAMPAIO;CSA;Operacional;2011-03-01;2011-12-31;C008-Linha: 8 - Diamante;False;Inativo
6.17.02.1.0.09;ESTAÇÃO QUITAUNA;QTU;Operacional;2011-03-01;2011-12-31;C008-Linha: 8 - Diamante;False;Inativo
6.17.02.1.0.10;ESTAÇÃO GENERAL MIGUEL COSTA;GMC;Operacional;2011-03-01;2011-12-31;C008-Linha: 8 - Diamante;False;Inativo
6.17.02.1.0.11;ESTAÇÃO CARAPICUIBA;CPB;Operacional;2011-03-01;2011-12-31;C008-Linha: 8 - Diamante;False;Inativo
6.17.02.1.0.12;ESTAÇÃO SANTA TEREZINHA;STE;Operacional;2011-03-01;2011-12-31;C008-Linha: 8 - Diamante;False;Inativo
6.17.02.1.0.13;ESTAÇÃO ANTONIO JOÃO;AJO;Operacional;2011-03-01;2011-12-31;C008-Linha: 8 - Diamante;False;Inativo
6.17.02.1.0.14;ESTAÇÃO BARUERI;BRU;Operacional;2011-03-01;2011-12-31;C008-Linha: 8 - Diamante;False;Inativo
6.17.02.1.0.15;ESTAÇÃO JARDIM BELVAL;JBE;Operacional;2011-03-01;2011-12-31;C008-Linha: 8 - Diamante;False;Inativo
6.17.02.1.0.16;ESTAÇÃO JARDIM SILVEIRA;JSI;Operacional;2011-03-01;2011-12-31;C008-Linha: 8 - Diamante;False;Inativo
6.17.02.1.0.17;ESTAÇÃO JANDIRA;JDI;Operacional;2011-03-01;2011-12-31;C008-Linha: 8 - Diamante;False;Inativo
6.17.02.1.0.18;ESTAÇÃO SAGRADO CORAÇÃO;SCO;Operacional;2011-03-01;2011-12-31;C008-Linha: 8 - Diamante;False;Inativo
6.17.02.1.0.19;ESTAÇÃO ENG. CARDOSO;ECD;Operacional;2011-03-01;2011-12-31;C008-Linha: 8 - Diamante;False;Inativo
6.17.02.1.0.20;ESTAÇÃO ITAPEVI;IPV;Operacional;2011-03-01;2011-12-31;C008-Linha: 8 - Diamante;False;Inativo
6.17.02.1.0.21;ESTAÇÃO SANTA RITA;SRT;Operacional;2011-03-01;2011-12-31;C008-Linha: 8 - Diamante;False;Inativo
6.17.02.1.0.22;ESTAÇÃO CIMENRITA;CMR;Operacional;2011-03-01;2011-12-31;C008-Linha: 8 - Diamante;False;Inativo
6.17.02.1.0.23;ESTAÇÃO AMBUITÁ;AMB;Operacional;2011-03-01;2011-12-31;C008-Linha: 8 - Diamante;False;Inativo
6.17.02.1.0.24;ESTAÇÃO AMADOR BUENO;ABU;Operacional;2011-03-01;2011-12-31;C008-Linha: 8 - Diamante;False;Inativo
9.01.02.0.0.26;EMP PAULISTA PLANEJ METROPOLITANO;ADM;Administrativo;2011-03-01;2011-12-31;C081-Administração;False;Inativo
9.01.02.0.0.27;IMPRENSSA OFICIAL DO ESTADO;ADM;Administrativo;2011-02-01;2011-12-31;C081-Administração;False;Inativo
2.16.01;DEPTO DE ADM DE MATERIAIS;DFMA;Administrativo;2011-03-01;2011-12-31;C081-Administração;False;Inativo
2.16.00;GERENCIA DE ADMIN DE MAT. E LOGÍSTICA;GFM;Administrativo;2011-03-01;2011-12-31;C081-Administração;False;Inativo
2.16.00.0;GERENCIA DE ADMIN DE MAT. E LOGÍSTICA;GFM;Administrativo;2011-03-01;2011-12-31;C081-Administração;False;Inativo
2.16.00.0.0;GERENCIA DE ADMIN DE MAT. E LOGÍSTICA;GFM;Administrativo;2011-03-01;2011-12-31;C081-Administração;False;Inativo
2.16.00.0.0.00;GERENCIA DE ADMIN DE MAT. E LOGÍSTICA;GFM;Administrativo;2011-03-01;2011-12-31;C081-Administração;False;Inativo
2.16.01.0;DEPTO DE ADM DE MATERIAIS;DFMA;Administrativo;2011-03-01;2011-12-31;C081-Administração;False;Inativo
2.16.01.0.0;DEPTO DE ADM DE MATERIAIS;DFMA;Administrativo;2011-03-01;2011-12-31;C081-Administração;False;Inativo
2.16.01.0.0.00;DEPTO DE ADM DE MATERIAIS;DFMA;Administrativo;2011-03-01;2011-12-31;C081-Administração;False;Inativo
2.16.02;DEPTO DE LOGISTICA DE ESTOQUES;DFME;Administrativo;2011-04-01;2011-12-31;C081-Administração;False;Inativo
2.16.02.0;DEPTO DE LOGISTICA DE ESTOQUES;DFME;Administrativo;2011-04-01;2011-12-31;C081-Administração;False;Inativo
2.16.02.0.0;DEPTO DE LOGISTICA DE ESTOQUES;DFME;Administrativo;2011-04-01;2011-12-31;C081-Administração;False;Inativo
2.16.02.0.0.00;DEPTO DE LOGISTICA DE ESTOQUES;DFME;Administrativo;2011-04-01;2011-12-31;C081-Administração;False;Inativo
2.90;EXPRESSO TURÍSTICO;ET;Administrativo;2011-01-01;2011-12-31;C021-Expresso Turístico - Jundiaí;False;Inativo
2.90.01;EXPRESSO TURÍSTICO-LUZ / JUNDIAÍ;LJUN;Administrativo;2011-01-01;2011-12-31;C021-Expresso Turístico - Jundiaí;False;Inativo
2.90.01.0;EXPRESSO TURÍSTICO-LUZ / JUNDIAÍ;LJUN;Administrativo;2011-01-01;2011-12-31;C021-Expresso Turístico - Jundiaí;False;Inativo
2.90.01.0.0;EXPRESSO TURÍSTICO-LUZ / JUNDIAÍ;LJUN;Administrativo;2011-01-01;2011-12-31;C021-Expresso Turístico - Jundiaí;False;Inativo
2.90.01.0.0.00;EXPRESSO TURÍSTICO-LUZ / JUNDIAÍ;LJUN;Administrativo;2011-01-01;2011-12-31;C021-Expresso Turístico - Jundiaí;False;Inativo
2.90.02;EXPRESSO TURÍSTICO-LUZ / MOGI DAS CRUZES;LMDC;Administrativo;2011-01-01;2011-12-31;C022-Expresso Turístico - Mogi das Cruzes;False;Inativo
2.90.02.0;EXPRESSO TURÍSTICO-LUZ / MOGI DAS CRUZES;LMDC;Administrativo;2011-01-01;2011-12-31;C022-Expresso Turístico - Mogi das Cruzes;False;Inativo
2.90.02.0.0;EXPRESSO TURÍSTICO-LUZ / MOGI DAS CRUZES;LMDC;Administrativo;2011-01-01;2011-12-31;C022-Expresso Turístico - Mogi das Cruzes;False;Inativo
2.90.02.0.0.00;EXPRESSO TURÍSTICO-LUZ / MOGI DAS CRUZES;LMDC;Administrativo;2011-01-01;2011-12-31;C022-Expresso Turístico - Mogi das Cruzes;False;Inativo
2.90.03;EXPRESSO TURÍSTICO-LUZ / PARANAPIACABA;PNP;Administrativo;2011-01-01;2011-12-31;C023-Expresso Turístico - Paranapiacaba;False;Inativo
2.90.03.0;EXPRESSO TURÍSTICO-LUZ / PARANAPIACABA;PNP;Administrativo;2011-01-01;2011-12-31;C023-Expresso Turístico - Paranapiacaba;False;Inativo
9.01.02.0.0.25;CESSÃO DEPTO AGUAS ENERGIA ELETRICA;ADM;Administrativo;2011-03-01;2011-12-31;C081-Administração;False;Inativo
2.15.01.0;DEPTO DE LOGISTICA ADMINISTRATIVA;DFAL;Administrativo;2011-04-01;2011-12-31;C081-Administração;False;Inativo
2.15.01.0.0;DEPTO DE LOGISTICA ADMINISTRATIVA;DFAL;Administrativo;2011-04-01;2011-12-31;C081-Administração;False;Inativo
2.15.01.0.0.00;DEPTO DE LOGISTICA ADMINISTRATIVA;DFAL;Administrativo;2011-04-01;2011-12-31;C081-Administração;False;Inativo
2.15.02;DEPTO DE SERVIÇOS ADMINISTRATIVOS;DFAS;Administrativo;2011-04-01;2011-12-31;C081-Administração;False;Inativo
2.15.02.0;DEPTO DE SERVIÇOS ADMINISTRATIVOS;DFAS;Administrativo;2011-04-01;2011-12-31;C081-Administração;False;Inativo
2.15.02.0.0;DEPTO DE SERVIÇOS ADMINISTRATIVOS;DFAS;Administrativo;2011-04-01;2011-12-31;C081-Administração;False;Inativo
2.15.02.0.0.00;DEPTO DE SERVIÇOS ADMINISTRATIVOS;DFAS;Administrativo;2011-04-01;2011-12-31;C081-Administração;False;Inativo
2.90.03.0.0;EXPRESSO TURÍSTICO-LUZ / PARANAPIACABA;PNP;Administrativo;2011-01-01;2011-12-31;C023-Expresso Turístico - Paranapiacaba;False;Inativo
2.90.03.0.0.00;EXPRESSO TURÍSTICO-LUZ / PARANAPIACABA;PNP;Administrativo;2011-01-01;2011-12-31;C023-Expresso Turístico - Paranapiacaba;False;Inativo
9.01.02.0.0.29;SECRET. SANEAMENTO E RECURSOS HÍDRICOS;ADM;Administrativo;2011-05-01;2011-12-31;C081-Administração;False;Inativo
9.01.02.0.0.30;SECRET. DESENV. METROPOLITANO;ADM;Administrativo;2011-05-01;2011-12-31;C081-Administração;False;Inativo
4.17;GERÊNCIA DE PROJETOS;GEP;Administrativo;2011-08-01;2011-12-31;C081-Administração;False;Inativo
5.04.2.1.01;DEPTO DE ENG DE ESTAÇÕES E COMU-EQUIPE;DOGC;Operacional;2012-01-01;;C041-Todas as Linhas Operacionais;True;Ativo
5.02.3.2.00;LAVADOR CARROS BARRA FUNDA-LINHAS 7 / 10;DOCT;Operacional;2012-01-01;;C031-Linhas: 7/10 - Rubi/Turquesa;True;Ativo
5.02.3.3;LAVADOR DE CARROS-P.ALTINO-LINHAS 8 / 9;DOCT;Produtivo;2012-01-01;2022-03-31;C032-Linhas: 8/9 - Diamante/Esmeralda;False;Inativo
5.02.3.3.00;LAVADOR DE CARROS-P.ALTINO-LINHAS 8 / 9;DOCT;Operacional;2012-01-01;2022-03-31;C032-Linhas: 8/9 - Diamante/Esmeralda;False;Inativo
5.02.3.4;LAVADOR CARROS-JUNDIAPEBA-LINHAS 11 / 12;DOCT;Produtivo;2012-01-01;;C033-Linhas: 11/12 - Coral/Safira;True;Ativo
5.02.3.4.00;LAVADOR CARROS-JUNDIAPEBA-LINHAS 11 / 12;DOCT;Operacional;2012-01-01;;C033-Linhas: 11/12 - Coral/Safira;True;Ativo
5.03;GERÊNCIA DE SEGURANÇA;GOS;Produtivo;2012-01-01;;C071-Custos Indiretos - Operação;True;Ativo
5.03.0;GERÊNCIA DE SEGURANÇA;GOS;Produtivo;2012-01-01;;C071-Custos Indiretos - Operação;True;Ativo
5.03.0.0;GERÊNCIA DE SEGURANÇA;GOS;Produtivo;2012-01-01;;C071-Custos Indiretos - Operação;True;Ativo
5.03.0.0.00;GERÊNCIA DE SEGURANÇA;GOS;Operacional;2012-01-01;2025-10-31;C071-Custos Indiretos - Operação;False;Inativo
5.03.1;DEPTO DE EFETIVO E LOGÍSTICA;DOSE;Produtivo;2012-01-01;;C041-Todas as Linhas Operacionais;True;Ativo
5.03.1.0;DEPTO DE EFETIVO E LOGÍSTICA;DOSE;Produtivo;2012-01-01;;C041-Todas as Linhas Operacionais;True;Ativo
5.03.1.0.00;DEPTO DE EFETIVO E LOGÍSTICA;DOSE;Operacional;2012-01-01;2025-10-31;C041-Todas as Linhas Operacionais;False;Inativo
5.03.2;DEPTO DE SEGURANÇA E VIGILÂNCIA-CHEFIA;DOSV;Produtivo;2012-01-01;;C041-Todas as Linhas Operacionais;True;Ativo
5.03.2.0;DEPTO DE SEGURANÇA E VIGILÂNCIA-CHEFIA;DOSV;Produtivo;2012-01-01;;C041-Todas as Linhas Operacionais;True;Ativo
5.03.2.0.00;DEPTO DE SEGURANÇA E VIGILÂNCIA-CHEFIA;DOSV;Operacional;2012-01-01;2025-10-31;C041-Todas as Linhas Operacionais;False;Inativo
5.03.2.1;SEGURANÇA OPERACIONAL - LINHA 7 / 10;DOSV;Produtivo;2012-01-01;;C031-Linhas: 7/10 - Rubi/Turquesa;True;Ativo
5.03.2.1.01;SEGURANÇA OPERACIONAL - LINHA 7 / 10;DOSV;Operacional;2012-01-01;2025-10-31;C031-Linhas: 7/10 - Rubi/Turquesa;False;Inativo
5.03.2.1.02;EQUIPE DE SEGURANÇA - LINHA 7;DOSV;Operacional;2012-01-01;2025-10-31;C007-Linha: 7 - Rubi;False;Inativo
5.03.2.1.03;EQUIPE DE SEGURANÇA - LINHA 10;DOSV;Operacional;2012-01-01;2025-10-31;C010-Linha: 10 - Turquesa;False;Inativo
5.03.2.2;SEGURANÇA OPERACIONAL - LINHA 8 / 9;DOSV;Produtivo;2012-01-01;2022-03-31;C032-Linhas: 8/9 - Diamante/Esmeralda;False;Inativo
5.03.2.2.01;SEGURANÇA OPERACIONAL - LINHA 8 / 9;DOSV;Operacional;2012-01-01;2022-03-31;C032-Linhas: 8/9 - Diamante/Esmeralda;False;Inativo
5.03.2.2.02;EQUIPE DE SEGURANÇA - LINHA 8;DOSV;Operacional;2012-01-01;2022-03-31;C008-Linha: 8 - Diamante;False;Inativo
5.03.2.2.03;EQUIPE DE SEGURANÇA - LINHA 9;DOSV;Operacional;2012-01-01;2022-03-31;C009-Linha: 9 - Esmeralda;False;Inativo
5.03.2.3;SEGURANÇA OPERACIONAL - LINHA 11 / 12;DOSV;Produtivo;2012-01-01;2018-02-28;C033-Linhas: 11/12 - Coral/Safira;False;Inativo
5.03.2.3.01;SEGURANÇA OPERACIONAL - LINHA 11 / 12;DOSV;Operacional;2012-01-01;2018-02-28;C033-Linhas: 11/12 - Coral/Safira;False;Inativo
5.03.2.3.02;EQUIPE DE SEGURANÇA - LINHA 11;DOSV;Operacional;2012-01-01;2018-02-28;C011-Linha: 11 - Coral;False;Inativo
5.03.2.3.03;EQUIPE DE SEGURANÇA - LINHA 12;DOSV;Operacional;2012-01-01;2018-02-28;C012-Linha: 12 - Safira;False;Inativo
5.04;GERENCIA DE ENGENHARIA DE OPERAÇÃO;GOG;Produtivo;2012-01-01;;C071-Custos Indiretos - Operação;True;Ativo
5.04.0;GERENCIA DE ENGENHARIA DE OPERAÇÃO;GOG;Produtivo;2012-01-01;;C071-Custos Indiretos - Operação;True;Ativo
5.04.0.0;GERENCIA DE ENGENHARIA DE OPERAÇÃO;GOG;Produtivo;2012-01-01;;C071-Custos Indiretos - Operação;True;Ativo
5.04.0.0.00;GERENCIA DE ENGENHARIA DE OPERAÇÃO;GOG;Operacional;2012-01-01;;C071-Custos Indiretos - Operação;True;Ativo
5.04.1;DEPTO DE ENG DE SISTEMAS E EQUIP-CHEFIA;DOGI;Produtivo;2012-01-01;;C041-Todas as Linhas Operacionais;True;Ativo
5.04.1.0;DEPTO DE ENG DE SISTEMAS E EQUIP-CHEFIA;DOGI;Produtivo;2012-01-01;;C041-Todas as Linhas Operacionais;True;Ativo
5.04.1.0.00;DEPTO DE ENG DE SISTEMAS E EQUIP-CHEFIA;DOGI;Operacional;2012-01-01;;C041-Todas as Linhas Operacionais;True;Ativo
5.04.1.1;DEPTO DE ENG DE SISTEMAS E EQUIP-EQUIPES;DOGI;Produtivo;2012-01-01;;C041-Todas as Linhas Operacionais;True;Ativo
5.04.1.1.01;DEPTO DE ENG DE SISTEMAS E EQUIP-EQUIPES;DOGI;Operacional;2012-01-01;;C041-Todas as Linhas Operacionais;True;Ativo
5.04.2;DEPTO DE ENG DE ESTAÇÕES E COMUN-CHEFIA;DOGC;Produtivo;2012-01-01;;C041-Todas as Linhas Operacionais;True;Ativo
5.04.2.0;DEPTO DE ENG DE ESTAÇÕES E COMUN-CHEFIA;DOGC;Produtivo;2012-01-01;;C041-Todas as Linhas Operacionais;True;Ativo
5.04.2.0.00;DEPTO DE ENG DE ESTAÇÕES E COMUN-CHEFIA;DOGC;Operacional;2012-01-01;;C041-Todas as Linhas Operacionais;True;Ativo
5.04.2.1;DEPTO DE ENG DE ESTAÇÕES E COMU-EQUIPE;DOGC;Produtivo;2012-01-01;;C041-Todas as Linhas Operacionais;True;Ativo
5.04.3;DEPTO DE ENG BILHET E ENERG ELÉTR-CHEFIA;DOGB;Produtivo;2012-01-01;2022-02-28;C041-Todas as Linhas Operacionais;False;Inativo
5.04.3.0;DEPTO DE ENG BILHET E ENERG ELÉTR-CHEFIA;DOGB;Produtivo;2012-01-01;2022-02-28;C041-Todas as Linhas Operacionais;False;Inativo
5.04.3.0.00;DEPTO DE ENG BILHET E ENERG ELÉTR-CHEFIA;DOGB;Operacional;2012-01-01;2022-02-28;C041-Todas as Linhas Operacionais;False;Inativo
5.04.3.1;DEPTO DE ENG BILHET E ENERG ELÉTR-EQUIPE;DOGB;Produtivo;2012-01-01;2022-02-28;C041-Todas as Linhas Operacionais;False;Inativo
5.04.3.1.01;DEPTO DE ENG BILHET E ENERG ELÉTR-EQUIPE;DOGB;Operacional;2012-01-01;2022-02-28;C041-Todas as Linhas Operacionais;False;Inativo
5.05;GERENCIA DE ESTAÇÕES E SERVIÇOS;GOE;Produtivo;2012-01-01;2019-03-31;C071-Custos Indiretos - Operação;False;Inativo
5.05.0;GERENCIA DE ESTAÇÕES E SERVIÇOS;GOE;Produtivo;2012-01-01;2019-03-31;C071-Custos Indiretos - Operação;False;Inativo
5.05.0.0;GERENCIA DE ESTAÇÕES E SERVIÇOS;GOE;Produtivo;2012-01-01;2019-03-31;C071-Custos Indiretos - Operação;False;Inativo
5.05.0.0.00;GERENCIA DE ESTAÇÕES E SERVIÇOS;GOE;Operacional;2012-01-01;2019-03-31;C071-Custos Indiretos - Operação;False;Inativo
5.05.1;DEPTO DE ESTAÇÕES E SERVIÇOS-LINHA 7;DOEA;Produtivo;2012-01-01;2019-03-31;C007-Linha: 7 - Rubi;False;Inativo
5.05.1.0;DEPTO DE ESTAÇÕES E SERVIÇOS-LINHA 7-CHE;DOEA;Produtivo;2012-01-01;2019-03-31;C007-Linha: 7 - Rubi;False;Inativo
5.05.1.0.00;DEPTO DE ESTAÇÕES E SERVIÇOS-LINHA 7-CHE;DOEA;Operacional;2012-01-01;2019-03-31;C007-Linha: 7 - Rubi;False;Inativo
5.05.1.1;DEPTO DE ESTAÇÕES E SERVIÇOS-LINHA 7-EST;DOEA;Produtivo;2012-01-01;2019-03-31;C007-Linha: 7 - Rubi;False;Inativo
5.05.1.1.01;ESTAÇÃO ÁGUA BRANCA;ABR;Operacional;2012-01-01;2019-03-31;C007-Linha: 7 - Rubi;False;Inativo
5.05.1.1.02;ESTAÇÃO LAPA 7;LPA;Operacional;2012-01-01;2019-03-31;C007-Linha: 7 - Rubi;False;Inativo
5.05.1.1.03;ESTAÇÃO PIQUERI;PQR;Operacional;2012-01-01;2019-03-31;C007-Linha: 7 - Rubi;False;Inativo
5.05.1.1.04;ESTAÇÃO PIRITUBA;PRT;Operacional;2012-01-01;2019-03-31;C007-Linha: 7 - Rubi;False;Inativo
5.05.1.1.05;ESTAÇÃO VILA CLARICE;VCL;Operacional;2012-01-01;2019-03-31;C007-Linha: 7 - Rubi;False;Inativo
5.05.1.1.06;ESTAÇÃO JARAGUÁ;JRG;Operacional;2012-01-01;2019-03-31;C007-Linha: 7 - Rubi;False;Inativo
5.05.1.1.07;ESTAÇÃO PERUS;PRU;Operacional;2012-01-01;2019-03-31;C007-Linha: 7 - Rubi;False;Inativo
5.05.1.1.08;ESTAÇÃO CAIEIRAS;CAI;Operacional;2012-01-01;2019-03-31;C007-Linha: 7 - Rubi;False;Inativo
5.05.1.1.09;ESTAÇÃO FRANCO DA ROCHA;FDR;Operacional;2012-01-01;2019-03-31;C007-Linha: 7 - Rubi;False;Inativo
5.05.1.1.10;ESTAÇÃO BALTAZAR FIDELIS;BFI;Operacional;2012-01-01;2019-03-31;C007-Linha: 7 - Rubi;False;Inativo
5.05.1.1.11;ESTAÇÃO FRANCISCO MORATO;FMO;Operacional;2012-01-01;2019-03-31;C007-Linha: 7 - Rubi;False;Inativo
5.05.1.1.12;ESTAÇÃO BOTUJURU;BTJ;Operacional;2012-01-01;2019-03-31;C007-Linha: 7 - Rubi;False;Inativo
5.05.1.1.13;ESTAÇÃO CAMPO LIMPO PAULISTA;CLP;Operacional;2012-01-01;2019-03-31;C007-Linha: 7 - Rubi;False;Inativo
5.05.1.1.14;ESTAÇÃO VÁRZEA PAULISTA;VLP;Operacional;2012-01-01;2019-03-31;C007-Linha: 7 - Rubi;False;Inativo
5.05.1.1.15;ESTAÇÃO JUNDIAÍ;JUN;Operacional;2012-01-01;2019-03-31;C007-Linha: 7 - Rubi;False;Inativo
5.05.2;DEPTO OPERAÇÃO E SERVIÇOS-LINHA 8;DOEB;Produtivo;2012-01-01;2019-03-31;C008-Linha: 8 - Diamante;False;Inativo
5.05.2.0;DEPTO OPERAÇÃO E SERVIÇOS-LINHA 8-CHEFIA;DOEB;Produtivo;2012-01-01;2019-03-31;C008-Linha: 8 - Diamante;False;Inativo
5.05.2.0.00;DEPTO OPERAÇÃO E SERVIÇOS-LINHA 8-CHEFIA;DOEB;Operacional;2012-01-01;2019-03-31;C008-Linha: 8 - Diamante;False;Inativo
5.05.2.1;DEPTO OPERAÇÃO E SERVIÇOS-LINHA 8-ESTAÇÕ;DOEB;Produtivo;2012-01-01;2019-03-31;C008-Linha: 8 - Diamante;False;Inativo
5.05.2.1.01;ESTAÇÃO JÚLIO PRESTES;JPR;Operacional;2012-01-01;2019-03-31;C008-Linha: 8 - Diamante;False;Inativo
5.05.2.1.02;ESTAÇÃO PALMEIRAS-BARRA FUNDA;BFU;Operacional;2012-01-01;2019-03-31;C008-Linha: 8 - Diamante;False;Inativo
5.05.2.1.03;ESTAÇÃO LAPA - 8;LAB;Operacional;2012-01-01;2019-03-31;C008-Linha: 8 - Diamante;False;Inativo
5.05.2.1.04;ESTAÇÃO DOMINGOS DE MORAES;DMO;Operacional;2012-01-01;2019-03-31;C008-Linha: 8 - Diamante;False;Inativo
5.05.2.1.05;ESTAÇÃO IMPERATRIZ LEOPOLDINA;ILE;Operacional;2012-01-01;2019-03-31;C008-Linha: 8 - Diamante;False;Inativo
5.05.2.1.08;ESTAÇÃO COMANDANTE SAMPAIO;CSA;Operacional;2012-01-01;2019-03-31;C008-Linha: 8 - Diamante;False;Inativo
5.05.2.1.09;ESTAÇÃO QUITAUNA;QTU;Operacional;2012-01-01;2019-03-31;C008-Linha: 8 - Diamante;False;Inativo
5.05.2.1.10;ESTAÇÃO GENERAL MIGUEL COSTA;GMC;Operacional;2012-01-01;2019-03-31;C008-Linha: 8 - Diamante;False;Inativo
5.05.2.1.11;ESTAÇÃO CARAPICUIBA;CPB;Operacional;2012-01-01;2019-03-31;C008-Linha: 8 - Diamante;False;Inativo
5.05.2.1.12;ESTAÇÃO SANTA TEREZINHA;STE;Operacional;2012-01-01;2019-03-31;C008-Linha: 8 - Diamante;False;Inativo
5.05.2.1.13;ESTAÇÃO ANTONIO JOÃO;AJO;Operacional;2012-01-01;2019-03-31;C008-Linha: 8 - Diamante;False;Inativo
5.05.2.1.14;ESTAÇÃO BARUERI;BRU;Operacional;2012-01-01;2019-03-31;C008-Linha: 8 - Diamante;False;Inativo
5.05.2.1.15;ESTAÇÃO JARDIM BELVAL;JBE;Operacional;2012-01-01;2019-03-31;C008-Linha: 8 - Diamante;False;Inativo
5.05.2.1.16;ESTAÇÃO JARDIM SILVEIRA;JSI;Operacional;2012-01-01;2019-03-31;C008-Linha: 8 - Diamante;False;Inativo
5.05.2.1.17;ESTAÇÃO JANDIRA;JDI;Operacional;2012-01-01;2019-03-31;C008-Linha: 8 - Diamante;False;Inativo
5.05.2.1.18;ESTAÇÃO SAGRADO CORAÇÃO;SCO;Operacional;2012-01-01;2019-03-31;C008-Linha: 8 - Diamante;False;Inativo
5.05.2.1.19;ESTAÇÃO ENG. CARDOSO;ECD;Operacional;2012-01-01;2019-03-31;C008-Linha: 8 - Diamante;False;Inativo
3.01.0.1;GPT-PLANEJAMENTO;GPT;Produtivo;2012-01-01;2012-04-30;C081-Administração;False;Inativo
3.01.0.1.00;GPT-PLANEJAMENTO;GPT;Administrativo;2012-01-01;2012-04-30;C081-Administração;False;Inativo
3.01.0.2;GPT-PROJ. FUNCIONAL;GPT;Produtivo;2012-01-01;2012-04-30;C081-Administração;False;Inativo
3.01.0.2.00;GPT-PROJ. FUNCIONAL;GPT;Administrativo;2012-01-01;2012-04-30;C081-Administração;False;Inativo
3.02;GERÊNCIA DO TERRITÓRIO E MEIO AMBIENTE;GPA;Produtivo;2012-01-01;2019-01-31;C081-Administração;False;Inativo
3.02.0;GERÊNCIA DO TERRITÓRIO E MEIO AMBIENTE;GPA;Produtivo;2012-01-01;2019-01-31;C081-Administração;False;Inativo
3.02.0.0;GERÊNCIA DO TERRITÓRIO E MEIO AMBIENTE;GPA;Produtivo;2012-01-01;2019-01-31;C081-Administração;False;Inativo
3.02.0.0.00;GERÊNCIA DO TERRITÓRIO E MEIO AMBIENTE;GPA;Administrativo;2012-01-01;2019-01-31;C081-Administração;False;Inativo
3.02.1;DEPTO DE GESTÃO DO TERRITÓRIO;DPAT;Produtivo;2012-01-01;2019-01-31;C081-Administração;False;Inativo
3.02.1.0;DEPTO DE GESTÃO DO TERRITÓRIO;DPAT;Produtivo;2012-01-01;2019-01-31;C081-Administração;False;Inativo
3.02.1.0.00;DEPTO DE GESTÃO DO TERRITÓRIO;DPAT;Administrativo;2012-01-01;2019-01-31;C081-Administração;False;Inativo
3.03;GERÊNCIA DE NOVOS NEGÓCIOS;GPN;Produtivo;2012-01-01;;C081-Administração;True;Ativo
3.03.0;GERÊNCIA DE NOVOS NEGÓCIOS;GPN;Produtivo;2012-01-01;;C081-Administração;True;Ativo
3.03.0.0;GERÊNCIA DE NOVOS NEGÓCIOS;GPN;Produtivo;2012-01-01;;C081-Administração;True;Ativo
3.03.0.0.00;GERÊNCIA DE NOVOS NEGÓCIOS;GPN;Administrativo;2012-01-01;;C081-Administração;True;Ativo
3.04;GERÊNCIA DE PROJETOS CIVIS;GPP;Produtivo;2012-01-01;2019-01-31;C081-Administração;False;Inativo
5.11.07.4.1.07;OFICINA ELETRÔNICA - LINHA 7;DOFS;Manutenção;2011-07-01;2011-12-31;C007-Linha: 7 - Rubi;False;Inativo
5.11.07.4.1.08;OFICINA ELETRÔNICA - LINHA 8;DOFS;Manutenção;2011-07-01;2011-12-31;C008-Linha: 8 - Diamante;False;Inativo
5.11.07.4.1.09;OFICINA ELETRÔNICA - LINHA 9;DOFS;Manutenção;2011-07-01;2011-12-31;C009-Linha: 9 - Esmeralda;False;Inativo
5.11.07.4.1.10;OFICINA ELETRÔNICA - LINHA 10;DOFS;Manutenção;2011-07-01;2011-12-31;C010-Linha: 10 - Turquesa;False;Inativo
5.11.07.4.1.11;OFICINA ELETRÔNICA - LINHA 11;DOFS;Manutenção;2011-07-01;2011-12-31;C011-Linha: 11 - Coral;False;Inativo
5.11.07.4.1.12;OFICINA ELETRÔNICA - LINHA 12;DOFS;Manutenção;2011-07-01;2011-12-31;C012-Linha: 12 - Safira;False;Inativo
5.13.00.1;EQUIPE DE CONTROLE DE INFORMAÇÕES-MANUT;GOT;Manutenção;2008-11-01;2011-12-31;C041-Todas as Linhas Operacionais;False;Inativo
5.13.00.1.0;EQUIPE DE CONTROLE DE INFORMAÇÕES-MANUT;GOT;Manutenção;2008-11-01;2011-12-31;C041-Todas as Linhas Operacionais;False;Inativo
5.13.00.1.0.00;EQUIPE DE CONTROLE DE INFORMAÇÕES-MANUT;GOT;Manutenção;2008-11-01;2011-12-31;C041-Todas as Linhas Operacionais;False;Inativo
5.13.00.2;EQUIPE DE MAQUINAS E EQUIPAMENTOS;GOT;Manutenção;2008-11-01;2011-12-31;C041-Todas as Linhas Operacionais;False;Inativo
5.13.00.2.0;EQUIPE DE MAQUINAS E EQUIPAMENTOS;GOT;Manutenção;2008-11-01;2011-12-31;C041-Todas as Linhas Operacionais;False;Inativo
5.13.00.2.0.00;EQUIPE DE MAQUINAS E EQUIPAMENTOS;GOT;Manutenção;2008-11-01;2011-12-31;C041-Todas as Linhas Operacionais;False;Inativo
5.13.01.1;EQUIPE DE EDIFICAÇÕES;DOTV;Manutenção;2012-03-01;2012-03-01;C041-Todas as Linhas Operacionais;False;Inativo
5.13.01.1.0;EQUIPE DE EDIFICAÇÕES;DOTV;Manutenção;2012-03-01;2012-03-01;C041-Todas as Linhas Operacionais;False;Inativo
5.13.01.1.0.00;EQUIPE DE EDIFICAÇÕES;DOTV;Manutenção;2012-03-01;2012-03-01;C041-Todas as Linhas Operacionais;False;Inativo
5.13.01.2;EQUIPE DE VIA PERMANENTE;DOTV;Manutenção;2012-03-01;2012-03-01;C041-Todas as Linhas Operacionais;False;Inativo
5.13.01.2.0;EQUIPE DE VIA PERMANENTE;DOTV;Manutenção;2012-03-01;2012-03-01;C041-Todas as Linhas Operacionais;False;Inativo
5.13.01.2.0.00;EQUIPE DE VIA PERMANENTE;DOTV;Manutenção;2012-03-01;2012-03-01;C041-Todas as Linhas Operacionais;False;Inativo
3.04.0;GERÊNCIA DE PROJETOS CIVIS;GPP;Produtivo;2012-01-01;2019-01-31;C081-Administração;False;Inativo
3.04.0.0;GERÊNCIA DE PROJETOS CIVIS;GPP;Produtivo;2012-01-01;2019-01-31;C081-Administração;False;Inativo
3.04.0.0.00;GERÊNCIA DE PROJETOS CIVIS;GPP;Administrativo;2012-04-01;2019-01-31;C081-Administração;False;Inativo
3.91;DEPRECIAÇÃO - DP;DEDP;Produtivo;2012-01-01;;C081-Administração;True;Ativo
3.91.0;DEPRECIAÇÃO - DP;DEDP;Produtivo;2012-01-01;;C081-Administração;True;Ativo
3.91.0.0;DEPRECIAÇÃO - DP;DEDP;Produtivo;2012-01-01;;C081-Administração;True;Ativo
3.91.0.0.50;DEPRECIAÇÃO - DP;DEDP;Administrativo;2012-01-01;;C081-Administração;True;Ativo
4.00.0;DIRETORIA DE ENGENHARIA E OBRAS;DE;Produtivo;2012-01-01;;C081-Administração;True;Ativo
4.00.0.0;DIRETORIA DE ENGENHARIA E OBRAS;DE;Produtivo;2012-01-01;;C081-Administração;True;Ativo
4.00.0.0.00;DIRETORIA DE ENG. OBRAS E MEIO AMBIENTE;DE;Administrativo;2012-01-01;;C081-Administração;True;Ativo
4.01;GERÊNCIA DE COORDENAÇÃO;GEC;Produtivo;2012-01-01;2019-01-31;C081-Administração;False;Inativo
4.01.0;GERÊNCIA DE COORDENAÇÃO;GEC;Produtivo;2012-01-01;2019-01-31;C081-Administração;False;Inativo
4.01.0.0;GERÊNCIA DE COORDENAÇÃO;GEC;Produtivo;2012-01-01;2019-01-31;C081-Administração;False;Inativo
4.01.0.0.00;GERÊNCIA DE COORDENAÇÃO;GEC;Administrativo;2012-01-01;2013-08-31;C081-Administração;False;Inativo
4.02;GERENCIA DE PROJETOS E MONTAGENS DE SIST;GES;Produtivo;2012-01-01;2019-01-31;C081-Administração;False;Inativo
4.02.0;GERENCIA DE PROJETOS E MONTAGENS DE SIST;GES;Produtivo;2012-01-01;2019-01-31;C081-Administração;False;Inativo
4.02.0.0;GERENCIA DE PROJETOS E MONTAGENS DE SIST;GES;Produtivo;2012-01-01;2019-01-31;C081-Administração;False;Inativo
4.02.0.0.00;GERENCIA DE IMPLANTAÇÃO DE SISTEMAS;GES;Administrativo;2012-01-01;2019-01-31;C081-Administração;False;Inativo
4.02.0.1;GES-ENGENHARIA DE INFRA-ESTRUTURA;GES;Produtivo;2012-01-01;2012-04-30;C081-Administração;False;Inativo
4.02.0.1.00;GES-ENGENHARIA DE INFRA-ESTRUTURA;GES;Administrativo;2012-01-01;2012-04-30;C081-Administração;False;Inativo
4.02.0.2;GES-ENGENHARIA DE SISTEMAS;GES;Produtivo;2012-01-01;2012-04-30;C081-Administração;False;Inativo
4.02.0.2.00;GES-ENGENHARIA DE SISTEMAS;GES;Administrativo;2012-01-01;2012-04-30;C081-Administração;False;Inativo
4.03;GERÊNCIA DE IMPLANTAÇÃO DE OBRAS CIVIS;GEO;Produtivo;2012-01-01;2019-01-31;C081-Administração;False;Inativo
4.03.0;GERÊNCIA DE IMPLANTAÇÃO DE OBRAS CIVIS;GEO;Produtivo;2012-01-01;2019-01-31;C081-Administração;False;Inativo
4.03.0.0;GERÊNCIA DE IMPLANTAÇÃO DE OBRAS CIVIS;GEO;Produtivo;2012-01-01;2019-01-31;C081-Administração;False;Inativo
4.03.0.0.00;GERÊNCIA DE IMPLANTAÇÃO DE OBRAS CIVIS;GEO;Administrativo;2012-01-01;2013-09-30;C081-Administração;False;Inativo
4.04;GERÊNCIA DE MONTAGEM DE VIA PERMANENTE E;GEM;Produtivo;2012-01-01;2019-01-31;C081-Administração;False;Inativo
4.04.0;GERÊNCIA DE MONTAGEM DE VIA PERMANENTE E;GEM;Produtivo;2012-01-01;2019-01-31;C081-Administração;False;Inativo
4.04.0.0;GERÊNCIA DE MONTAGEM DE VIA PERMANENTE E;GEM;Produtivo;2012-01-01;2019-01-31;C081-Administração;False;Inativo
4.04.0.0.00;GERÊNCIA DE MONTAGEM DE VIA PERMANENTE E;GEM;Administrativo;2012-01-01;2019-01-31;C081-Administração;False;Inativo
4.05;GERÊNCIA DE PROJETOS;GEP;Produtivo;2012-01-01;2012-03-31;C081-Administração;False;Inativo
4.05.0;GERÊNCIA DE PROJETOS;GEP;Produtivo;2012-01-01;2012-03-31;C081-Administração;False;Inativo
4.05.0.0;GERÊNCIA DE PROJETOS;GEP;Produtivo;2012-01-01;2012-03-31;C081-Administração;False;Inativo
4.05.0.0.00;GERÊNCIA DE PROJETOS;GEP;Administrativo;2012-01-01;2012-03-31;C081-Administração;False;Inativo
4.91;DEPRECIAÇÃO - DE;DEDE;Produtivo;2012-01-01;;C081-Administração;True;Ativo
4.91.0;DEPRECIAÇÃO - DE;DEDE;Produtivo;2012-01-01;;C081-Administração;True;Ativo
4.91.0.0;DEPRECIAÇÃO - DE;DEDE;Produtivo;2012-01-01;;C081-Administração;True;Ativo
4.91.0.0.50;DEPRECIAÇÃO - DE;DEDE;Administrativo;2012-01-01;;C081-Administração;True;Ativo
9.01.02.0.0.31;JUSTIÇA E DEFESA DA CIDADANIA;ADM;Administrativo;2011-07-01;2011-12-31;C081-Administração;False;Inativo
4.17.00;GERÊNCIA DE PROJETOS;GEP;Administrativo;2011-08-01;2011-12-31;C081-Administração;False;Inativo
4.17.00.0;GERÊNCIA DE PROJETOS;GEP;Administrativo;2011-08-01;2011-12-31;C081-Administração;False;Inativo
4.17.00.0.0;GERÊNCIA DE PROJETOS;GEP;Administrativo;2011-08-01;2011-12-31;C081-Administração;False;Inativo
4.17.00.0.0.00;GERÊNCIA DE PROJETOS;GEP;Administrativo;2011-08-01;2011-12-31;C081-Administração;False;Inativo
4.13.01;DEPTO DE IMPLANT. DE SISTEMAS DE ENERGIA;DESE;Administrativo;2012-05-01;2012-05-01;C081-Administração;False;Inativo
4.13.01.0;DEPTO DE IMPLANT. DE SISTEMAS DE ENERGIA;DESE;Administrativo;2012-05-01;2012-05-01;C081-Administração;False;Inativo
4.13.01.0.0;DEPTO DE IMPLANT. DE SISTEMAS DE ENERGIA;DESE;Administrativo;2012-05-01;2012-05-01;C081-Administração;False;Inativo
4.13.01.0.0.00;DEPTO DE IMPLANT. DE SISTEMAS DE ENERGIA;DESE;Administrativo;2012-05-01;2012-05-01;C081-Administração;False;Inativo
4.13.02;DEPTO DE IMPLANT. DE SINALIZ. E TELECOM.;DEST;Administrativo;2012-05-01;2012-05-01;C081-Administração;False;Inativo
4.13.02.0;DEPTO DE IMPLANT. DE SINALIZ. E TELECOM.;DEST;Administrativo;2012-05-01;2012-05-01;C081-Administração;False;Inativo
4.13.02.0.0;DEPTO DE IMPLANT. DE SINALIZ. E TELECOM.;DEST;Administrativo;2012-05-01;2012-05-01;C081-Administração;False;Inativo
4.13.02.0.0.00;DEPTO DE IMPLANT. DE SINALIZ. E TELECOM.;DEST;Administrativo;2012-05-01;2012-05-01;C081-Administração;False;Inativo
4.13.03;DEPTO DE PROJETOS DE SISTEMAS;DESP;Administrativo;2012-05-01;2012-05-01;C081-Administração;False;Inativo
4.13.03.0;DEPTO DE PROJETOS DE SISTEMAS;DESP;Administrativo;2012-05-01;2012-05-01;C081-Administração;False;Inativo
4.13.03.0.0;DEPTO DE PROJETOS DE SISTEMAS;DESP;Administrativo;2012-05-01;2012-05-01;C081-Administração;False;Inativo
4.13.03.0.0.00;DEPTO DE PROJETOS DE SISTEMAS;DESP;Administrativo;2012-05-01;2012-05-01;C081-Administração;False;Inativo
4.15.01;DEPTO DE IMPLANT DE OBRAS CIVIS - L.7/10;DEOA;Administrativo;2012-05-01;2012-05-31;C081-Administração;False;Inativo
4.15.01.0;DEPTO DE IMPLANT DE OBRAS CIVIS - L.7/10;DEOA;Administrativo;2012-05-01;2012-05-31;C081-Administração;False;Inativo
4.15.01.0.0;DEPTO DE IMPLANT DE OBRAS CIVIS - L.7/10;DEOA;Administrativo;2012-05-01;2012-05-31;C081-Administração;False;Inativo
4.15.01.0.0.00;DEPTO DE IMPLANT DE OBRAS CIVIS - L.7/10;DEOA;Administrativo;2012-05-01;2012-05-01;C081-Administração;False;Inativo
4.15.02;DEPTO DE IMPLANT DE OBRAS CIVIS - L. 8/9;DEOB;Administrativo;2012-05-01;2012-05-31;C081-Administração;False;Inativo
4.15.02.0;DEPTO DE IMPLANT DE OBRAS CIVIS - L. 8/9;DEOB;Administrativo;2012-05-01;2012-05-31;C081-Administração;False;Inativo
4.15.02.0.0;DEPTO DE IMPLANT DE OBRAS CIVIS - L. 8/9;DEOB;Administrativo;2012-05-01;2012-05-31;C081-Administração;False;Inativo
4.15.02.0.0.00;DEPTO DE IMPLANT DE OBRAS CIVIS - L. 8/9;DEOB;Administrativo;2012-05-01;2012-05-01;C081-Administração;False;Inativo
4.15.03;DEPTO DE IMPLANT DE OBRAS CIVIS - L. 11;DEOE;Administrativo;2012-05-01;2012-05-31;C081-Administração;False;Inativo
4.15.03.0;DEPTO DE IMPLANT DE OBRAS CIVIS - L. 11;DEOE;Administrativo;2012-05-01;2012-05-31;C081-Administração;False;Inativo
4.15.03.0.0;DEPTO DE IMPLANT DE OBRAS CIVIS - L. 11;DEOE;Administrativo;2012-05-01;2012-05-31;C081-Administração;False;Inativo
4.15.03.0.0.00;DEPTO DE IMPLANT DE OBRAS CIVIS - L. 11;DEOE;Administrativo;2012-05-01;2012-05-01;C081-Administração;False;Inativo
4.15.04;DEPTO DE IMPLANT DE OBRAS CIVIS - L. 12;DEOF;Administrativo;2012-05-01;2012-05-31;C081-Administração;False;Inativo
4.15.04.0;DEPTO DE IMPLANT DE OBRAS CIVIS - L. 12;DEOF;Administrativo;2012-05-01;2012-05-31;C081-Administração;False;Inativo
4.15.04.0.0;DEPTO DE IMPLANT DE OBRAS CIVIS - L. 12;DEOF;Administrativo;2012-05-01;2012-05-31;C081-Administração;False;Inativo
4.15.04.0.0.00;DEPTO DE IMPLANT DE OBRAS CIVIS - L. 12;DEOF;Administrativo;2012-05-01;2012-05-01;C081-Administração;False;Inativo
4.16.01;DEPTO DE MONT VIA PERM E R. AEREA-L7/8/9;DEMO;Administrativo;2012-05-01;2011-12-31;C081-Administração;False;Inativo
4.16.01.0;DEPTO DE MONT VIA PERM E R. AEREA-L7/8/9;DEMO;Administrativo;2012-05-01;2011-12-31;C081-Administração;False;Inativo
4.16.01.0.0;DEPTO DE MONT VIA PERM E R. AEREA-L7/8/9;DEMO;Administrativo;2012-05-01;2011-12-31;C081-Administração;False;Inativo
4.16.01.0.0.00;DEPTO DE MONT VIA PERM E R. AEREA-L7/8/9;DEMO;Administrativo;2012-05-01;2012-05-01;C081-Administração;False;Inativo
4.16.02;DEPTO MONT VIA PERM E R. AEREA-L10/11/12;DEML;Administrativo;2012-05-01;2011-12-31;C081-Administração;False;Inativo
4.16.02.0;DEPTO MONT VIA PERM E R. AEREA-L10/11/12;DEML;Administrativo;2012-05-01;2011-12-31;C081-Administração;False;Inativo
4.16.02.0.0;DEPTO MONT VIA PERM E R. AEREA-L10/11/12;DEML;Administrativo;2012-05-01;2011-12-31;C081-Administração;False;Inativo
4.16.02.0.0.00;DEPTO MONT VIA PERM E R. AEREA-L10/11/12;DEML;Administrativo;2012-05-01;2012-05-01;C081-Administração;False;Inativo
2.01.0.0;GER. FINANÇAS E CONTR. ORÇAMENTÁRIO;GFF;Produtivo;2012-01-01;;C081-Administração;True;Ativo
6.17.05.1.0.07;ESTAÇÃO POÁ;POA;Operacional;2011-03-01;2011-12-31;C011-Linha: 11 - Coral;False;Inativo
6.17.05.1.0.09;ESTAÇÃO SUZANO;SUZ;Operacional;2011-03-01;2011-12-31;C011-Linha: 11 - Coral;False;Inativo
6.17.05.1.0.10;ESTAÇÃO JUNDIAPEBA;JPB;Operacional;2011-03-01;2011-12-31;C011-Linha: 11 - Coral;False;Inativo
6.17.05.1.0.11;ESTAÇÃO BRAZ CUBAS;BCB;Operacional;2011-03-01;2011-12-31;C011-Linha: 11 - Coral;False;Inativo
6.17.05.1.0.12;ESTAÇÃO MOGI DAS CRUZES;MDC;Operacional;2011-03-01;2011-12-31;C011-Linha: 11 - Coral;False;Inativo
6.17.05.1.0.13;ESTAÇÃO ESTUDANTES;EST;Operacional;2011-03-01;2011-12-31;C011-Linha: 11 - Coral;False;Inativo
6.16.03.1;DEPTO DE ENG. DE SISTEMAS OPERAC.-EQUIP;DOGS;Operacional;2011-04-01;2011-12-31;C041-Todas as Linhas Operacionais;False;Inativo
6.16.03.1.0;DEPTO DE ENG. DE SISTEMAS OPERAC.-CHEFI;DOGS;Operacional;2011-04-01;2011-12-31;C041-Todas as Linhas Operacionais;False;Inativo
6.16.03.1.0.00;DEPTO DE ENG. DE SISTEMAS OPERAC.-EQUIP;DOGS;Operacional;2011-04-01;2011-12-31;C041-Todas as Linhas Operacionais;False;Inativo
3.15.00;GERÊNCIA DE PROJETOS CIVIS;GPP;Administrativo;2012-04-01;2012-05-01;C081-Administração;False;Inativo
3.15;GERÊNCIA DE PROJETOS CIVIS;GPP;Administrativo;2012-04-01;2012-05-01;C081-Administração;False;Inativo
3.15.00.0;GERÊNCIA DE PROJETOS CIVIS;GPP;Administrativo;2012-04-01;2012-05-01;C081-Administração;False;Inativo
3.15.00.0.0;GERÊNCIA DE PROJETOS CIVIS;GPP;Administrativo;2012-04-01;2012-05-01;C081-Administração;False;Inativo
3.15.00.0.0.00;GERÊNCIA DE PROJETOS CIVIS;GPP;Administrativo;2012-04-01;2012-04-01;C081-Administração;False;Inativo
2.01.0.0.00;GER. FINANÇAS E CONTR. ORÇAMENTÁRIO;GFF;Administrativo;2012-01-01;;C081-Administração;True;Ativo
2.01.1;DEPTO DE CONTRÔLE E ORÇAMENTO;DFFO;Produtivo;2012-01-01;;C081-Administração;True;Ativo
2.01.1.0;DEPTO DE CONTRÔLE E ORÇAMENTO;DFFO;Produtivo;2012-01-01;;C081-Administração;True;Ativo
2.01.1.0.00;DEPTO DE CONTROLE E ORÇAMENTO;DFFO;Administrativo;2012-01-01;;C081-Administração;True;Ativo
2.01.2;DEPTO DE FINANÇAS;DFFA;Produtivo;2012-01-01;;C081-Administração;True;Ativo
2.01.2.0;DEPTO DE FINANÇAS;DFFA;Produtivo;2012-01-01;;C081-Administração;True;Ativo
2.01.2.0.00;DEPTO DE FINANÇAS;DFFA;Administrativo;2012-01-01;;C081-Administração;True;Ativo
2.01.2.1;DEPTO DE FINANÇAS - ARRECADAÇÃO;DFFA;Produtivo;2012-01-01;;C082-DFFA-Arrecadação;True;Ativo
2.01.2.1.00;DEPTO DE FINANÇAS - ARRECADAÇÃO;DFFA;Administrativo;2012-01-01;;C082-DFFA-Arrecadação;True;Ativo
2.01.3;DEPARTAMENTO DE CONTABILIDADE;DFFC;Produtivo;2012-01-01;2013-09-30;C081-Administração;False;Inativo
2.01.3.0;DEPARTAMENTO DE CONTABILIDADE;DFFC;Produtivo;2012-01-01;2013-09-30;C081-Administração;False;Inativo
2.01.3.0.00;DEPARTAMENTO DE CONTABILIDADE;DFFC;Administrativo;2012-01-01;2013-09-30;C081-Administração;False;Inativo
2.02;GERÊNCIA DE CONTRATAÇÕES E COMPRAS;GFC;Produtivo;2012-01-01;;C081-Administração;True;Ativo
2.02.0;GERÊNCIA DE CONTRATAÇÕES E COMPRAS;GFC;Produtivo;2012-01-01;;C081-Administração;True;Ativo
2.02.0.0;GERÊNCIA DE CONTRATAÇÕES E COMPRAS;GFC;Produtivo;2012-01-01;;C081-Administração;True;Ativo
2.02.0.0.00;GERÊNCIA DE CONTRATAÇÕES E COMPRAS;GFC;Administrativo;2012-01-01;;C081-Administração;True;Ativo
2.02.1;DEPTO DE CONTRATAÇÕES E COMPRAS;DFCC;Produtivo;2012-01-01;;C081-Administração;True;Ativo
2.02.1.0;DEPTO DE CONTRATAÇÕES E COMPRAS;DFCC;Produtivo;2012-01-01;;C081-Administração;True;Ativo
2.02.1.0.00;DEPTO DE CONTRATAÇÕES E COMPRAS;DFCC;Administrativo;2012-01-01;;C081-Administração;True;Ativo
2.02.2;DEPTO DE CONTRAT/COMPRAS-MEIO ELETRÔNICO;DFCE;Produtivo;2012-01-01;;C081-Administração;True;Ativo
2.02.2.0;DEPTO DE CONTRAT/COMPRAS-MEIO ELETRÔNICO;DFCE;Produtivo;2012-01-01;;C081-Administração;True;Ativo
2.02.2.0.00;DEPTO DE CONTRAT/COMPRAS-MEIO ELETRÔNICO;DFCE;Administrativo;2012-01-01;;C081-Administração;True;Ativo
2.03;GERÊNCIA DE TECNOLOGIA DA INFORMAÇÃO;GFI;Produtivo;2012-01-01;;C081-Administração;True;Ativo
2.03.0;GERÊNCIA DE TECNOLOGIA DA INFORMAÇÃO;GFI;Produtivo;2012-01-01;;C081-Administração;True;Ativo
2.03.0.0;GERÊNCIA DE TECNOLOGIA DA INFORMAÇÃO;GFI;Produtivo;2012-01-01;;C081-Administração;True;Ativo
2.03.0.0.00;GERÊNCIA DE TECNOLOGIA DA INFORMAÇÃO;GFI;Administrativo;2012-01-01;;C081-Administração;True;Ativo
2.03.0.1;GFI - INFRAESTRUTURA;GFI;Produtivo;2012-01-01;2013-07-31;C081-Administração;False;Inativo
2.03.0.1.00;GFI - INFRAESTRUTURA;GFI;Administrativo;2012-01-01;2013-07-31;C081-Administração;False;Inativo
2.03.0.2;GFI - SISTEMAS;GFI;Produtivo;2012-01-01;2013-07-31;C081-Administração;False;Inativo
2.03.0.2.00;GFI - SISTEMAS;GFI;Administrativo;2012-01-01;2013-07-31;C081-Administração;False;Inativo
2.03.0.3;GFI - BCO DADOS E NOVAS TECNOLOGIAS;GFI;Produtivo;2012-01-01;2013-07-31;C081-Administração;False;Inativo
2.03.0.3.00;GFI - BCO DADOS E NOVAS TECNOLOGIAS;GFI;Administrativo;2012-01-01;2013-07-31;C081-Administração;False;Inativo
2.04;GERENCIA ADMINISTRATIVA;GFA;Produtivo;2012-01-01;;C081-Administração;True;Ativo
2.04.0;GERENCIA ADMINISTRATIVA;GFA;Produtivo;2012-01-01;;C081-Administração;True;Ativo
2.04.0.0;GERENCIA ADMINISTRATIVA;GFA;Produtivo;2012-01-01;;C081-Administração;True;Ativo
2.04.0.0.00;GERENCIA ADMINISTRATIVA;GFA;Administrativo;2012-01-01;;C081-Administração;True;Ativo
2.04.1;DEPARTAMENTO DE LOGISTICA ADMINISTRATIVA;DFAL;Produtivo;2012-01-01;;C081-Administração;True;Ativo
2.04.1.0;DEPARTAMENTO DE LOGISTICA ADMINISTRATIVA;DFAL;Produtivo;2012-01-01;;C081-Administração;True;Ativo
2.04.1.0.00;DEPARTAMENTO DE LOGISTICA ADMINISTRATIVA;DFAL;Administrativo;2012-01-01;;C081-Administração;True;Ativo
2.04.2;DEPARTAMENTO DE SERVIÇOS ADMINISTRATIVOS;DFAS;Produtivo;2012-01-01;;C081-Administração;True;Ativo
2.04.2.0;DEPARTAMENTO DE SERVIÇOS ADMINISTRATIVOS;DFAS;Produtivo;2012-01-01;;C081-Administração;True;Ativo
2.04.2.0.00;DEPARTAMENTO DE SERVIÇOS ADMINISTRATIVOS;DFAS;Administrativo;2012-01-01;;C081-Administração;True;Ativo
2.05;GERENCIA DE ADMIN DE MATERIAIS E LOGÍSTI;GFM;Produtivo;2012-01-01;2019-07-31;C081-Administração;False;Inativo
2.05.0;GERENCIA DE ADMIN DE MATERIAIS E LOGÍSTI;GFM;Produtivo;2012-01-01;2019-07-31;C081-Administração;False;Inativo
3.11.01;DEPTO DE PLANEJAMENTO DE TRANSPORTE;DPTT;Administrativo;2012-05-01;2012-05-01;C081-Administração;False;Inativo
3.11.01.0;DEPTO DE PLANEJAMENTO DE TRANSPORTE;DPTT;Administrativo;2012-05-01;2012-05-01;C081-Administração;False;Inativo
3.11.01.0.0;DEPTO DE PLANEJAMENTO DE TRANSPORTE;DPTT;Administrativo;2012-05-01;2012-05-01;C081-Administração;False;Inativo
3.11.01.0.0.00;DEPTO DE PLANEJAMENTO DE TRANSPORTE;DPTT;Administrativo;2012-05-01;2012-05-01;C081-Administração;False;Inativo
3.11.02;DEPTO DE PROJETOS FUNCIONAIS;DPTF;Administrativo;2012-05-01;2012-05-01;C081-Administração;False;Inativo
3.11.02.0;DEPTO DE PROJETOS FUNCIONAIS;DPTF;Administrativo;2012-05-01;2012-05-01;C081-Administração;False;Inativo
3.11.02.0.0;DEPTO DE PROJETOS FUNCIONAIS;DPTF;Administrativo;2012-05-01;2012-05-01;C081-Administração;False;Inativo
3.11.02.0.0.00;DEPTO DE PROJETOS FUNCIONAIS;DPTF;Administrativo;2012-05-01;2012-05-01;C081-Administração;False;Inativo
3.13.02;DEPTO DE MEIO AMBIENTE;DPAM;Administrativo;2012-05-01;2012-05-01;C081-Administração;False;Inativo
3.13.02.0;DEPTO DE MEIO AMBIENTE;DPAM;Administrativo;2012-05-01;2012-05-01;C081-Administração;False;Inativo
3.13.02.0.0;DEPTO DE MEIO AMBIENTE;DPAM;Administrativo;2012-05-01;2012-05-01;C081-Administração;False;Inativo
3.13.02.0.0.00;DEPTO DE MEIO AMBIENTE;DPAM;Administrativo;2012-05-01;2012-05-01;C081-Administração;False;Inativo
3.15.01;DEPTO DE PROJETOS DE INFRAESTRUTURA;DPPI;Administrativo;2012-05-01;2012-05-01;C081-Administração;False;Inativo
3.15.01.0;DEPTO DE PROJETOS DE INFRAESTRUTURA;DPPI;Administrativo;2012-05-01;2012-05-01;C081-Administração;False;Inativo
3.15.01.0.0;DEPTO DE PROJETOS DE INFRAESTRUTURA;Sem Sigla;Administrativo;2012-05-01;2012-05-01;C081-Administração;False;Inativo
3.15.02;DEPTO DE PROJETOS DE EDIFICAÇÕES;DPPE;Administrativo;2012-05-01;2012-05-01;C081-Administração;False;Inativo
3.15.02.0;DEPTO DE PROJETOS DE EDIFICAÇÕES;DPPE;Administrativo;2012-05-01;2012-05-01;C081-Administração;False;Inativo
3.15.02.0.0;DEPTO DE PROJETOS DE EDIFICAÇÕES;DPPE;Administrativo;2012-05-01;2012-05-01;C081-Administração;False;Inativo
2.05.0.0;GERENCIA DE ADMIN DE MATERIAIS E LOGÍSTI;GFM;Produtivo;2012-01-01;2019-07-31;C081-Administração;False;Inativo
3.15.02.0.0.00;DEPTO DE PROJETOS DE EDIFICAÇÕES;DPPE;Administrativo;2012-05-01;2012-05-01;C081-Administração;False;Inativo
3.15.01.0.0.00;DEPTO DE PROJETOS DE INFRAESTRUTURA;DPPI;Administrativo;2012-05-01;2012-05-01;C081-Administração;False;Inativo
2.05.0.0.00;GERENCIA DE ADMIN DE MATERIAIS E LOGÍSTI;GFM;Administrativo;2012-01-01;2019-07-31;C081-Administração;False;Inativo
2.05.1;DEPTO DE ADM DE MATERIAIS;DFMA;Produtivo;2012-01-01;2019-07-31;C081-Administração;False;Inativo
2.05.1.0;DEPTO DE ADM DE MATERIAIS;DFMA;Produtivo;2012-01-01;2019-07-31;C081-Administração;False;Inativo
2.05.1.0.00;DEPTO DE ADM DE MATERIAIS;DFMA;Administrativo;2012-01-01;2019-07-31;C081-Administração;False;Inativo
2.05.2;DEPTO DE LOGISTICA DE ESTOQUES;DFME;Produtivo;2012-01-01;2019-07-31;C081-Administração;False;Inativo
2.05.2.0;DEPTO DE LOGISTICA DE ESTOQUES;DFME;Produtivo;2012-01-01;2019-07-31;C081-Administração;False;Inativo
2.05.2.0.00;DEPTO DE LOGISTICA DE ESTOQUES;DFME;Administrativo;2012-01-01;2019-07-31;C081-Administração;False;Inativo
2.91;DEPRECIAÇÃO - DF;DEDF;Produtivo;2012-01-01;;C081-Administração;True;Ativo
2.91.0;DEPRECIAÇÃO - DF;DEDF;Produtivo;2012-01-01;;C081-Administração;True;Ativo
2.91.0.0;DEPRECIAÇÃO - DF;DEDF;Produtivo;2012-01-01;;C081-Administração;True;Ativo
2.91.0.0.50;DEPRECIAÇÃO - DF;DEDF;Administrativo;2012-01-01;;C081-Administração;True;Ativo
3.00.0;DIRETORIA DE PLANEJAM. E NOVOS NEGÓCIOS;DP;Produtivo;2012-01-01;;C081-Administração;True;Ativo
3.00.0.0;DIRETORIA DE PLANEJAM. E NOVOS NEGÓCIOS;DP;Produtivo;2012-01-01;;C081-Administração;True;Ativo
3.00.0.0.00;DIRETORIA DE PLANEJAM. E NOVOS NEGÓCIOS;DP;Administrativo;2012-01-01;;C081-Administração;True;Ativo
3.00.1;ASSESSORIA DE PLANEJAMENTO EMPRESARIAL;APE;Produtivo;2012-01-01;2017-05-31;C081-Administração;False;Inativo
3.00.1.0;ASSESSORIA DE PLANEJAMENTO EMPRESARIAL;APE;Produtivo;2012-01-01;2017-05-31;C081-Administração;False;Inativo
3.00.1.0.00;ASSESSORIA DE PLANEJAMENTO EMPRESARIAL;APE;Administrativo;2012-01-01;2017-05-31;C081-Administração;False;Inativo
3.01;GERÊNCIA DE PLANEJAMENTO DE TRANSPORTES;GPT;Produtivo;2012-01-01;2019-01-31;C081-Administração;False;Inativo
3.01.0;GERÊNCIA DE PLANEJAMENTO DE TRANSPORTES;GPT;Produtivo;2012-01-01;2019-01-31;C081-Administração;False;Inativo
3.01.0.0;GERÊNCIA DE PLANEJAMENTO DE TRANSPORTES;GPT;Produtivo;2012-01-01;2019-01-31;C081-Administração;False;Inativo
3.01.0.0.00;GERÊNCIA DE PLANEJAMENTO DE TRANSPORTE;GPT;Administrativo;2012-01-01;2019-01-31;C081-Administração;False;Inativo
5.00.1.1.00;DEPTO DE PLANEJ CONTROLE E GESTÃO-EQUIPE;DOPC;Operacional;2012-01-01;;C072-Custos Indiretos - Diretoria de Operação;True;Ativo
5.01;GERENCIA GERAL DE OPERAÇÃO;GOO;Produtivo;2012-01-01;;C071-Custos Indiretos - Operação;True;Ativo
5.01.0;GERENCIA GERAL DE OPERAÇÃO;GOO;Produtivo;2012-01-01;;C071-Custos Indiretos - Operação;True;Ativo
5.01.0.0;GERENCIA GERAL DE OPERAÇÃO;GOO;Produtivo;2012-01-01;;C071-Custos Indiretos - Operação;True;Ativo
5.01.0.0.00;GERENCIA GERAL DE OPERAÇÃO;GOO;Operacional;2012-01-01;;C071-Custos Indiretos - Operação;True;Ativo
5.01.0.1;NÚCLEO DE INSPEÇÃO TEC. OPERACIONAL;GOO;Produtivo;2012-01-01;;C071-Custos Indiretos - Operação;True;Ativo
5.01.0.1.00;NÚCLEO DE INSPEÇÃO TEC. OPERACIONAL;GOO;Operacional;2012-01-01;;C071-Custos Indiretos - Operação;True;Ativo
5.02;GERÊNCIA CIRCULAÇÃO E CONTR.OPERACIONAL;GOC;Produtivo;2012-01-01;;C071-Custos Indiretos - Operação;True;Ativo
5.02.0;GERÊNCIA CIRCULAÇÃO E CONTR.OPERACIONAL;GOC;Produtivo;2012-01-01;;C071-Custos Indiretos - Operação;True;Ativo
5.02.0.0;GERÊNCIA CIRCULAÇÃO E CONTR.OPERACIONAL;GOC;Produtivo;2012-01-01;;C071-Custos Indiretos - Operação;True;Ativo
5.02.0.0.00;GERÊNCIA CIRCULAÇÃO E CONTR.OPERACIONAL;GOC;Operacional;2012-01-01;;C071-Custos Indiretos - Operação;True;Ativo
5.02.1;DEPTO DE CONTROLE OPERACIONAL;DOCP;Produtivo;2012-01-01;;C041-Todas as Linhas Operacionais;True;Ativo
6.17.06.1.0.12;ESTAÇÃO ITAQUAQUECETUBA;IQC;Operacional;2011-03-01;2011-12-31;C012-Linha: 12 - Safira;False;Inativo
6.17.06.1.0.13;ESTAÇÃO ARACARÉ;ARC;Operacional;2011-03-01;2011-12-31;C012-Linha: 12 - Safira;False;Inativo
6.17.06.1.0.14;ESTAÇÃO CALMON VIANA;CVN;Operacional;2011-03-01;2011-12-31;C012-Linha: 12 - Safira;False;Inativo
9.01.02.0.0.28;FUND. SOCIAL DE SOLIDARIEDADE DO EST. SP;ADM;Administrativo;2011-04-01;2011-12-31;C081-Administração;False;Inativo
5.11.04.2.3;MANUTENÇÃO CIVIL - BRAS - L.11/12;DOFO;Manutenção;2011-08-01;2011-12-31;C033-Linhas: 11/12 - Coral/Safira;False;Inativo
5.11.04.2.3.00;MANUTENÇÃO CIVIL - BRAS- L.11/12;DOFO;Manutenção;2011-08-01;2011-12-31;C033-Linhas: 11/12 - Coral/Safira;False;Inativo
5.13.02.2;EQUIPE ENG.-PROJ. DO MAT. RODANTE;DOTM;Manutenção;2011-08-01;2011-12-31;C041-Todas as Linhas Operacionais;False;Inativo
5.13.02.2.0;EQUIPE ENG.-PROJ. DO MAT. RODANTE;DOTM;Manutenção;2011-08-01;2011-12-31;C041-Todas as Linhas Operacionais;False;Inativo
5.13.02.2.0.00;EQUIPE ENG.-PROJ. DO MAT. RODANTE;DOTM;Manutenção;2011-08-01;2011-12-31;C041-Todas as Linhas Operacionais;False;Inativo
5.13.02.3;EQUIPE ENG.-QUALIDADE DO MAT. RODANTE;DOTM;Manutenção;2011-08-01;2011-12-31;C041-Todas as Linhas Operacionais;False;Inativo
5.13.02.3.0;EQUIPE ENG.-QUALIDADE DO MAT. RODANTE;DOTM;Manutenção;2011-08-01;2011-12-31;C041-Todas as Linhas Operacionais;False;Inativo
5.13.02.3.0.00;EQUIPE ENG.-QUALIDADE DO MAT. RODANTE;DOTM;Manutenção;2011-08-01;2011-12-31;C041-Todas as Linhas Operacionais;False;Inativo
5.13.02.4;EQUIPE-DESENV PROG. ESPEC.- MAT.RODANTE;DOTM;Manutenção;2011-08-01;2011-12-31;C041-Todas as Linhas Operacionais;False;Inativo
5.13.02.4.0;EQUIPE-DESENV PROG. ESPEC.- MAT.RODANTE;DOTM;Manutenção;2011-08-01;2011-12-31;C041-Todas as Linhas Operacionais;False;Inativo
5.13.02.4.0.00;EQUIPE-DESENV PROG. ESPEC.- MAT.RODANTE;DOTM;Manutenção;2011-08-01;2011-12-31;C041-Todas as Linhas Operacionais;False;Inativo
5.13.03.2;EQUIPE-EQUIPAMENTOS E MÁQUINAS;DOTI;Manutenção;2011-08-01;2011-12-31;C041-Todas as Linhas Operacionais;False;Inativo
5.13.03.2.0;EQUIPE-EQUIPAMENTOS E MÁQUINAS;DOTI;Manutenção;2011-08-01;2012-04-30;C041-Todas as Linhas Operacionais;False;Inativo
5.13.03.2.0.00;EQUIPE-EQUIPAMENTOS E MÁQUINAS;DOTI;Manutenção;2011-08-01;2011-12-31;C041-Todas as Linhas Operacionais;False;Inativo
5.13.03.3;EQUIPE-SISTEMAS DE ENERGIA;DOTI;Manutenção;2011-08-01;2011-12-31;C041-Todas as Linhas Operacionais;False;Inativo
5.13.03.3.0;EQUIPE-SISTEMAS DE ENERGIA;DOTI;Manutenção;2011-08-01;2011-12-31;C041-Todas as Linhas Operacionais;False;Inativo
5.13.03.3.0.00;EQUIPE-SISTEMAS DE ENERGIA;DOTI;Manutenção;2011-08-01;2011-12-31;C041-Todas as Linhas Operacionais;False;Inativo
5.13.03.4;EQUIPE-SINALIZAÇÃO E TELECOMUNICAÇÕES;DOTI;Manutenção;2011-08-01;2011-12-31;C041-Todas as Linhas Operacionais;False;Inativo
5.13.03.4.0;EQUIPE-SINALIZAÇÃO E TELECOMUNICAÇÕES;DOTI;Manutenção;2011-08-01;2011-12-31;C041-Todas as Linhas Operacionais;False;Inativo
5.13.03.4.0.00;EQUIPE-SINALIZAÇÃO E TELECOMUNICAÇÕES;DOTI;Manutenção;2011-08-01;2011-12-31;C041-Todas as Linhas Operacionais;False;Inativo
5.02.1.0;DEPTO DE CONTROLE OPERACIONAL;DOCP;Produtivo;2012-01-01;;C041-Todas as Linhas Operacionais;True;Ativo
5.02.1.0.00;DEPTO DE CONTROLE OPERACIONAL;DOCP;Operacional;2012-01-01;;C041-Todas as Linhas Operacionais;True;Ativo
5.02.1.1;CONTROLE DE TRÁFEGO - CCO LINHAS 7 / 10;DOCP;Produtivo;2012-01-01;;C031-Linhas: 7/10 - Rubi/Turquesa;True;Ativo
5.02.1.1.00;CONTROLE DE TRÁFEGO - CCO LINHAS 7 / 10;DOCP;Operacional;2012-01-01;;C031-Linhas: 7/10 - Rubi/Turquesa;True;Ativo
5.02.1.2;CONTROLE DE TRÁFEGO - CCO LINHAS 8 / 9;DOCP;Produtivo;2012-01-01;2022-03-31;C032-Linhas: 8/9 - Diamante/Esmeralda;False;Inativo
5.02.1.2.00;CONTROLE DE TRÁFEGO - CCO LINHAS 8 / 9;DOCP;Operacional;2012-01-01;2022-03-31;C032-Linhas: 8/9 - Diamante/Esmeralda;False;Inativo
5.02.1.3;CONTROLE DE TRÁFEGO - CCO BRAS - LINHAS;DOCP;Produtivo;2012-01-01;2018-02-28;C033-Linhas: 11/12 - Coral/Safira;False;Inativo
5.02.1.3.00;CONTROLE DE TRÁFEGO - CCO BRAS - LINHAS;DOCP;Operacional;2012-01-01;2018-02-28;C033-Linhas: 11/12 - Coral/Safira;False;Inativo
5.02.2;DEPTO DE CIRCULAÇÃO;DOCC;Produtivo;2012-01-01;2013-07-31;C041-Todas as Linhas Operacionais;False;Inativo
5.02.2.0;DEPTO DE CIRCULAÇÃO;DOCC;Produtivo;2012-01-01;2013-07-31;C041-Todas as Linhas Operacionais;False;Inativo
5.02.2.0.00;DEPTO DE CIRCULAÇÃO;DOCC;Operacional;2012-01-01;2013-07-31;C041-Todas as Linhas Operacionais;False;Inativo
5.02.2.1;CIRCULAÇÃO DE TRENS - LINHAS 7 / 10;DOCC;Produtivo;2012-01-01;2013-07-31;C031-Linhas: 7/10 - Rubi/Turquesa;False;Inativo
5.02.2.1.01;EQUIPE TRAÇÃO - LINHAS 7 / 10;DOCC;Operacional;2012-01-01;2013-07-31;C031-Linhas: 7/10 - Rubi/Turquesa;False;Inativo
5.02.2.1.02;MOVIMENTO DE TRENS - LINHAS 7 / 10;DOCC;Operacional;2012-01-01;2013-07-31;C031-Linhas: 7/10 - Rubi/Turquesa;False;Inativo
5.02.2.2;CIRCULAÇÃO DE TRENS - LINHAS 8 / 9;DOCC;Produtivo;2012-01-01;2013-07-31;C032-Linhas: 8/9 - Diamante/Esmeralda;False;Inativo
5.02.2.2.01;EQUIPE TRAÇÃO - LINHAS 8 / 9;DOCC;Operacional;2012-01-01;2013-07-31;C032-Linhas: 8/9 - Diamante/Esmeralda;False;Inativo
5.02.2.2.02;MOVIMENTO DE TRENS - LINHAS 8 / 9;DOCC;Operacional;2012-01-01;2013-07-31;C032-Linhas: 8/9 - Diamante/Esmeralda;False;Inativo
5.02.2.3;CIRCULAÇÃO DE TRENS - LINHAS 11 / 12;DOCC;Produtivo;2012-01-01;2013-07-31;C033-Linhas: 11/12 - Coral/Safira;False;Inativo
5.02.2.3.01;EQUIPE TRAÇÃO - LINHAS 11 / 12;DOCC;Operacional;2012-01-01;2013-07-31;C033-Linhas: 11/12 - Coral/Safira;False;Inativo
5.02.2.3.02;MOVIMENTO DE TRENS - LINHAS 11 / 12;DOCC;Operacional;2012-01-01;2013-07-31;C033-Linhas: 11/12 - Coral/Safira;False;Inativo
5.02.3;DEPTO DE ESTRATEGIAS OPERACIONAIS;DOCT;Produtivo;2012-01-01;;C041-Todas as Linhas Operacionais;True;Ativo
5.02.3.0;DEPTO DE ESTRATEGIAS OPERACIONAIS;DOCT;Produtivo;2012-01-01;;C041-Todas as Linhas Operacionais;True;Ativo
5.02.3.0.00;DEPTO DE ESTRATEGIAS OPERACIONAIS;DOCT;Operacional;2012-01-01;;C041-Todas as Linhas Operacionais;True;Ativo
5.02.3.1;CONTR E GESTAO DE ENERGIA ELETRICA-EQUIP;DOCT;Produtivo;2012-01-01;;C041-Todas as Linhas Operacionais;True;Ativo
5.02.3.1.00;CONTR E GESTAO DE ENERGIA ELETRICA-EQUIP;DOCT;Operacional;2012-01-01;2025-11-30;C041-Todas as Linhas Operacionais;False;Inativo
5.02.3.2;LAVADOR CARROS BARRA FUNDA-LINHAS 7 / 10;DOCT;Produtivo;2012-01-01;;C031-Linhas: 7/10 - Rubi/Turquesa;True;Ativo
6.02.4.3.00;EQUIPE - SIST ENERGIA - 11 / 12 - CHEFIA;DOFE;Manutenção;2012-01-01;2017-10-31;C053-Linhas: 11/12 - Sistema de Energia;False;Inativo
6.02.4.3.01;REDE AÉREA - LINHAS 11 / 12;DOFE;Manutenção;2012-01-01;2017-10-31;C053-Linhas: 11/12 - Sistema de Energia;False;Inativo
6.02.4.3.02;DISTRIBUIÇÃO - LINHAS 11 / 12;DOFE;Manutenção;2012-01-01;2017-10-31;C053-Linhas: 11/12 - Sistema de Energia;False;Inativo
6.02.4.3.03;SUBESTAÇÕES - LINHAS 11 / 12;DOFE;Manutenção;2012-01-01;2017-10-31;C053-Linhas: 11/12 - Sistema de Energia;False;Inativo
6.02.4.3.04;SUBESTAÇÕES - LINHA 11;DOFE;Manutenção;2012-01-01;2017-10-31;C011-Linha: 11 - Coral;False;Inativo
6.02.4.3.05;SUBESTAÇÕES - LINHA 12;DOFE;Manutenção;2012-01-01;2017-10-31;C012-Linha: 12 - Safira;False;Inativo
6.02.5;DEPTO DE MANUT SINALIZ TELEC;DOFS;Produtivo;2012-01-01;2017-10-31;C041-Todas as Linhas Operacionais;False;Inativo
6.02.5.0;DEPTO DE MANUT SINALIZ TELEC- CHEFIA;DOFS;Produtivo;2012-01-01;2017-10-31;C041-Todas as Linhas Operacionais;False;Inativo
6.02.5.0.00;DEPTO DE MANUT SINALIZ TELEC- CHEFIA;DOFS;Manutenção;2012-01-01;2017-10-31;C041-Todas as Linhas Operacionais;False;Inativo
6.02.5.1;EQUIPE - SINALIZ TELEC - 7/10;DOFS;Produtivo;2012-01-01;2017-10-31;C031-Linhas: 7/10 - Rubi/Turquesa;False;Inativo
6.02.5.1.00;EQUIPE - SINALIZ TELEC - 7/10 - CHEFIA;DOFS;Manutenção;2012-01-01;2017-10-31;C031-Linhas: 7/10 - Rubi/Turquesa;False;Inativo
6.02.5.1.01;SINALIZAÇÃO - LINHAS 7/10;DOFS;Manutenção;2012-01-01;2017-10-31;C031-Linhas: 7/10 - Rubi/Turquesa;False;Inativo
6.02.5.1.02;SINALIZAÇÃO - LINHA 7;DOFS;Manutenção;2012-01-01;2017-10-31;C007-Linha: 7 - Rubi;False;Inativo
6.02.5.1.03;SINALIZAÇÃO - LINHA 10;DOFS;Manutenção;2012-01-01;2017-10-31;C010-Linha: 10 - Turquesa;False;Inativo
6.02.5.1.04;TELECOMUNICAÇÃO - LINHA 7;DOFS;Manutenção;2012-01-01;2017-10-31;C007-Linha: 7 - Rubi;False;Inativo
6.02.5.1.05;TELECOMUNICAÇÃO - LINHAS 7/10;DOFS;Manutenção;2012-01-01;2017-10-31;C031-Linhas: 7/10 - Rubi/Turquesa;False;Inativo
6.02.5.1.06;TELECOMUNICAÇÃO - LINHAS 7/8/9/10/11/12;DOFS;Manutenção;2012-01-01;2017-10-31;C041-Todas as Linhas Operacionais;False;Inativo
6.02.5.2;EQUIPE - SINALIZ TELEC - 8 / 9;DOFS;Produtivo;2012-01-01;2017-10-31;C032-Linhas: 8/9 - Diamante/Esmeralda;False;Inativo
6.02.5.2.00;EQUIPE - SINALIZ TELEC - 8 / 9 - CHEFIA;DOFS;Manutenção;2012-01-01;2017-10-31;C032-Linhas: 8/9 - Diamante/Esmeralda;False;Inativo
6.02.5.2.01;SINALIZAÇÃO - LINHAS 8 / 9;DOFS;Manutenção;2012-01-01;2017-10-31;C032-Linhas: 8/9 - Diamante/Esmeralda;False;Inativo
6.02.5.2.02;TELECOMUNICAÇÃO - LINHAS 8 / 9;DOFS;Manutenção;2012-01-01;2017-10-31;C032-Linhas: 8/9 - Diamante/Esmeralda;False;Inativo
6.02.5.2.50;SINALIZAÇÃO - LINHA 8;DOFS;Manutenção;2012-01-01;2017-10-31;C008-Linha: 8 - Diamante;False;Inativo
6.02.5.2.51;SINALIZAÇÃO - LINHA 9;DOFS;Manutenção;2012-01-01;2017-10-31;C009-Linha: 9 - Esmeralda;False;Inativo
6.02.5.3;EQUIPE - SINALIZ TELEC - 11 / 12;DOFS;Produtivo;2012-01-01;2017-10-31;C033-Linhas: 11/12 - Coral/Safira;False;Inativo
6.02.5.3.01;EQUIPE - SINALIZ TELEC - 11 / 12- CHEFIA;DOFS;Manutenção;2012-01-01;2017-10-31;C033-Linhas: 11/12 - Coral/Safira;False;Inativo
6.02.5.3.02;SINALIZAÇÃO - LINHA 11;DOFS;Manutenção;2012-01-01;2017-10-31;C011-Linha: 11 - Coral;False;Inativo
6.02.5.3.03;SINALIZAÇÃO - LINHA 12;DOFS;Manutenção;2012-01-01;2017-10-31;C012-Linha: 12 - Safira;False;Inativo
6.02.5.3.04;TELECOMUNICAÇÃO - LINHAS 11 / 12;DOFS;Manutenção;2012-01-01;2017-10-31;C033-Linhas: 11/12 - Coral/Safira;False;Inativo
6.02.5.3.50;SINALIZAÇÃO - LINHAS 11/12;DOFS;Manutenção;2012-01-01;2016-07-31;C033-Linhas: 11/12 - Coral/Safira;False;Inativo
6.02.5.4;EQUIPE - OFIC ELETRON ELETRICA;DOFS;Produtivo;2012-01-01;;C041-Todas as Linhas Operacionais;True;Ativo
6.02.5.4.00;EQUIPE - OFIC ELETRON ELETRICA - CHEFIA;DOFS;Manutenção;2012-01-01;2012-09-30;C041-Todas as Linhas Operacionais;False;Inativo
6.02.5.4.01;OFICINA ELETRÔNICA - LINHAS 8/9;DOFS;Manutenção;2012-01-01;2012-09-30;C041-Todas as Linhas Operacionais;False;Inativo
6.02.5.4.02;LABORATÓRIO DE TELECOMUNICAÇÕES - LINHAS;DOFS;Manutenção;2012-01-01;2012-09-30;C041-Todas as Linhas Operacionais;False;Inativo
6.02.5.4.03;OFICINA DE SINALIZAÇÃO - LINHAS 7/10/11/;DOFS;Manutenção;2012-01-01;2012-09-30;C041-Todas as Linhas Operacionais;False;Inativo
6.02.5.4.50;OFICINA ELETRÔNICA - LINHA 7;DOFS;Manutenção;2012-01-01;2012-09-30;C007-Linha: 7 - Rubi;False;Inativo
6.02.5.4.51;OFICINA ELETRÔNICA - LINHA 8;DOFS;Manutenção;2012-01-01;2012-09-30;C008-Linha: 8 - Diamante;False;Inativo
6.02.5.4.52;OFICINA ELETRÔNICA - LINHA 9;DOFS;Manutenção;2012-01-01;2012-09-30;C009-Linha: 9 - Esmeralda;False;Inativo
6.02.5.4.53;OFICINA ELETRÔNICA - LINHA 10;DOFS;Manutenção;2012-01-01;2012-09-30;C010-Linha: 10 - Turquesa;False;Inativo
6.02.5.4.54;OFICINA ELETRÔNICA - LINHA 11;DOFS;Manutenção;2012-01-01;2012-09-30;C011-Linha: 11 - Coral;False;Inativo
6.02.5.4.55;OFICINA ELETRÔNICA - LINHA 12;DOFS;Manutenção;2012-01-01;2012-09-30;C012-Linha: 12 - Safira;False;Inativo
6.02.5.4.56;OFIC. ELÉTRICA - LABORAT. PRES. ALTINO;DOFS;Manutenção;2012-01-01;2012-09-30;C041-Todas as Linhas Operacionais;False;Inativo
6.03;GER. MANUT. DE MATERIAL RODANTE E OFICIN;GOR;Produtivo;2012-01-01;;C041-Todas as Linhas Operacionais;True;Ativo
6.03.0;GER. MANUT. DE MATERIAL RODANTE E OFICIN;GOR;Produtivo;2012-01-01;;C041-Todas as Linhas Operacionais;True;Ativo
6.03.0.0;GER. MANUT. DE MATERIAL RODANTE E OFICIN;GOR;Produtivo;2012-01-01;;C041-Todas as Linhas Operacionais;True;Ativo
6.03.0.0.00;GER. MANUT. DE MATERIAL RODANTE E OFICIN;GOR;Manutenção;2012-01-01;;C041-Todas as Linhas Operacionais;True;Ativo
6.03.1;DEPTO DE MANUT MAT ROD - LAPA - CHEFIA -;DORA;Produtivo;2012-01-01;;C031-Linhas: 7/10 - Rubi/Turquesa;True;Ativo
6.03.1.0;DEPTO DE MANUT MAT ROD - LAPA - CHEFIA -;DORA;Produtivo;2012-01-01;;C031-Linhas: 7/10 - Rubi/Turquesa;True;Ativo
6.03.1.0.00;DEPTO DE MANUT MAT ROD - LAPA - CHEFIA -;DORA;Manutenção;2012-01-01;2026-04-30;C061-Linhas: 7/10 - Carro.Km;False;Inativo
6.03.1.1;ABRIGO LAPA - LINHAS 7/10;DORA;Produtivo;2012-01-01;;C031-Linhas: 7/10 - Rubi/Turquesa;True;Ativo
6.03.1.1.01;ABRIGO LAPA - LINHAS 7/10;DORA;Manutenção;2012-01-01;2026-04-30;C061-Linhas: 7/10 - Carro.Km;False;Inativo
6.03.1.1.50;ABRIGO LAPA - LINHA 7;DORA;Manutenção;2012-01-01;2026-04-30;C007-Linha: 7 - Rubi;False;Inativo
6.03.1.1.51;ABRIGO LAPA - LINHA 10;DORA;Manutenção;2012-01-01;2026-04-30;C010-Linha: 10 - Turquesa;False;Inativo
6.03.1.2;OFICINAS - LUZ - LINHAS 7/10;DORA;Produtivo;2012-01-01;;C031-Linhas: 7/10 - Rubi/Turquesa;True;Ativo
6.03.1.2.01;OFICINAS - LUZ - LINHAS 7/10;DORA;Manutenção;2012-01-01;2026-04-30;C061-Linhas: 7/10 - Carro.Km;False;Inativo
6.03.1.2.50;OFICINAS - LUZ - LINHA 7;DORA;Manutenção;2012-01-01;2026-04-30;C007-Linha: 7 - Rubi;False;Inativo
6.03.1.2.51;OFICINAS - LUZ - LINHA 10;DORA;Manutenção;2012-01-01;2026-04-30;C010-Linha: 10 - Turquesa;False;Inativo
6.03.2;DEPTO DE MANUT MAT ROD - P.ALTINO- LINHA;DORB;Produtivo;2012-01-01;2022-03-31;C032-Linhas: 8/9 - Diamante/Esmeralda;False;Inativo
6.03.2.0;DEPTO DE MANUT MAT ROD - P.ALTINO-CHEFIA;DORB;Produtivo;2012-01-01;2022-03-31;C032-Linhas: 8/9 - Diamante/Esmeralda;False;Inativo
6.03.2.0.00;DEPTO DE MANUT MAT ROD - P.ALTINO-CHEFIA;DORB;Manutenção;2012-01-01;2022-03-31;C032-Linhas: 8/9 - Diamante/Esmeralda;False;Inativo
6.03.2.1;ABRIGO PRES. ALTINO - LINHAS 8/9;DORB;Produtivo;2012-01-01;2022-03-31;C032-Linhas: 8/9 - Diamante/Esmeralda;False;Inativo
6.03.2.1.00;ABRIGO PRES. ALTINO - LINHAS 8/9;DORB;Manutenção;2012-01-01;2022-03-31;C057-Linhas: 8 (30%) / 9 (70%) - DORB - Abrigo P. Altino;False;Inativo
6.03.2.1.50;ABRIGO PRES. ALTINO - LINHA 8;DORB;Manutenção;2012-01-01;2022-03-31;C008-Linha: 8 - Diamante;False;Inativo
6.03.2.1.51;ABRIGO PRES. ALTINO - LINHA 9;DORB;Manutenção;2012-01-01;2022-03-31;C009-Linha: 9 - Esmeralda;False;Inativo
6.03.3;DEPTO DE MAN MAT ROD-ENG.S.PAULO- LINHAS;DORE;Produtivo;2012-01-01;;C033-Linhas: 11/12 - Coral/Safira;True;Ativo
6.03.3.0;DEPTO DE MAN MAT ROD-ENG.S.PAULO-CHEFIA;DORE;Produtivo;2012-01-01;;C033-Linhas: 11/12 - Coral/Safira;True;Ativo
6.03.3.0.00;DEPTO DE MAN MAT ROD-ENG.S.PAULO-CHEFIA;DORE;Manutenção;2012-01-01;2026-04-30;C062-Linhas: 11/12/13 - Carro.Km;False;Inativo
6.03.3.1;ABRIGO EG. S. PAULO - LINHAS 11/12;DORE;Produtivo;2012-01-01;;C033-Linhas: 11/12 - Coral/Safira;True;Ativo
6.03.3.1.01;ABRIGO EG. S. PAULO - LINHAS 11/12/13;DORE;Manutenção;2012-01-01;2023-08-31;C058-Linhas 11/12/13 - Abrigo Eng. S.Paulo/Pórticos Roosevelt;False;Inativo
6.03.3.1.50;ABRIGO EG. S. PAULO - LINHA 11;DORE;Manutenção;2012-01-01;2026-04-30;C011-Linha: 11 - Coral;False;Inativo
6.03.3.1.51;ABRIGO EG. S. PAULO - LINHA 12;DORE;Manutenção;2012-01-01;2026-04-30;C012-Linha: 12 - Safira;False;Inativo
6.03.3.2;PÓRTICOS ROOSEVELT - LINHAS 11/12;DORE;Produtivo;2012-01-01;2019-06-30;C033-Linhas: 11/12 - Coral/Safira;False;Inativo
6.03.3.2.01;PÓRTICOS ROOSEVELT - LINHAS 11/12/13;DORE;Manutenção;2012-01-01;2019-06-30;C058-Linhas 11/12/13 - Abrigo Eng. S.Paulo/Pórticos Roosevelt;False;Inativo
6.03.3.2.50;PÓRTICOS ROOSEVELT - LINHA 11;DORE;Manutenção;2012-01-01;2019-06-30;C011-Linha: 11 - Coral;False;Inativo
6.03.3.2.51;PÓRTICOS ROOSEVELT - LINHA 12;DORE;Manutenção;2012-01-01;2019-06-30;C012-Linha: 12 - Safira;False;Inativo
6.03.4;DEPTO DE OFICINAS DE MANUTENÇÃO DE EQUIP;DORO;Produtivo;2012-01-01;2022-03-31;C041-Todas as Linhas Operacionais;False;Inativo
6.03.4.0;DEPTO DE OFICINAS DE MANUTENÇÃO DE EQUIP;DORO;Produtivo;2012-01-01;2022-03-31;C041-Todas as Linhas Operacionais;False;Inativo
6.03.4.0.00;DEPTO DE OFICINAS DE MANUTENÇÃO DE EQUIP;DORO;Manutenção;2012-01-01;2022-03-31;C041-Todas as Linhas Operacionais;False;Inativo
6.03.4.1;MANUT DE LOCOMOTIVAS E VAGÕES;DORO;Produtivo;2012-01-01;2022-03-31;C041-Todas as Linhas Operacionais;False;Inativo
6.03.4.1.01;MANUT DE LOCOMOTIVAS E VAGÕES;DORO;Manutenção;2012-01-01;2012-11-30;C041-Todas as Linhas Operacionais;False;Inativo
6.03.4.1.02;MANUT DE LOCOMOTIVAS E VAGÕES - PRES. AL;DORO;Manutenção;2012-01-01;2022-03-31;C041-Todas as Linhas Operacionais;False;Inativo
6.03.4.1.03;MANUT DE LOCOMOTIVAS E VAGÕES - LAPA - L;DORO;Manutenção;2012-01-01;2022-03-31;C041-Todas as Linhas Operacionais;False;Inativo
6.03.4.2;OFICINA ELÉTRICA - LINHAS 8/9;DORO;Produtivo;2012-01-01;2013-06-30;C032-Linhas: 8/9 - Diamante/Esmeralda;False;Inativo
6.03.4.2.01;OFICINA ELÉTRICA - LINHAS 8/9;DORO;Manutenção;2012-01-01;2013-06-30;C040-Linhas: 7/8/9/11/12 - Rubi/Diamante/Esmeralda/Coral/Safira;False;Inativo
6.03.4.2.02;OFICINA ELÉTRICA - LINHAS 7/10/11/12;DORO;Manutenção;2012-01-01;2013-06-30;C040-Linhas: 7/8/9/11/12 - Rubi/Diamante/Esmeralda/Coral/Safira;False;Inativo
6.03.4.2.03;OFICINA ELÉTRICA;DORO;Manutenção;2012-01-01;2013-06-30;C040-Linhas: 7/8/9/11/12 - Rubi/Diamante/Esmeralda/Coral/Safira;False;Inativo
6.03.4.2.50;OFICINA ELÉTRICA - LINHA 7;DORO;Manutenção;2012-01-01;2013-06-30;C007-Linha: 7 - Rubi;False;Inativo
6.03.4.2.51;OFICINA ELÉTRICA - LINHA 8;DORO;Manutenção;2012-01-01;2013-06-30;C008-Linha: 8 - Diamante;False;Inativo
6.03.4.2.52;OFICINA ELÉTRICA - LINHA 9;DORO;Manutenção;2012-01-01;2013-06-30;C009-Linha: 9 - Esmeralda;False;Inativo
6.03.4.2.53;OFICINA ELÉTRICA - LINHA 10;DORO;Manutenção;2012-01-01;2013-06-30;C010-Linha: 10 - Turquesa;False;Inativo
6.03.4.2.54;OFICINA ELÉTRICA - LINHA 11;DORO;Manutenção;2012-01-01;2013-06-30;C011-Linha: 11 - Coral;False;Inativo
6.03.4.2.55;OFICINA ELÉTRICA - LINHA 12;DORO;Manutenção;2012-01-01;2013-06-30;C012-Linha: 12 - Safira;False;Inativo
6.03.4.3;OFICINA MECÂNICA - PRES. ALTINO;DORO;Produtivo;2012-01-01;2013-06-30;C041-Todas as Linhas Operacionais;False;Inativo
6.03.4.3.01;OFICINA MECÂNICA - PRES. ALTINO;DORO;Manutenção;2012-01-01;2013-06-30;C040-Linhas: 7/8/9/11/12 - Rubi/Diamante/Esmeralda/Coral/Safira;False;Inativo
6.03.4.3.02;OFICINA MECÂNICA - LINHAS 8/9;DORO;Manutenção;2012-01-01;2013-06-30;C055-Linhas: 11/12/13 - Sistema de Energia;False;Inativo
6.03.4.3.03;OFICINA MECÂNICA - LINHAS 7/10/11/12;DORO;Manutenção;2012-01-01;2013-06-30;C054-Linhas: 12/13 - Sistema de Energia;False;Inativo
6.03.4.3.04;OFICINA MECÂNICA;DORO;Manutenção;2012-01-01;2013-06-30;C040-Linhas: 7/8/9/11/12 - Rubi/Diamante/Esmeralda/Coral/Safira;False;Inativo
6.03.4.4;EQUIPE-GESTÃO E PLANEJAMENTO;DORO;Produtivo;2012-01-01;2013-09-30;C041-Todas as Linhas Operacionais;False;Inativo
6.03.4.4.00;EQUIPE-GESTÃO E PLANEJAMENTO;DORO;Manutenção;2012-01-01;2013-06-30;C041-Todas as Linhas Operacionais;False;Inativo
6.03.4.4.01;EQUIPE-GESTÃO E PLANEJAMENTO - LINHAS 7/;DORO;Manutenção;2012-01-01;2013-06-30;C031-Linhas: 7/10 - Rubi/Turquesa;False;Inativo
6.03.4.4.02;EQUIPE-GESTÃO E PLANEJAMENTO - LINHAS 8/;DORO;Manutenção;2012-01-01;2013-06-30;C032-Linhas: 8/9 - Diamante/Esmeralda;False;Inativo
6.03.4.4.03;EQUIPE-GESTÃO E PLANEJAMENTO - LINHAS 11;DORO;Manutenção;2012-01-01;2013-06-30;C033-Linhas: 11/12 - Coral/Safira;False;Inativo
6.03.4.5;EQUIPE-CONTR SUPRIM DE MAT E TREINAM;DORO;Produtivo;2012-01-01;2013-06-30;C041-Todas as Linhas Operacionais;False;Inativo
6.03.4.5.01;EQUIPE-CONTR SUPRIM DE MAT E TREINAM;DORO;Manutenção;2012-01-01;2013-06-30;C041-Todas as Linhas Operacionais;False;Inativo
6.04;GERENCIA DE ENGENHARIA DE MANUTENÇÃO;GOT;Produtivo;2012-01-01;;C041-Todas as Linhas Operacionais;True;Ativo
6.04.0;GERENCIA DE ENGENHARIA DE MANUTENÇÃO;GOT;Produtivo;2012-01-01;;C041-Todas as Linhas Operacionais;True;Ativo
6.04.0.0;GERENCIA DE ENGENHARIA DE MANUTENÇÃO;GOT;Produtivo;2012-01-01;;C041-Todas as Linhas Operacionais;True;Ativo
6.04.0.0.00;GERENCIA DE ENGENHARIA DE MANUTENÇÃO;GOT;Manutenção;2012-01-01;;C041-Todas as Linhas Operacionais;True;Ativo
6.04.0.1;EQUIPE DE CONTROLE DE INFORMAÇÕES-MANUT;GOT;Produtivo;2012-01-01;2024-04-30;C041-Todas as Linhas Operacionais;False;Inativo
6.04.0.1.00;EQUIPE DE CONTROLE DE INFORMAÇÕES-MANUT;GOT;Manutenção;2012-01-01;2024-04-30;C041-Todas as Linhas Operacionais;False;Inativo
6.04.0.2;EQUIPE DE MAQUINAS E EQUIPAMENTOS;GOT;Produtivo;2012-01-01;2023-11-30;C041-Todas as Linhas Operacionais;False;Inativo
6.04.0.2.00;EQUIPE DE MAQUINAS E EQUIPAMENTOS;GOT;Manutenção;2012-01-01;2023-11-30;C041-Todas as Linhas Operacionais;False;Inativo
6.04.1;DEPTO ENG DE MANUT DE VP E ESTRUT CIVIL;DOTV;Produtivo;2012-01-01;;C041-Todas as Linhas Operacionais;True;Ativo
6.04.1.0;DEPTO ENG DE MANUT DE VP E ESTRUT CIVIL;DOTV;Produtivo;2012-01-01;;C041-Todas as Linhas Operacionais;True;Ativo
6.04.1.0.00;DEPTO ENG DE MANUT DE VP E ESTRUT CIVIL;DOTV;Manutenção;2012-01-01;;C041-Todas as Linhas Operacionais;True;Ativo
6.04.1.1;EQUIPE DE EDIFICAÇÕES;DOTV;Produtivo;2012-01-01;;C041-Todas as Linhas Operacionais;True;Ativo
6.04.1.1.00;EQUIPE DE EDIFICAÇÕES;DOTV;Manutenção;2012-01-01;;C041-Todas as Linhas Operacionais;True;Ativo
6.04.1.2;EQUIPE DE VIA PERMANENTE;DOTV;Produtivo;2012-01-01;;C041-Todas as Linhas Operacionais;True;Ativo
6.04.1.2.00;EQUIPE DE VIA PERMANENTE;DOTV;Manutenção;2012-01-01;;C041-Todas as Linhas Operacionais;True;Ativo
6.04.2;DEPTO DE ENG DE MAT RODANTE;DOTM;Produtivo;2012-01-01;;C041-Todas as Linhas Operacionais;True;Ativo
6.04.2.0;DEPTO DE ENG DE MAT RODANTE-CHEFIA;DOTM;Produtivo;2012-01-01;;C041-Todas as Linhas Operacionais;True;Ativo
6.04.2.0.00;DEPTO DE ENG DE MAT RODANTE-CHEFIA;DOTM;Manutenção;2012-01-01;;C041-Todas as Linhas Operacionais;True;Ativo
6.04.2.1;DEPTO DE ENG DE MANUT MAT ROD - EQUIPES;DOTM;Produtivo;2012-01-01;;C041-Todas as Linhas Operacionais;True;Ativo
6.04.2.1.01;EQUIPE-PROJ. DE ENG. DE MAT. RODANTE;DOTM;Manutenção;2012-01-01;2019-08-31;C041-Todas as Linhas Operacionais;False;Inativo
6.04.2.1.02;EQUIPE-QUALIDADE DE ENGEN. CONFIAB. E ME;DOTM;Manutenção;2012-01-01;2019-08-31;C041-Todas as Linhas Operacionais;False;Inativo
6.04.2.1.03;EQUIPE-DESENV. DE PROG. ESPEC. E CONTR.;DOTM;Manutenção;2012-01-01;2019-08-31;C041-Todas as Linhas Operacionais;False;Inativo
6.04.3;DEPTO.DE ENG DE MAN INST FIXAS;DOTI;Produtivo;2012-01-01;;C041-Todas as Linhas Operacionais;True;Ativo
6.04.3.0;DEPTO.DE ENG DE MAN INST FIXAS-CHEFIA;DOTI;Produtivo;2012-01-01;;C041-Todas as Linhas Operacionais;True;Ativo
6.04.3.0.00;DEPTO.DE ENG DE MAN INST FIXAS-CHEFIA;DOTI;Manutenção;2012-01-01;;C041-Todas as Linhas Operacionais;True;Ativo
6.04.3.1;DEPTO DE ENG DE MANUT INST FIXAS-EQUIPES;DOTI;Produtivo;2012-01-01;;C041-Todas as Linhas Operacionais;True;Ativo
6.04.3.1.01;EQUIPE-EQUIPAMENTOS E MÁQUINAS;DOTI;Manutenção;2012-01-01;2016-07-31;C041-Todas as Linhas Operacionais;False;Inativo
6.04.3.1.02;EQUIPE-SISTEMAS DE ENERGIA;DOTI;Manutenção;2012-01-01;;C041-Todas as Linhas Operacionais;True;Ativo
6.04.3.1.03;EQUIPE-SINALIZAÇÃO E TELECOMUNICAÇÃO;DOTI;Manutenção;2012-01-01;;C041-Todas as Linhas Operacionais;True;Ativo
6.91;DEPRECIAÇÃO - MAN;DEMAN;Produtivo;2012-01-01;;C041-Todas as Linhas Operacionais;True;Ativo
6.91.1;DEPRECIAÇÃO - EDIF. DEPEND.;DEEDF;Produtivo;2012-01-01;;C041-Todas as Linhas Operacionais;True;Ativo
6.91.1.0;DEPRECIAÇÃO - EDIF. DEPEND.;DEEDF;Produtivo;2012-01-01;;C041-Todas as Linhas Operacionais;True;Ativo
6.91.1.0.50;DEPRECIAÇÃO - EDIF. DEPEND. - LINHA 7;DEEDF;Manutenção;2012-01-01;;C007-Linha: 7 - Rubi;True;Ativo
6.91.1.0.51;DEPRECIAÇÃO - EDIF. DEPEND. - LINHA 8;DEEDF;Manutenção;2012-01-01;2022-03-31;C008-Linha: 8 - Diamante;False;Inativo
6.91.1.0.52;DEPRECIAÇÃO - EDIF. DEPEND. - LINHA 9;DEEDF;Manutenção;2012-01-01;2022-03-31;C009-Linha: 9 - Esmeralda;False;Inativo
6.91.1.0.53;DEPRECIAÇÃO - EDIF. DEPEND. - LINHA 10;DEEDF;Manutenção;2012-01-01;;C010-Linha: 10 - Turquesa;True;Ativo
6.91.1.0.54;DEPRECIAÇÃO - EDIF. DEPEND. - LINHA 11;DEEDF;Manutenção;2012-01-01;;C011-Linha: 11 - Coral;True;Ativo
6.91.1.0.55;DEPRECIAÇÃO - EDIF. DEPEND. - LINHA 12;DEEDF;Manutenção;2012-01-01;;C012-Linha: 12 - Safira;True;Ativo
6.91.2;DEPRECIAÇÃO - EQUP. MAQ. FERRAM.;DEEQP;Produtivo;2012-01-01;;C041-Todas as Linhas Operacionais;True;Ativo
6.91.2.0;DEPRECIAÇÃO - EQUP. MAQ. FERRAM.;DEEQP;Produtivo;2012-01-01;;C041-Todas as Linhas Operacionais;True;Ativo
6.91.2.0.50;DEPRECIAÇÃO - EQUIP. MÁQ. FERRAM. - 7;DEEQP;Manutenção;2012-01-01;;C007-Linha: 7 - Rubi;True;Ativo
6.91.2.0.51;DEPRECIAÇÃO - EQUIP. MÁQ. FERRAM. - 8;DEEQP;Manutenção;2012-01-01;2022-03-31;C008-Linha: 8 - Diamante;False;Inativo
6.91.2.0.52;DEPRECIAÇÃO - EQUIP. MÁQ. FERRAM. - 9;DEEQP;Manutenção;2012-01-01;2022-03-31;C009-Linha: 9 - Esmeralda;False;Inativo
6.91.2.0.53;DEPRECIAÇÃO - EQUIP. MÁQ. FERRAM. - 10;DEEQP;Manutenção;2012-01-01;;C010-Linha: 10 - Turquesa;True;Ativo
6.91.2.0.54;DEPRECIAÇÃO - EQUIP. MÁQ. FERRAM. - 11;DEEQP;Manutenção;2012-01-01;;C011-Linha: 11 - Coral;True;Ativo
6.91.2.0.55;DEPRECIAÇÃO - EQUIP. MÁQ. FERRAM. - 12;DEEQP;Manutenção;2012-01-01;;C012-Linha: 12 - Safira;True;Ativo
6.91.3;DEPRECIAÇÃO - SIST. ELÉTR. ELETRÔN.;DESEL;Produtivo;2012-01-01;;C041-Todas as Linhas Operacionais;True;Ativo
6.91.3.0;DEPRECIAÇÃO - SIST. ELÉTR. ELETRÔN.;DESEL;Produtivo;2012-01-01;;C041-Todas as Linhas Operacionais;True;Ativo
6.91.3.0.50;DEPRECIAÇÃO - SIST. ELÉTR. ELETRÔN. - 7;DESEL;Manutenção;2012-01-01;;C007-Linha: 7 - Rubi;True;Ativo
6.91.3.0.51;DEPRECIAÇÃO - SIST. ELÉTR. ELETRÔN. - 8;DESEL;Manutenção;2012-01-01;2022-03-31;C008-Linha: 8 - Diamante;False;Inativo
6.91.3.0.52;DEPRECIAÇÃO - SIST. ELÉTR. ELETRÔN. - 9;DESEL;Manutenção;2012-01-01;2022-03-31;C009-Linha: 9 - Esmeralda;False;Inativo
6.91.3.0.53;DEPRECIAÇÃO - SIST. ELÉTR. ELETRÔN. - 10;DESEL;Manutenção;2012-01-01;;C010-Linha: 10 - Turquesa;True;Ativo
6.91.3.0.54;DEPRECIAÇÃO - SIST. ELÉTR. ELETRÔN. - 11;DESEL;Manutenção;2012-01-01;;C011-Linha: 11 - Coral;True;Ativo
6.91.3.0.55;DEPRECIAÇÃO - SIST. ELÉTR. ELETRÔN. - 12;DESEL;Manutenção;2012-01-01;;C012-Linha: 12 - Safira;True;Ativo
6.91.4;DEPRECIAÇÃO - SUPERESTR. V.P.;DESVP;Produtivo;2012-01-01;;C041-Todas as Linhas Operacionais;True;Ativo
6.91.4.0;DEPRECIAÇÃO - SUPERESTR. V.P.;DESVP;Produtivo;2012-01-01;;C041-Todas as Linhas Operacionais;True;Ativo
6.91.4.0.50;DEPRECIAÇÃO - SUPERESTR. V. P. - 7;DESVP;Manutenção;2012-01-01;;C007-Linha: 7 - Rubi;True;Ativo
6.91.4.0.51;DEPRECIAÇÃO - SUPERESTR. V. P. - 8;DESVP;Manutenção;2012-01-01;2022-03-31;C008-Linha: 8 - Diamante;False;Inativo
6.91.4.0.52;DEPRECIAÇÃO - SUPERESTR. V. P. - 9;DESVP;Manutenção;2012-01-01;2022-03-31;C009-Linha: 9 - Esmeralda;False;Inativo
6.91.4.0.53;DEPRECIAÇÃO - SUPERESTR. V. P. - 10;DESVP;Manutenção;2012-01-01;;C010-Linha: 10 - Turquesa;True;Ativo
6.91.4.0.54;DEPRECIAÇÃO - SUPERESTR. V. P. - 11;DESVP;Manutenção;2012-01-01;;C011-Linha: 11 - Coral;True;Ativo
6.91.4.0.55;DEPRECIAÇÃO - SUPERESTR. V. P. - 12;DESVP;Manutenção;2012-01-01;;C012-Linha: 12 - Safira;True;Ativo
6.91.5;DEPRECIAÇÃO - VEÍCULOS RODOV.;DEVEIC;Produtivo;2012-01-01;;C041-Todas as Linhas Operacionais;True;Ativo
6.91.5.0;DEPRECIAÇÃO - VEÍCULOS RODOV.;DEVEIC;Produtivo;2012-01-01;;C041-Todas as Linhas Operacionais;True;Ativo
6.91.5.0.55;DEPRECIAÇÃO - VEÍCULOS RODOV. - MANUT.;DEVEIC;Manutenção;2012-01-01;;C012-Linha: 12 - Safira;True;Ativo
7;CONVÊNIOS E PARCERIAS;CONVP;Produtivo;2012-01-01;;C081-Administração;True;Ativo
7.01;EMPREGADOS CEDIDOS;CONVP;Produtivo;2012-01-01;;C081-Administração;True;Ativo
7.01.1;EMPREGADOS CEDIDOS - ESFERA FEDERAL;ECF;Produtivo;2012-01-01;;C081-Administração;True;Ativo
7.01.1.0;EMPREGADOS CEDIDOS - ESFERA FEDERAL;ECF;Produtivo;2012-01-01;;C081-Administração;True;Ativo
7.01.1.0.01;EMPREGADOS CEDIDOS - ESFERA FEDERAL - AD;ECF;Administrativo;2012-01-01;;C081-Administração;True;Ativo
7.01.1.0.02;EMPREGADOS CEDIDOS - ESFERA FEDERAL - OP;ECF;Operacional;2012-01-01;;C041-Todas as Linhas Operacionais;True;Ativo
7.01.2;EMPREGADOS CEDIDOS - ESFERA ESTADUAL;ECE;Produtivo;2012-01-01;;C081-Administração;True;Ativo
7.01.2.0;EMPREGADOS CEDIDOS - ESFERA ESTADUAL;ECE;Produtivo;2012-01-01;;C081-Administração;True;Ativo
7.01.2.0.01;EMPREGADOS CEDIDOS - ESFERA ESTADUAL - A;ECE;Administrativo;2012-01-01;;C081-Administração;True;Ativo
7.01.2.0.02;EMPREGADOS CEDIDOS - ESFERA ESTADUAL - O;ECE;Operacional;2012-01-01;;C041-Todas as Linhas Operacionais;True;Ativo
7.01.3;EMPREGADOS CEDIDOS - ESFERA MUNICIPAL;ECM;Produtivo;2012-01-01;;C081-Administração;True;Ativo
7.01.3.0;EMPREGADOS CEDIDOS - ESFERA MUNICIPAL;ECM;Produtivo;2012-01-01;;C081-Administração;True;Ativo
7.01.3.0.01;EMPREGADOS CEDIDOS - ESFERA MUNICIPAL -;ECM;Administrativo;2012-01-01;;C081-Administração;True;Ativo
5.00.0;DIRETORIA DE OPERAÇÃO E MANUTENÇÃO;DO;Produtivo;2012-01-01;;C071-Custos Indiretos - Operação;True;Ativo
5.00.0.0;DIRETORIA DE OPERAÇÃO E MANUTENÇÃO;DO;Produtivo;2012-01-01;;C071-Custos Indiretos - Operação;True;Ativo
5.00.0.0.00;DIRETORIA DE OPERAÇÃO E MANUTENÇÃO;DO;Operacional;2012-01-01;;C072-Custos Indiretos - Diretoria de Operação;True;Ativo
5.00.0.1;ASSESSORIA;DO;Produtivo;2012-01-01;;C071-Custos Indiretos - Operação;True;Ativo
5.00.0.1.00;ASSESSORIA TÉCNICA-DO;DO;Operacional;2012-01-01;;C072-Custos Indiretos - Diretoria de Operação;True;Ativo
5.00.1;DEPTO DE PLANEJ CONTROLE E GESTÃO;DOPC;Produtivo;2012-01-01;;C071-Custos Indiretos - Operação;True;Ativo
5.00.1.0;DEPTO DE PLANEJ CONTROLE E GESTÃO-CHEFIA;DOPC;Produtivo;2012-01-01;;C071-Custos Indiretos - Operação;True;Ativo
5.00.1.0.00;DEPTO DE PLANEJ CONTROLE E GESTÃO-CHEFIA;DOPC;Operacional;2012-01-01;;C072-Custos Indiretos - Diretoria de Operação;True;Ativo
5.00.1.1;DEPTO DE PLANEJ CONTROLE E GESTÃO-EQUIPE;DOPC;Produtivo;2012-01-01;;C071-Custos Indiretos - Operação;True;Ativo
1.00.0;PRESIDÊNCIA;PR;Produtivo;2012-01-01;;C081-Administração;True;Ativo
1.00.0.0;PRESIDÊNCIA;PR;Produtivo;2012-01-01;;C081-Administração;True;Ativo
1.00.0.0.00;PRESIDÊNCIA;PR;Administrativo;2012-01-01;;C081-Administração;True;Ativo
1.00.1;ASSESSORIAS;ASS;Produtivo;2012-01-01;2021-10-31;C081-Administração;False;Inativo
1.00.1.0;ASSESSORIAS;ASS;Produtivo;2012-01-01;2021-10-31;C081-Administração;False;Inativo
1.00.1.0.00;ASSESSORIA DE ASSUNTOS INSTITUCIONAIS;ARA;Administrativo;2012-01-01;2021-10-31;C081-Administração;False;Inativo
1.00.2;OUVIDORIA;ORV;Produtivo;2012-01-01;;C081-Administração;True;Ativo
1.00.2.0;OUVIDORIA;ORV;Produtivo;2012-01-01;;C081-Administração;True;Ativo
1.00.2.0.00;OUVIDORIA;ORV;Administrativo;2012-01-01;;C081-Administração;True;Ativo
1.01;GERENCIA JURIDICA;GRJ;Produtivo;2012-01-01;;C081-Administração;True;Ativo
1.01.0;GERENCIA JURIDICA;GRJ;Produtivo;2012-01-01;;C081-Administração;True;Ativo
1.01.0.0;GERENCIA JURIDICA;GRJ;Produtivo;2012-01-01;;C081-Administração;True;Ativo
1.01.0.0.00;GERENCIA JURIDICA;GRJ;Administrativo;2012-01-01;;C081-Administração;True;Ativo
1.01.1;DEPTO JURIDICO CONSULTIVO E PREVENTIVO;DRJP;Produtivo;2012-01-01;;C081-Administração;True;Ativo
1.01.1.0;DEPTO JURIDICO CONSULTIVO E PREVENTIVO;DRJP;Produtivo;2012-01-01;;C081-Administração;True;Ativo
1.01.1.0.00;DEPTO JURIDICO CONSULT E PREVENTIVO;DRJP;Administrativo;2012-01-01;;C081-Administração;True;Ativo
1.01.2;DEPTO JURIDICO CONTENCIOSO;DRJC;Produtivo;2012-01-01;;C081-Administração;True;Ativo
1.01.2.0;DEPTO JURIDICO CONTENCIOSO;DRJC;Produtivo;2012-01-01;;C081-Administração;True;Ativo
1.01.2.0.00;DEPTO JURIDICO CONTENCIOSO;DRJC;Administrativo;2012-01-01;;C081-Administração;True;Ativo
1.01.3;DEPTO JURID CONTENCIOSO TRABALHISTA;DRJT;Produtivo;2012-01-01;;C081-Administração;True;Ativo
1.01.3.0;DEPTO JURID CONTENCIOSO TRABALHISTA;DRJT;Produtivo;2012-01-01;;C081-Administração;True;Ativo
1.01.3.0.00;DEPTO JURID CONTENCIOSO TRABALHISTA;DRJT;Administrativo;2012-01-01;;C081-Administração;True;Ativo
1.02;GERENCIA DE AUDITORIA;GRA;Produtivo;2012-01-01;2019-05-31;C081-Administração;False;Inativo
1.02.0;GERENCIA DE AUDITORIA;GRA;Produtivo;2012-01-01;2019-05-31;C081-Administração;False;Inativo
1.02.0.0;GERENCIA DE AUDITORIA;GRA;Produtivo;2012-01-01;2019-05-31;C081-Administração;False;Inativo
1.02.0.0.00;GERENCIA DE AUDITORIA;GRA;Administrativo;2012-01-01;2019-05-31;C081-Administração;False;Inativo
1.03;GERÊNCIA DE CUSTOS REFERENCIAIS;GRC;Produtivo;2012-01-01;;C081-Administração;True;Ativo
1.03.0;GERÊNCIA DE CUSTOS REFERENCIAIS;GRC;Produtivo;2012-01-01;;C081-Administração;True;Ativo
1.03.0.0;GERÊNCIA DE CUSTOS REFERENCIAIS;GRC;Produtivo;2012-01-01;;C081-Administração;True;Ativo
1.03.0.0.00;GERÊNCIA DE CUSTOS REFERENCIAIS;GRC;Administrativo;2012-01-01;;C081-Administração;True;Ativo
1.04;GERENCIA DESENV ORG E RH;GRH;Produtivo;2012-01-01;2019-07-31;C081-Administração;False;Inativo
1.04.0;GERENCIA DESENV ORG E RH;GRH;Produtivo;2012-01-01;2019-07-31;C081-Administração;False;Inativo
1.04.0.0;GERENCIA DESENV ORG E RH;GRH;Produtivo;2012-01-01;2019-07-31;C081-Administração;False;Inativo
1.04.0.0.00;GERENCIA DESENV ORG E RH;GRH;Administrativo;2012-01-01;2019-07-31;C081-Administração;False;Inativo
1.04.0.1;GRH-DESENVOLV. ORGANIZACIONAL-COMUNICAÇÃ;GRH;Produtivo;2012-01-01;2017-12-31;C081-Administração;False;Inativo
1.04.0.1.00;GRH-DESENVOLV. ORGANIZACIONAL-COMUNICAÇÃ;GRH;Administrativo;2012-01-01;2017-12-31;C081-Administração;False;Inativo
1.04.1;DEPTO DE RECRUTAMENTO , SELECAO E TREINA;DRHT;Produtivo;2012-01-01;2012-08-31;C081-Administração;False;Inativo
1.04.1.0;DEPTO DE RECRUTAMENTO , SELECAO E TREINA;DRHT;Produtivo;2012-01-01;2012-08-31;C081-Administração;False;Inativo
1.04.1.0.00;DEPTO DE RECRUTAMENTO , SELECAO E TREINA;DRHT;Administrativo;2012-01-01;2012-08-31;C081-Administração;False;Inativo
1.04.2;DEPTO DE ADMINISTRACAO DE PESSOAL;DRHP;Produtivo;2012-01-01;2019-07-31;C081-Administração;False;Inativo
1.04.2.0;DEPTO DE ADMINISTRACAO DE PESSOAL;DRHP;Produtivo;2012-01-01;2019-07-31;C081-Administração;False;Inativo
1.04.2.0.00;DEPTO DE ADMINISTRACAO DE PESSOAL;DRHP;Administrativo;2012-01-01;2019-07-31;C081-Administração;False;Inativo
1.04.3;DEPTO DE HIGIENE E SEGURANCA DO TRABALHO;DRHS;Produtivo;2012-01-01;2012-08-31;C081-Administração;False;Inativo
1.04.3.0;DEPTO DE HIGIENE E SEGURANCA DO TRABALHO;DRHS;Produtivo;2012-01-01;2012-08-31;C081-Administração;False;Inativo
1.04.3.0.00;DEPTO DE HIGIENE E SEGURANCA DO TRABALHO;DRHS;Administrativo;2012-01-01;2012-08-31;C081-Administração;False;Inativo
1.05;GERÊNCIA DE MARKETING DE RELACIONAMENTO;GRM;Produtivo;2012-01-01;2019-01-31;C081-Administração;False;Inativo
1.05.0;GERÊNCIA DE MARKETING DE RELACIONAMENTO;GRM;Produtivo;2012-01-01;2019-01-31;C081-Administração;False;Inativo
1.05.0.0;GERÊNCIA DE MARKETING DE RELACIONAMENTO;GRM;Produtivo;2012-01-01;2019-01-31;C081-Administração;False;Inativo
1.05.0.0.00;GERÊNCIA DE MARKETING DE RELACIONAMENTO;GRM;Administrativo;2012-01-01;2019-01-31;C081-Administração;False;Inativo
1.05.1;DEPTO DE MARKETING;DRMK;Produtivo;2012-01-01;2019-01-31;C081-Administração;False;Inativo
1.05.1.0;DEPTO DE MARKETING;DRMK;Produtivo;2012-01-01;2019-01-31;C081-Administração;False;Inativo
1.05.1.0.00;DEPTO DE MARKETING;DRMK;Administrativo;2012-01-01;2019-01-31;C081-Administração;False;Inativo
1.05.2;SERVIÇO ATEND AO USUARIO;SAU;Produtivo;2012-01-01;2019-01-31;C081-Administração;False;Inativo
1.05.2.0;SERVIÇO ATEND AO USUARIO;SAU;Produtivo;2012-01-01;2019-01-31;C081-Administração;False;Inativo
1.05.2.0.00;SERVIÇO ATENDIMENTO AO USUÁRIO;SAU;Administrativo;2012-01-01;2019-01-31;C081-Administração;False;Inativo
1.05.2.1;SERVIÇO ATEND AO USUARIO-EQUIPES;SAU;Produtivo;2012-01-01;2019-01-31;C081-Administração;False;Inativo
1.05.2.1.00;SERVIÇO ATEND AO USUARIO-EQUIPES;SAU;Administrativo;2012-01-01;2019-01-31;C081-Administração;False;Inativo
1.05.2.2;ATENDIMENTO EMERGENCIAL;SAU;Produtivo;2012-01-01;2019-01-31;C081-Administração;False;Inativo
1.05.2.2.50;ATENDIMENTO EMERGENCIAL;SAU;Administrativo;2012-01-01;2019-01-31;C081-Administração;False;Inativo
1.91;DEPRECIAÇÃO - PR;DEPR;Produtivo;2012-01-01;;C081-Administração;True;Ativo
1.91.0;DEPRECIAÇÃO - PR;DEPR;Produtivo;2012-01-01;;C081-Administração;True;Ativo
1.91.0.0;DEPRECIAÇÃO - PR;DEPR;Produtivo;2012-01-01;;C081-Administração;True;Ativo
1.91.0.0.50;DEPRECIAÇÃO - PR;DEPR;Administrativo;2012-01-01;;C081-Administração;True;Ativo
2.00.0;DIRETORIA ADMINISTRATIVA E FINANCEIRA;DF;Produtivo;2012-01-01;;C081-Administração;True;Ativo
2.00.0.0;DIRETORIA ADMINISTRATIVA E FINANCEIRA;DF;Produtivo;2012-01-01;;C081-Administração;True;Ativo
2.00.0.0.00;DIRETORIA ADMINISTRATIVA E FINANCEIRA;DF;Administrativo;2012-01-01;;C081-Administração;True;Ativo
2.01;GER. FINANÇAS E CONTR. ORÇAMENTÁRIO;GFF;Produtivo;2012-01-01;;C081-Administração;True;Ativo
2.01.0;GER. FINANÇAS E CONTR. ORÇAMENTÁRIO;GFF;Produtivo;2012-01-01;;C081-Administração;True;Ativo
5.05.2.1.20;ESTAÇÃO ITAPEVI;IPV;Operacional;2012-01-01;2019-03-31;C008-Linha: 8 - Diamante;False;Inativo
5.05.2.1.21;ESTAÇÃO SANTA RITA;SRT;Operacional;2012-01-01;2019-03-31;C008-Linha: 8 - Diamante;False;Inativo
5.05.2.1.22;ESTAÇÃO CIMENRITA;CMR;Operacional;2012-01-01;2013-09-30;C008-Linha: 8 - Diamante;False;Inativo
5.05.2.1.23;ESTAÇÃO AMBUITÁ;AMB;Operacional;2012-01-01;2013-09-30;C008-Linha: 8 - Diamante;False;Inativo
5.05.2.1.24;ESTAÇÃO AMADOR BUENO;ABU;Operacional;2012-01-01;2019-03-31;C008-Linha: 8 - Diamante;False;Inativo
5.05.3;DEPTO OPERAÇÃO E SERVIÇOS-LINHA 9;DOEC;Produtivo;2012-01-01;2019-03-31;C009-Linha: 9 - Esmeralda;False;Inativo
5.05.3.0;DEPTO OPERAÇÃO E SERVIÇOS-LINHA 9-CHEFIA;DOEC;Produtivo;2012-01-01;2019-03-31;C009-Linha: 9 - Esmeralda;False;Inativo
5.05.3.0.00;DEPTO OPERAÇÃO E SERVIÇOS-LINHA 9-CHEFIA;DOEC;Operacional;2012-01-01;2019-03-31;C009-Linha: 9 - Esmeralda;False;Inativo
5.05.3.1;DEPTO OPERAÇÃO E SERVIÇOS-LINHA 9-ESTAÇÕ;DOEC;Produtivo;2012-01-01;2019-03-31;C009-Linha: 9 - Esmeralda;False;Inativo
5.05.3.1.01;ESTAÇÃO OSASCO;OSA;Operacional;2012-01-01;2019-03-31;C009-Linha: 9 - Esmeralda;False;Inativo
5.05.3.1.02;ESTAÇÃO PRESIDENTE ALTINO;PAL;Operacional;2012-01-01;2019-03-31;C009-Linha: 9 - Esmeralda;False;Inativo
5.05.3.1.03;ESTAÇÃO CEASA;CEA;Operacional;2012-01-01;2019-03-31;C009-Linha: 9 - Esmeralda;False;Inativo
5.05.3.1.04;ESTAÇÃO VILLA LOBOS-JAGUARÉ;JAG;Operacional;2012-01-01;2019-03-31;C009-Linha: 9 - Esmeralda;False;Inativo
5.05.3.1.05;ESTAÇÃO CIDADE UNIVERSITÁRIA;USP;Operacional;2012-01-01;2019-03-31;C009-Linha: 9 - Esmeralda;False;Inativo
5.05.3.1.06;ESTAÇÃO PINHEIROS;PIN;Operacional;2012-01-01;2019-03-31;C009-Linha: 9 - Esmeralda;False;Inativo
5.05.3.1.07;ESTAÇÃO HEBRAICA / REBOUÇAS;HBR;Operacional;2012-01-01;2019-03-31;C009-Linha: 9 - Esmeralda;False;Inativo
5.05.3.1.08;ESTAÇÃO CIDADE JARDIM;CJD;Operacional;2012-01-01;2019-03-31;C009-Linha: 9 - Esmeralda;False;Inativo
5.05.3.1.09;ESTAÇÃO VILA OLIMPIA;VOL;Operacional;2012-01-01;2019-03-31;C009-Linha: 9 - Esmeralda;False;Inativo
5.05.3.1.10;ESTAÇÃO BERRINI;BRR;Operacional;2012-01-01;2019-03-31;C009-Linha: 9 - Esmeralda;False;Inativo
5.05.3.1.11;ESTAÇÃO MORUMBI;MRB;Operacional;2012-01-01;2019-03-31;C009-Linha: 9 - Esmeralda;False;Inativo
5.05.3.1.12;ESTAÇÃO GRANJA JULIETA;GJT;Operacional;2012-01-01;2019-03-31;C009-Linha: 9 - Esmeralda;False;Inativo
5.05.3.1.13;ESTAÇÃO SANTO AMARO;SAM;Operacional;2012-01-01;2019-03-31;C009-Linha: 9 - Esmeralda;False;Inativo
5.05.3.1.14;ESTAÇÃO SOCORRO;SOC;Operacional;2012-01-01;2019-03-31;C009-Linha: 9 - Esmeralda;False;Inativo
5.05.3.1.15;ESTAÇÃO JURUBATUBA;JUR;Operacional;2012-01-01;2019-03-31;C009-Linha: 9 - Esmeralda;False;Inativo
5.05.3.1.16;ESTAÇÃO AUTÓDROMO;AUT;Operacional;2012-01-01;2019-03-31;C009-Linha: 9 - Esmeralda;False;Inativo
5.05.3.1.17;ESTAÇÃO PRIMAVERA-INTERLAGOS;INT;Operacional;2012-01-01;2019-03-31;C009-Linha: 9 - Esmeralda;False;Inativo
5.05.3.1.18;ESTAÇÃO GRAJAÚ;GRA;Operacional;2012-01-01;2019-03-31;C009-Linha: 9 - Esmeralda;False;Inativo
5.05.4;DEPTO OPERAÇÃO E SERVIÇOS-LINHA10-;DOED;Produtivo;2012-01-01;2019-03-31;C010-Linha: 10 - Turquesa;False;Inativo
5.05.4.0;DEPTO OPERAÇÃO E SERVIÇOS-LINHA10-CHEFIA;DOED;Produtivo;2012-01-01;2019-03-31;C010-Linha: 10 - Turquesa;False;Inativo
5.05.4.0.00;DEPTO OPERAÇÃO E SERVIÇOS-LINHA10-CHEFIA;DOED;Operacional;2012-01-01;2019-03-31;C010-Linha: 10 - Turquesa;False;Inativo
5.05.4.1;DEPTO OPERAÇÃO E SERVIÇOS-LINHA10-ESTAÇÕ;DOED;Produtivo;2012-01-01;2019-03-31;C010-Linha: 10 - Turquesa;False;Inativo
5.05.4.1.01;ESTAÇÃO LUZ;LUZ;Operacional;2012-01-01;2019-03-31;C010-Linha: 10 - Turquesa;False;Inativo
5.05.4.1.02;ESTAÇÃO MOOCA;MOC;Operacional;2012-01-01;2019-03-31;C010-Linha: 10 - Turquesa;False;Inativo
5.05.4.1.03;ESTAÇÃO IPIRANGA;IPG;Operacional;2012-01-01;2019-03-31;C010-Linha: 10 - Turquesa;False;Inativo
5.05.4.1.04;ESTAÇÃO TAMANDUATEÍ;TMD;Operacional;2012-01-01;2019-03-31;C010-Linha: 10 - Turquesa;False;Inativo
5.05.4.1.05;ESTAÇÃO SÃO CAETANO;SCT;Operacional;2012-01-01;2019-03-31;C010-Linha: 10 - Turquesa;False;Inativo
5.05.4.1.06;ESTAÇÃO UTINGA;UTG;Operacional;2012-01-01;2019-03-31;C010-Linha: 10 - Turquesa;False;Inativo
5.05.4.1.07;ESTAÇÃO PREFEITO SALADINO;PSA;Operacional;2012-01-01;2019-03-31;C010-Linha: 10 - Turquesa;False;Inativo
5.05.4.1.08;ESTAÇÃO PREF. CELSO DANIEL-SANTO ANDRÉ;SAN;Operacional;2012-01-01;2019-03-31;C010-Linha: 10 - Turquesa;False;Inativo
5.05.4.1.09;ESTAÇÃO CAPUAVA;CPV;Operacional;2012-01-01;2019-03-31;C010-Linha: 10 - Turquesa;False;Inativo
5.05.4.1.10;ESTAÇÃO MAUÁ;MAU;Operacional;2012-01-01;2019-03-31;C010-Linha: 10 - Turquesa;False;Inativo
5.05.4.1.11;ESTAÇÃO GUAPITUBA;GPT;Operacional;2012-01-01;2019-03-31;C010-Linha: 10 - Turquesa;False;Inativo
5.05.4.1.12;ESTAÇÃO RIBEIRÃO PIRES;RPI;Operacional;2012-01-01;2019-03-31;C010-Linha: 10 - Turquesa;False;Inativo
5.05.4.1.13;ESTAÇÃO RIO GRANDE DA SERRA;RGS;Operacional;2012-01-01;2019-03-31;C010-Linha: 10 - Turquesa;False;Inativo
5.05.5;DEPTO OPERAÇÃO E SERVIÇOS-LINHA11;DOEE;Produtivo;2012-01-01;2019-03-31;C011-Linha: 11 - Coral;False;Inativo
5.05.5.0;DEPTO OPERAÇÃO E SERVIÇOS-LINHA11-CHEFIA;DOEE;Produtivo;2012-01-01;2019-03-31;C011-Linha: 11 - Coral;False;Inativo
5.05.5.0.00;DEPTO OPERAÇÃO E SERVIÇOS-LINHA11-CHEFIA;DOEE;Operacional;2012-01-01;2019-03-31;C011-Linha: 11 - Coral;False;Inativo
5.05.5.1;DEPTO OPERAÇÃO E SERVIÇOS-LINHA11-ESTAÇÕ;DOEE;Produtivo;2012-01-01;2019-03-31;C011-Linha: 11 - Coral;False;Inativo
5.05.5.1.01;ESTAÇÃO CORINTHIANS/ITAQUERA (EXP.LESTE);ITQ;Operacional;2012-01-01;2019-03-31;C011-Linha: 11 - Coral;False;Inativo
5.05.5.1.02;ESTAÇÃO DOM BOSCO(EXPRESSO LESTE);DOB;Operacional;2012-01-01;2019-03-31;C011-Linha: 11 - Coral;False;Inativo
5.05.5.1.03;ESTAÇÃO JOSÉ BONIFÁCIO(EXPRESSO LESTE);JBO;Operacional;2012-01-01;2019-03-31;C011-Linha: 11 - Coral;False;Inativo
5.05.5.1.04;ESTAÇÃO GUAIANAZES(EXPRESSO LESTE);GUA;Operacional;2012-01-01;2019-03-31;C011-Linha: 11 - Coral;False;Inativo
5.05.5.1.05;ESTAÇÃO ANTONIO GIANETTI NETO;AGN;Operacional;2012-01-01;2019-03-31;C011-Linha: 11 - Coral;False;Inativo
5.05.5.1.06;ESTAÇÃO FERRAZ DE VASCONCELOS;FVC;Operacional;2012-01-01;2019-03-31;C011-Linha: 11 - Coral;False;Inativo
5.05.5.1.07;ESTAÇÃO POÁ;POA;Operacional;2012-01-01;2019-03-31;C011-Linha: 11 - Coral;False;Inativo
5.05.5.1.09;ESTAÇÃO SUZANO;SUZ;Operacional;2012-01-02;2019-03-31;C011-Linha: 11 - Coral;False;Inativo
5.05.5.1.10;ESTAÇÃO JUNDIAPEBA;JPB;Operacional;2012-01-01;2019-03-31;C011-Linha: 11 - Coral;False;Inativo
5.05.5.1.11;ESTAÇÃO BRAZ CUBAS;BCB;Operacional;2012-01-01;2019-03-31;C011-Linha: 11 - Coral;False;Inativo
5.05.5.1.12;ESTAÇÃO MOGI DAS CRUZES;MDC;Operacional;2012-01-01;2019-03-31;C011-Linha: 11 - Coral;False;Inativo
5.05.5.1.13;ESTAÇÃO ESTUDANTES;EST;Operacional;2012-01-01;2019-03-31;C011-Linha: 11 - Coral;False;Inativo
5.05.6;DEPTO OPERAÇÃO E SERVIÇOS-LINHA12-CHEFIA;DOEF;Produtivo;2012-01-01;2018-02-28;C012-Linha: 12 - Safira;False;Inativo
5.05.6.0;DEPTO OPERAÇÃO E SERVIÇOS-LINHA12-CHEFIA;DOEF;Produtivo;2012-01-01;2018-02-28;C012-Linha: 12 - Safira;False;Inativo
5.05.6.0.00;DEPTO OPERAÇÃO E SERVIÇOS-LINHA12-CHEFIA;DOEF;Operacional;2012-01-01;2018-02-28;C012-Linha: 12 - Safira;False;Inativo
5.05.6.1;DEPTO OPERAÇÃO E SERVIÇOS-LINHA12-ESTAÇÕ;DOEF;Produtivo;2012-01-01;2018-02-28;C012-Linha: 12 - Safira;False;Inativo
5.05.6.1.01;ESTAÇÃO BRÁS;BAS;Operacional;2012-01-01;2018-02-28;C012-Linha: 12 - Safira;False;Inativo
5.05.6.1.02;ESTAÇÃO TATUAPÉ;TAT;Operacional;2012-01-01;2018-02-28;C012-Linha: 12 - Safira;False;Inativo
5.05.6.1.03;ESTAÇÃO PENHA;PNH;Operacional;2012-01-01;2013-09-30;C012-Linha: 12 - Safira;False;Inativo
5.05.6.1.04;ESTAÇÃO ENG. GOULART;EGO;Operacional;2012-01-01;2018-02-28;C012-Linha: 12 - Safira;False;Inativo
5.05.6.1.05;ESTAÇÃO USP LESTE;USL;Operacional;2012-01-01;2018-02-28;C012-Linha: 12 - Safira;False;Inativo
5.05.6.1.06;ESTAÇÃO COMENDADOR ERMELINO;ERM;Operacional;2012-01-01;2018-02-28;C012-Linha: 12 - Safira;False;Inativo
5.05.6.1.07;ESTAÇÃO SÃO MIGUEL PAULISTA;SMP;Operacional;2012-01-01;2018-02-28;C012-Linha: 12 - Safira;False;Inativo
5.05.6.1.08;ESTAÇÃO JARDIM HELENA-VILA MARA;JHE;Operacional;2012-01-01;2018-02-28;C012-Linha: 12 - Safira;False;Inativo
5.05.6.1.09;ESTAÇÃO ITAIM PAULISTA;ITI;Operacional;2012-01-01;2018-02-28;C012-Linha: 12 - Safira;False;Inativo
5.05.6.1.10;ESTAÇÃO JARDIM ROMANO;JRO;Operacional;2012-01-01;2018-02-28;C012-Linha: 12 - Safira;False;Inativo
5.05.6.1.11;ESTAÇÃO ENG. MANOEL FEIO;EMF;Operacional;2012-01-01;2018-02-28;C012-Linha: 12 - Safira;False;Inativo
5.05.6.1.12;ESTAÇÃO ITAQUAQUECETUBA;IQC;Operacional;2012-01-01;2018-02-28;C012-Linha: 12 - Safira;False;Inativo
5.05.6.1.13;ESTAÇÃO ARACARÉ;ARC;Operacional;2012-01-01;2018-02-28;C012-Linha: 12 - Safira;False;Inativo
5.05.6.1.14;ESTAÇÃO CALMON VIANA;CVN;Operacional;2012-01-01;2018-02-28;C012-Linha: 12 - Safira;False;Inativo
5.90.0;ENERGIA ELÉTRICA DE TRAÇÃO;EET;Produtivo;2012-01-01;;C041-Todas as Linhas Operacionais;True;Ativo
5.90.0.0;ENERGIA ELÉTRICA DE TRAÇÃO;EET;Produtivo;2012-01-01;;C041-Todas as Linhas Operacionais;True;Ativo
5.90.0.0.50;ENERGIA ELÉTRICA DE TRAÇÃO -LINHA 7;EETA;Operacional;2012-01-01;;C007-Linha: 7 - Rubi;True;Ativo
5.90.0.0.51;ENERGIA ELÉTRICA DE TRAÇÃO -LINHA 8;EETB;Operacional;2012-01-01;2022-02-28;C008-Linha: 8 - Diamante;False;Inativo
5.90.0.0.52;ENERGIA ELÉTRICA DE TRAÇÃO -LINHA 9;EETC;Operacional;2012-01-01;2022-02-28;C009-Linha: 9 - Esmeralda;False;Inativo
5.90.0.0.53;ENERGIA ELÉTRICA DE TRAÇÃO -LINHA 10;EETD;Operacional;2012-01-01;;C010-Linha: 10 - Turquesa;True;Ativo
5.90.0.0.54;ENERGIA ELÉTRICA DE TRAÇÃO -LINHA 11;EETE;Operacional;2012-01-01;;C011-Linha: 11 - Coral;True;Ativo
5.90.0.0.55;ENERGIA ELÉTRICA DE TRAÇÃO -LINHA 12;EETF;Operacional;2012-01-01;;C012-Linha: 12 - Safira;True;Ativo
5.91;DEPRECIAÇÃO - OPE;DEOP;Produtivo;2012-01-01;;C041-Todas as Linhas Operacionais;True;Ativo
5.91.1;DEPRECIAÇÃO - ESTAÇÕES;DEEST;Produtivo;2012-01-01;;C041-Todas as Linhas Operacionais;True;Ativo
5.91.1.0;DEPRECIAÇÃO - ESTAÇÕES;DEEST;Produtivo;2012-01-01;;C041-Todas as Linhas Operacionais;True;Ativo
5.91.1.0.50;DEPRECIAÇÃO - ESTAÇÕES - LINHA 7;DEEST;Operacional;2012-01-01;;C007-Linha: 7 - Rubi;True;Ativo
5.91.1.0.51;DEPRECIAÇÃO - ESTAÇÕES - LINHA 8;DEEST;Operacional;2012-01-01;2022-03-31;C008-Linha: 8 - Diamante;False;Inativo
5.91.1.0.52;DEPRECIAÇÃO - ESTAÇÕES - LINHA 9;DEEST;Operacional;2012-01-01;2022-03-31;C009-Linha: 9 - Esmeralda;False;Inativo
5.91.1.0.53;DEPRECIAÇÃO - ESTAÇÕES - LINHA 10;DEEST;Operacional;2012-01-01;;C010-Linha: 10 - Turquesa;True;Ativo
5.91.1.0.54;DEPRECIAÇÃO - ESTAÇÕES - LINHA 11;DEEST;Operacional;2012-01-01;;C011-Linha: 11 - Coral;True;Ativo
5.91.1.0.55;DEPRECIAÇÃO - ESTAÇÕES - LINHA 12;DEEST;Operacional;2012-01-01;;C012-Linha: 12 - Safira;True;Ativo
5.91.2;DEPRECIAÇÃO - TUE´S E LOCOM.;DETUEL;Produtivo;2012-01-01;;C041-Todas as Linhas Operacionais;True;Ativo
5.91.2.0;DEPRECIAÇÃO - TUE´S E LOCOM.;DETUEL;Produtivo;2012-01-01;;C041-Todas as Linhas Operacionais;True;Ativo
5.91.2.0.55;DEPRECIAÇÃO - TUE´s E LOCOM. - LINHA 7;DETUEL;Operacional;2012-01-01;;C007-Linha: 7 - Rubi;True;Ativo
5.91.2.0.56;DEPRECIAÇÃO - TUE´s E LOCOM. - LINHA 8;DETUEL;Operacional;2012-01-01;2022-03-31;C008-Linha: 8 - Diamante;False;Inativo
5.91.2.0.57;DEPRECIAÇÃO - TUE´s E LOCOM. - LINHA 9;DETUEL;Operacional;2012-01-01;2022-03-31;C009-Linha: 9 - Esmeralda;False;Inativo
5.91.2.0.58;DEPRECIAÇÃO - TUE´s E LOCOM. - LINHA 10;DETUEL;Operacional;2012-01-01;;C010-Linha: 10 - Turquesa;True;Ativo
5.91.2.0.59;DEPRECIAÇÃO - TUE´s E LOCOM. - LINHA 11;DETUEL;Operacional;2012-01-01;;C011-Linha: 11 - Coral;True;Ativo
5.91.2.0.60;DEPRECIAÇÃO - TUE´s E LOCOM. - LINHA 12;DETUEL;Operacional;2012-01-01;;C012-Linha: 12 - Safira;True;Ativo
6.01;GERÊNCIA GERAL DE MANUTENÇÃO;GOM;Produtivo;2012-01-01;;C041-Todas as Linhas Operacionais;True;Ativo
6.01.0;GERÊNCIA GERAL DE MANUTENÇÃO;GOM;Produtivo;2012-01-01;;C041-Todas as Linhas Operacionais;True;Ativo
6.01.0.0;GERÊNCIA GERAL DE MANUTENÇÃO;GOM;Produtivo;2012-01-01;;C041-Todas as Linhas Operacionais;True;Ativo
6.01.0.0.00;GERÊNCIA GERAL DE MANUTENÇÃO;GOM;Manutenção;2012-01-01;;C041-Todas as Linhas Operacionais;True;Ativo
6.01.0.1;GESTÃO AMBIENTAL;GOM;Produtivo;2012-01-01;;C041-Todas as Linhas Operacionais;True;Ativo
6.01.0.1.00;GESTÃO AMBIENTAL;GOM;Manutenção;2012-01-01;;C041-Todas as Linhas Operacionais;True;Ativo
6.02;GERÊNCIA DE MANUT DE INSTALAÇÕES FIXAS;GOF;Produtivo;2012-01-01;2017-10-31;C041-Todas as Linhas Operacionais;False;Inativo
6.02.0;GERÊNCIA DE MANUT DE INSTALAÇÕES FIXAS;GOF;Produtivo;2012-01-01;2017-10-31;C041-Todas as Linhas Operacionais;False;Inativo
6.02.0.0;GERÊNCIA DE MANUT DE INSTALAÇÕES FIXAS;GOF;Produtivo;2012-01-01;2017-10-31;C041-Todas as Linhas Operacionais;False;Inativo
6.02.0.0.00;GERÊNCIA DE MANUT DE INSTALAÇÕES FIXAS;GOF;Manutenção;2012-01-01;2017-10-31;C041-Todas as Linhas Operacionais;False;Inativo
6.02.0.1;GRUPO TÉCNICO PROG E CONTROLE INSTALACOE;GOF;Produtivo;2012-01-01;2017-10-31;C041-Todas as Linhas Operacionais;False;Inativo
6.02.0.1.00;GRUPO TÉCNICO PROG E CONTROLE INSTALACOE;GOF;Manutenção;2012-01-01;2016-07-31;C041-Todas as Linhas Operacionais;False;Inativo
6.02.0.2;CENTRO DE INFORMAÇÃO E MANUTENCAO-CHEFI;GOF;Produtivo;2012-01-01;2017-10-31;C041-Todas as Linhas Operacionais;False;Inativo
6.02.0.2.00;CENTRO DE INFORMAÇÃO E MANUTENÇÃO - CIM;GOF;Manutenção;2012-01-01;2016-07-31;C041-Todas as Linhas Operacionais;False;Inativo
6.02.0.2.01;CENTRO DE INFORMACAO E MANUTENCAO-LINHAS;GOF;Manutenção;2012-01-01;2012-04-30;C031-Linhas: 7/10 - Rubi/Turquesa;False;Inativo
6.02.0.2.02;CENTRO DE INFORMACAO E MANUTENCAO-LINHAS;GOF;Manutenção;2012-01-01;2012-04-30;C032-Linhas: 8/9 - Diamante/Esmeralda;False;Inativo
6.02.0.2.03;CENTRO DE INFORMACAO E MANUTENCAO-LINHAS;GOF;Manutenção;2012-01-01;2012-04-30;C033-Linhas: 11/12 - Coral/Safira;False;Inativo
6.02.1;DEPTO DE MANUT. DE EQUIP. E MECANIZ.;DOFM;Produtivo;2012-01-01;2017-10-31;C041-Todas as Linhas Operacionais;False;Inativo
6.02.1.0;DEPTO DE MANUT. DE EQUIP. E MECANIZ.-CHE;DOFM;Produtivo;2012-01-01;2017-10-31;C041-Todas as Linhas Operacionais;False;Inativo
6.02.1.0.00;DEPTO MANUT. DE EQUIP. E MECANIZ.-CHEFIA;DOFM;Manutenção;2012-01-01;2017-10-31;C041-Todas as Linhas Operacionais;False;Inativo
6.02.1.1;OFICINA DE MÁQ. DE VIA PERMANENTE - LAPA;DOFM;Produtivo;2012-01-01;2017-10-31;C041-Todas as Linhas Operacionais;False;Inativo
6.02.1.1.00;OFICINA DE MÁQ. DE VIA PERMANENTE - LAPA;DOFM;Manutenção;2012-01-01;2017-10-31;C041-Todas as Linhas Operacionais;False;Inativo
6.02.1.2;OFICINA PROD.COMPON.-VIA PERMAN. - LAPA;DOFM;Produtivo;2012-01-01;2017-10-31;C041-Todas as Linhas Operacionais;False;Inativo
6.02.1.2.00;OFICINA PROD.COMPON.-VIA PERMAN. - LAPA;DOFM;Manutenção;2012-01-01;2017-10-31;C041-Todas as Linhas Operacionais;False;Inativo
6.02.1.3;OFICINA SOLDA VIA PERMANENTE - PIRITUBA;DOFM;Produtivo;2012-01-01;2017-10-31;C041-Todas as Linhas Operacionais;False;Inativo
6.02.1.3.00;OFICINA SOLDA VIA PERMANENTE - PIRITUBA;DOFM;Manutenção;2012-01-01;2017-10-31;C041-Todas as Linhas Operacionais;False;Inativo
6.02.2;DEPTO MANUT.OBRAS ARTE,EDIF. EQ;DOFO;Produtivo;2012-01-01;2017-10-31;C041-Todas as Linhas Operacionais;False;Inativo
6.02.2.0;DEPTO MANUT.OBRAS ARTE,EDIF. EQ.-CHEFIA;DOFO;Produtivo;2012-01-01;2017-10-31;C041-Todas as Linhas Operacionais;False;Inativo
6.02.2.0.00;DEPTO MANUT.OBRAS ARTE,EDIF. EQ.-CHEFIA;DOFO;Manutenção;2012-01-01;2017-10-31;C041-Todas as Linhas Operacionais;False;Inativo
6.02.2.1;OFICINAS GERAIS - LAPA;DOFO;Produtivo;2012-01-01;2017-10-31;C041-Todas as Linhas Operacionais;False;Inativo
6.02.2.1.00;OFICINAS GERAIS - LAPA L 7/8/9/10/11/12;DOFO;Manutenção;2012-01-01;2017-10-31;C041-Todas as Linhas Operacionais;False;Inativo
6.02.2.2;OFICINAS GERAIS - PRESIDENTE ALTINO;DOFO;Produtivo;2012-01-01;2017-10-31;C041-Todas as Linhas Operacionais;False;Inativo
6.02.2.2.00;OFIC. GERAIS- P. ALTINO-L 8/9/10/11/12;DOFO;Manutenção;2012-01-01;2017-10-31;C041-Todas as Linhas Operacionais;False;Inativo
6.02.2.3;MANUTENÇÃO CIVIL - LAPA;DOFO;Produtivo;2012-01-01;2017-10-31;C031-Linhas: 7/10 - Rubi/Turquesa;False;Inativo
6.02.2.3.00;MANUTENÇÃO CIVIL - LAPA - LINHAS 7 / 10;DOFO;Manutenção;2012-01-01;2017-10-31;C031-Linhas: 7/10 - Rubi/Turquesa;False;Inativo
6.02.2.4;MANUTENÇÃO CIVIL - PRES.ALTINO;DOFO;Produtivo;2012-01-01;2017-10-31;C032-Linhas: 8/9 - Diamante/Esmeralda;False;Inativo
6.02.2.4.00;MANUTENÇÃO CIVIL - PRES.ALTINO - LINHAS;DOFO;Manutenção;2012-01-01;2017-10-31;C032-Linhas: 8/9 - Diamante/Esmeralda;False;Inativo
6.02.2.5;MANUTENÇÃO CIVIL - BRAS - LINHAS 11 / 12;DOFO;Produtivo;2012-01-01;2017-10-31;C033-Linhas: 11/12 - Coral/Safira;False;Inativo
6.02.2.5.00;MANUTENÇÃO CIVIL - BRAS - LINHAS 11 / 12;DOFO;Manutenção;2012-01-01;2017-10-31;C033-Linhas: 11/12 - Coral/Safira;False;Inativo
6.02.3;DEPTO DE MANUT. VIA PERMANENTE;DOFV;Produtivo;2012-01-01;2017-10-31;C041-Todas as Linhas Operacionais;False;Inativo
6.02.3.0;DEPTO DE MANUT. VIA PERMANENTE-CHEFIA;DOFV;Produtivo;2012-01-01;2017-10-31;C041-Todas as Linhas Operacionais;False;Inativo
6.02.3.0.00;DEPTO DE MANUT. VIA PERMANENTE-CHEFIA;DOFV;Manutenção;2012-01-01;2017-10-31;C041-Todas as Linhas Operacionais;False;Inativo
6.02.3.1;MANUTENÇÃO - VIA PERMANENTE - LINHA 7;DOFV;Produtivo;2012-01-01;2017-10-31;C007-Linha: 7 - Rubi;False;Inativo
6.02.3.1.01;MANUTENÇÃO - VIA PERMANENTE - LINHA 7;DOFV;Manutenção;2012-01-01;2017-10-31;C007-Linha: 7 - Rubi;False;Inativo
6.02.3.1.02;MANUTENÇÃO - VIA PERMANENTE - LINHA 10;DOFV;Manutenção;2012-01-01;2017-10-31;C010-Linha: 10 - Turquesa;False;Inativo
6.02.3.1.03;MANUTENÇÃO - VIA PERMANENTE - LINHA 7/10;DOFV;Manutenção;2012-01-01;2017-10-31;C031-Linhas: 7/10 - Rubi/Turquesa;False;Inativo
6.02.3.2;MANUTENÇÃO - VIA PERMANENTE - OFICINA DE;DOFV;Produtivo;2012-01-01;2017-10-31;C031-Linhas: 7/10 - Rubi/Turquesa;False;Inativo
6.02.3.2.01;MANUTENÇÃO - VIA PERMANENTE - OFICINA DE;DOFV;Manutenção;2012-01-01;2017-10-31;C041-Todas as Linhas Operacionais;False;Inativo
6.02.3.3;MANUTENÇÃO - VIA PERMANENTE - LINHA 8;DOFV;Produtivo;2012-01-01;2017-10-31;C008-Linha: 8 - Diamante;False;Inativo
6.02.3.3.01;MANUTENÇÃO - VIA PERMANENTE - LINHA 8;DOFV;Manutenção;2012-01-01;2017-10-31;C008-Linha: 8 - Diamante;False;Inativo
6.02.3.3.02;MANUTENÇÃO - VIA PERMANENTE - LINHA 9;DOFV;Manutenção;2012-01-01;2017-10-31;C009-Linha: 9 - Esmeralda;False;Inativo
6.02.3.3.03;MANUTENÇÃO - VIA PERMANENTE - LINHA 8/9;DOFV;Manutenção;2012-01-01;2017-10-31;C032-Linhas: 8/9 - Diamante/Esmeralda;False;Inativo
6.02.3.4;MANUTENÇÃO - VIA PERMANENTE-LINHA 11;DOFV;Produtivo;2012-01-01;2017-10-31;C011-Linha: 11 - Coral;False;Inativo
6.02.3.4.01;MANUTENÇÃO - VIA PERMANENTE-LINHA 11;DOFV;Manutenção;2012-01-01;2017-10-31;C011-Linha: 11 - Coral;False;Inativo
6.02.3.4.02;MANUTENÇÃO - VIA PERMANENTE-LINHA 12;DOFV;Manutenção;2012-01-01;2017-10-31;C012-Linha: 12 - Safira;False;Inativo
6.02.3.4.03;MANUTENÇÃO - VIA PERMANENTE-LINHA 11/12;DOFV;Manutenção;2012-01-01;2017-10-31;C033-Linhas: 11/12 - Coral/Safira;False;Inativo
6.02.4;DEPTO DE MANUT SIST ENERGIA;DOFE;Produtivo;2012-01-01;2017-10-31;C041-Todas as Linhas Operacionais;False;Inativo
6.02.4.0;DEPTO DE MANUT SIST ENERGIA-CHEFIA;DOFE;Produtivo;2012-01-01;2017-10-31;C041-Todas as Linhas Operacionais;False;Inativo
6.02.4.0.00;DEPTO DE MANUT SIST ENERGIA-CHEFIA;DOFE;Manutenção;2012-01-01;2017-10-31;C056-Todas as Linhas Operacionais - Sistema de Energia;False;Inativo
6.02.4.1;EQUIPE - SIST ENERGIA - 7 / 10;DOFE;Produtivo;2012-01-01;2017-10-31;C031-Linhas: 7/10 - Rubi/Turquesa;False;Inativo
6.02.4.1.00;EQUIPE - SIST ENERGIA - 7 / 10 - CHEFIA;DOFE;Manutenção;2012-01-01;2017-10-31;C051-Linhas: 7/10 - Sistema de Energia;False;Inativo
6.02.4.1.01;REDE AÉREA - LINHA 7;DOFE;Manutenção;2012-01-01;2017-10-31;C007-Linha: 7 - Rubi;False;Inativo
6.02.4.1.02;REDE AÉREA - LINHA 10;DOFE;Manutenção;2012-01-01;2017-10-31;C010-Linha: 10 - Turquesa;False;Inativo
6.02.4.1.03;DISTRIBUIÇÃO - LINHAS 7 / 10;DOFE;Manutenção;2012-01-01;2017-10-31;C051-Linhas: 7/10 - Sistema de Energia;False;Inativo
6.02.4.1.04;SUBESTAÇÕES - LINHA 7;DOFE;Manutenção;2012-01-01;2017-10-31;C007-Linha: 7 - Rubi;False;Inativo
6.02.4.1.05;SUBESTAÇÕES - LINHA 10;DOFE;Manutenção;2012-01-01;2017-10-31;C010-Linha: 10 - Turquesa;False;Inativo
6.02.4.1.50;REDE AÉREA - LINHA 7 / 10;DOFE;Manutenção;2012-01-01;2017-10-31;C051-Linhas: 7/10 - Sistema de Energia;False;Inativo
6.02.4.2;EQUIPE - SIST ENERGIA - 8 / 9;DOFE;Produtivo;2012-01-01;2017-10-31;C032-Linhas: 8/9 - Diamante/Esmeralda;False;Inativo
6.02.4.2.00;EQUIPE - SIST ENERGIA - 8 / 9 - CHEFIA;DOFE;Manutenção;2012-01-01;2017-10-31;C052-Linhas: 8/9 - Sistema de Energia;False;Inativo
6.02.4.2.01;REDE AÉREA - LINHAS 8 / 9;DOFE;Manutenção;2012-01-01;2017-10-31;C052-Linhas: 8/9 - Sistema de Energia;False;Inativo
6.02.4.2.02;DISTRIBUIÇÃO - LINHAS 8 / 9;DOFE;Manutenção;2012-01-01;2017-10-31;C052-Linhas: 8/9 - Sistema de Energia;False;Inativo
6.02.4.2.03;SUBESTAÇÕES - LINHAS 8 / 9;DOFE;Manutenção;2012-01-01;2017-10-31;C052-Linhas: 8/9 - Sistema de Energia;False;Inativo
6.02.4.3;EQUIPE - SIST ENERGIA - 11 / 12;DOFE;Produtivo;2012-01-01;2017-10-31;C033-Linhas: 11/12 - Coral/Safira;False;Inativo
4.02.2.0.00;DEPTO DE IMPLANT. DE SINALIZ. E TELECOM.;DEST;Administrativo;2012-05-01;2019-01-31;C081-Administração;False;Inativo
4.04.2.0.00;DEPTO DE MONTAGEM DE VIA PERM. E R. AERE;DEML;Administrativo;2012-05-01;2019-01-31;C081-Administração;False;Inativo
4.02.3.0.00;DEPTO DE PROJETOS DE SISTEMAS;DESP;Administrativo;2012-05-01;2013-08-31;C081-Administração;False;Inativo
4.04.1.0.00;DEPTO DE MONTAGEM DE VIA PERM. E R. AERE;DEMO;Administrativo;2012-05-01;2019-01-31;C081-Administração;False;Inativo
3.04.2.0.00;DEPTO DE PROJETOS DE EDIFICAÇÕES;DPPE;Administrativo;2012-05-01;2019-01-31;C081-Administração;False;Inativo
3.02.2.0.00;DEPTO DE MEIO AMBIENTE;DPAM;Administrativo;2012-05-01;2019-01-31;C081-Administração;False;Inativo
3.04.1.0.00;DEPTO DE PROJETOS DE INFRAESTRUTURA;DPPI;Administrativo;2012-05-01;2019-01-31;C081-Administração;False;Inativo
4.03.2.0.00;DEPTO DE IMPLANT DE OBRAS CIVIS - L. 8/9;DEOB;Administrativo;2012-05-01;2013-09-30;C081-Administração;False;Inativo
3.01.1.0.00;DEPTO DE PLANEJAMENTO DE TRANSPORTE;DPTT;Administrativo;2012-05-01;2019-01-31;C081-Administração;False;Inativo
4.03.1.0.00;DEPTO DE IMPLANT DE OBRAS CIVIS - L.7/10;DEOA;Administrativo;2012-05-01;2013-09-30;C081-Administração;False;Inativo
3.01.2.0.00;DEPTO DE PROJETOS FUNCIONAIS;DPTF;Administrativo;2012-05-01;2017-05-31;C081-Administração;False;Inativo
4.02.1.0.00;DEPTO DE IMPLANT. DE SISTEMAS DE ENERGIA;DESE;Administrativo;2012-05-01;2019-01-31;C081-Administração;False;Inativo
4.03.3.0.00;DEPTO DE IMPLANT DE OBRAS CIVIS - L. 11;DEOE;Administrativo;2012-05-01;2013-09-30;C081-Administração;False;Inativo
4.03.4.0.00;DEPTO DE IMPLANT DE OBRAS CIVIS - L. 12;DEOF;Administrativo;2012-05-01;2013-09-30;C081-Administração;False;Inativo
5.00.2;DEPTO DE ENGENHARIA DE QUALIDADE;DOPQ;Operacional;2013-08-01;2017-07-31;C072-Custos Indiretos - Diretoria de Operação;False;Inativo
1.00.3;ASSESSORIA DE COORD. DE EMPREENDIMENTOS;ARE;Administrativo;2013-08-01;2015-05-31;C081-Administração;False;Inativo
1.00.3.0;ASSESSORIA DE COORD. DE EMPREENDIMENTOS;ARE;Administrativo;2013-08-01;2015-05-31;C081-Administração;False;Inativo
5.00.2.0;DEPTO DE ENGENHARIA DE QUALIDADE;DOPQ;Operacional;2013-08-01;2017-07-31;C072-Custos Indiretos - Diretoria de Operação;False;Inativo
5.00.2.0.00;DEPTO DE GESTÃO ESTRAT. DA QUALID OPERAC;DOPQ;Operacional;2013-08-01;2017-07-31;C072-Custos Indiretos - Diretoria de Operação;False;Inativo
5.02.4;DEPTO DE CIRCULAÇÃO - LINHAS 7 / 10;DOC1;Operacional;2013-08-01;;C031-Linhas: 7/10 - Rubi/Turquesa;True;Ativo
5.02.4.0;DEPTO DE CIRCULAÇÃO - LINHAS 7 / 10;DOC1;Operacional;2013-08-01;;C031-Linhas: 7/10 - Rubi/Turquesa;True;Ativo
5.02.4.0.00;DEPTO DE CIRCULAÇÃO - LINHAS 7 / 10;DOC1;Operacional;2013-08-01;2025-10-31;C031-Linhas: 7/10 - Rubi/Turquesa;False;Inativo
5.02.4.1;EQUIPE TRAÇÃO - LINHAS 7 / 10;DOC1;Operacional;2013-08-01;;C031-Linhas: 7/10 - Rubi/Turquesa;True;Ativo
5.02.4.1.00;EQUIPE TRAÇÃO - LINHAS 7 / 10;DOC1;Operacional;2013-08-01;2025-10-31;C031-Linhas: 7/10 - Rubi/Turquesa;False;Inativo
5.02.4.2;MOVIMENTO DE TRENS - LINHAS 7 / 10;DOC1;Operacional;2013-08-01;;C031-Linhas: 7/10 - Rubi/Turquesa;True;Ativo
5.02.4.2.00;MOVIMENTO DE TRENS - LINHAS 7 / 10;DOC1;Operacional;2013-08-01;2025-10-31;C031-Linhas: 7/10 - Rubi/Turquesa;False;Inativo
5.02.5;DEPTO DE CIRCULAÇÃO - LINHAS 8 / 9;DOC2;Operacional;2013-08-01;2022-02-28;C032-Linhas: 8/9 - Diamante/Esmeralda;False;Inativo
5.02.5.0;DEPTO DE CIRCULAÇÃO - LINHAS 8 / 9;DOC2;Operacional;2013-08-01;2022-02-28;C032-Linhas: 8/9 - Diamante/Esmeralda;False;Inativo
5.02.5.0.00;DEPTO DE CIRCULAÇÃO - LINHAS 8 / 9;DOC2;Operacional;2013-08-01;2022-02-28;C032-Linhas: 8/9 - Diamante/Esmeralda;False;Inativo
5.02.5.1;EQUIPE TRAÇÃO - LINHAS 8 / 9;DOC2;Operacional;2013-08-01;2022-02-28;C032-Linhas: 8/9 - Diamante/Esmeralda;False;Inativo
5.02.5.1.00;EQUIPE TRAÇÃO - LINHAS 8 / 9;DOC2;Operacional;2013-08-01;2022-02-28;C032-Linhas: 8/9 - Diamante/Esmeralda;False;Inativo
5.02.5.2;MOVIMENTO DE TRENS - LINHAS 8 / 9;DOC2;Operacional;2013-08-01;2022-02-28;C032-Linhas: 8/9 - Diamante/Esmeralda;False;Inativo
5.02.5.2.00;MOVIMENTO DE TRENS - LINHAS 8 / 9;DOC2;Operacional;2013-08-01;2022-02-28;C032-Linhas: 8/9 - Diamante/Esmeralda;False;Inativo
5.02.6;DEPTO DE CIRCULAÇÃO - LINHAS 11 / 12;DOC3;Operacional;2013-08-01;2018-02-28;C033-Linhas: 11/12 - Coral/Safira;False;Inativo
5.02.6.0;DEPTO DE CIRCULAÇÃO - LINHAS 11 / 12;DOC3;Operacional;2013-08-01;2018-02-28;C033-Linhas: 11/12 - Coral/Safira;False;Inativo
5.02.6.0.00;DEPTO DE CIRCULAÇÃO - LINHAS 11 / 12;DOC3;Operacional;2013-08-01;2018-02-28;C033-Linhas: 11/12 - Coral/Safira;False;Inativo
5.02.6.1;EQUIPE TRAÇÃO - LINHAS 11 / 12;DOC3;Operacional;2013-08-01;2018-02-28;C033-Linhas: 11/12 - Coral/Safira;False;Inativo
5.02.6.1.00;EQUIPE TRAÇÃO - LINHAS 11 / 12;DOC3;Operacional;2013-08-01;2018-02-28;C033-Linhas: 11/12 - Coral/Safira;False;Inativo
5.02.6.2;MOVIMENTO DE TRENS - LINHAS 11 / 12;DOC3;Operacional;2013-08-01;2018-02-28;C033-Linhas: 11/12 - Coral/Safira;False;Inativo
5.02.6.2.00;MOVIMENTO DE TRENS - LINHAS 11 / 12;DOC3;Operacional;2013-08-01;2018-02-28;C033-Linhas: 11/12 - Coral/Safira;False;Inativo
5.05.1.1.16;ESTAÇÃO VILA AURORA;VAU;Operacional;2013-08-01;2019-03-31;C007-Linha: 7 - Rubi;False;Inativo
4.06.0.0;GERÊNCIA DE OBRAS CIVIS-MODERNIZ. OESTE;GEB;Administrativo;2013-08-01;2019-01-31;C081-Administração;False;Inativo
4.06.0.0.00;GERÊNCIA DE OBRAS CIVIS-MODERNIZ. OESTE;GEB;Administrativo;2013-09-01;2019-01-31;C081-Administração;False;Inativo
6.02.1.4;EQUIPE - OFIC ELETRON ELETRICA;DOFM;Manutenção;2012-10-01;2017-10-31;C041-Todas as Linhas Operacionais;False;Inativo
2.01.4;DEPTO DE FISCAL;DFFF;Administrativo;2013-08-01;2017-07-31;C081-Administração;False;Inativo
6.02.1.4.00;EQUIPE - OFIC ELETRON ELETRICA - CHEFIA;DOFM;Manutenção;2012-10-01;2017-10-31;C041-Todas as Linhas Operacionais;False;Inativo
6.02.1.4.01;OFICINA ELETRÔNICA;DOFM;Manutenção;2012-10-01;2017-10-31;C041-Todas as Linhas Operacionais;False;Inativo
6.02.1.4.02;LABORATÓRIO DE TELECOM - L. 7/10/11/12;DOFM;Manutenção;2012-10-01;2017-10-31;C039-Linhas: 7/10/11/12 - Rubi/Turquesa/Coral/Safira;False;Inativo
6.02.1.4.03;OFICINA DE SINALIZAÇÃO;DOFM;Manutenção;2012-10-01;2017-10-31;C041-Todas as Linhas Operacionais;False;Inativo
2.03.1.0;DEPTO DESENV. E APLICAÇÃO DE SISTEMAS;DFIS;Administrativo;2013-08-01;;C081-Administração;True;Ativo
2.01.4.0;DEPTO DE FISCAL;DFFF;Administrativo;2013-08-01;2017-07-31;C081-Administração;False;Inativo
2.01.4.0.00;DEPTO FISCAL;DFFF;Administrativo;2013-10-01;2017-07-31;C081-Administração;False;Inativo
2.03.1;DEPTO DESENV. E APLICAÇÃO DE SISTEMAS;DFIS;Administrativo;2013-08-01;;C081-Administração;True;Ativo
2.03.1.0.00;DEPTO DESENV. E APLICAÇÃO DE SISTEMAS;DFIS;Administrativo;2013-08-01;;C081-Administração;True;Ativo
2.03.2;DEPTO DE OPERAÇÃO DE TI;DFIO;Administrativo;2013-08-01;;C081-Administração;True;Ativo
2.03.2.0;DEPTO DE OPERAÇÃO DE TI;DFIO;Administrativo;2013-08-01;;C081-Administração;True;Ativo
2.03.2.0.00;DEPTO DE OPERAÇÃO DE TI;DFIO;Administrativo;2013-08-01;;C081-Administração;True;Ativo
2.03.3;DEPTO DE SUPORTE DE MANUTENÇÃO;DFIM;Administrativo;2013-08-01;;C081-Administração;True;Ativo
2.06.2;DEPTO DE MONITORAMENTO DE CONTRATOS;DFOM;Administrativo;2013-08-01;2017-07-31;C081-Administração;False;Inativo
2.03.3.0;DEPTO DE SUPORTE DE MANUTENÇÃO;DFIM;Administrativo;2013-08-01;;C081-Administração;True;Ativo
2.03.3.0.00;DEPTO DE SUPORTE DE MANUTENÇÃO;DFIM;Administrativo;2013-08-01;;C081-Administração;True;Ativo
2.05.3;DEPTO DE QUALIDADE DE MATERIAIS;DFMQ;Administrativo;2013-08-01;2019-07-31;C081-Administração;False;Inativo
2.05.3.0;DEPTO DE QUALIDADE DE MATERIAIS;DFMQ;Administrativo;2013-08-01;2019-07-31;C081-Administração;False;Inativo
2.05.3.0.00;DEPTO DE QUALIDADE DE MATERIAIS;DFMQ;Administrativo;2013-08-01;2019-07-31;C081-Administração;False;Inativo
2.06;GERÊNCIA DE CONTROLADORIA;GFO;Administrativo;2013-08-01;2017-07-31;C081-Administração;False;Inativo
2.06.0;GERÊNCIA DE CONTROLADORIA;GFO;Administrativo;2013-08-01;2017-07-31;C081-Administração;False;Inativo
2.06.0.0;GERÊNCIA DE CONTROLADORIA;GFO;Administrativo;2013-08-01;2017-07-31;C081-Administração;False;Inativo
2.06.0.0.00;GERÊNCIA DE CONTROLADORIA;GFO;Administrativo;2013-09-01;2017-07-31;C081-Administração;False;Inativo
2.06.1;DEPTO DE CONTABILIDADE E CUSTOS;DFOC;Administrativo;2013-08-01;2017-07-31;C081-Administração;False;Inativo
2.06.1.0;DEPTO DE CONTABILIDADE E CUSTOS;DFOC;Administrativo;2013-08-01;2017-07-31;C081-Administração;False;Inativo
2.06.1.0.00;DEPTO DE CONTABILIDADE E CUSTOS;DFOC;Administrativo;2013-09-01;2017-07-31;C081-Administração;False;Inativo
2.06.2.0;DEPTO DE MONITORAMENTO DE CONTRATOS;DFOM;Administrativo;2013-08-01;2017-07-31;C081-Administração;False;Inativo
2.06.2.0.00;DEPTO DE MONITORAMENTO DE CONTRATOS;DFOM;Administrativo;2013-10-01;2017-07-31;C081-Administração;False;Inativo
2.06.3;DEPTO DE FINANCIAMENTOS;DFOF;Administrativo;2013-08-01;2017-07-31;C081-Administração;False;Inativo
2.06.3.0;DEPTO DE FINANCIAMENTOS;DFOF;Administrativo;2013-08-01;2017-07-31;C081-Administração;False;Inativo
1.04.4;DEPTO DE PROVIMENTO E DESENV. DE PESSOAL;DRHD;Administrativo;2012-08-01;2019-07-31;C081-Administração;False;Inativo
1.04.4.0;DEPTO DE PROVIMENTO E DESENV. DE PESSOAL;DRHD;Administrativo;2012-08-01;2019-07-31;C081-Administração;False;Inativo
1.04.4.0.00;DEPTO DE PROVIMENTO E DESENV. DE PESSOAL;DRHD;Administrativo;2012-08-01;2019-07-31;C081-Administração;False;Inativo
1.04.5;DEPTO DE SAÚDE OCUPACIONAL INTEGRAL;DRHO;Administrativo;2012-08-01;2019-07-31;C081-Administração;False;Inativo
1.04.5.0;DEPTO DE SAÚDE OCUPACIONAL INTEGRAL;DRHO;Administrativo;2012-08-01;2019-07-31;C081-Administração;False;Inativo
1.04.5.0.00;DEPTO DE SAÚDE OCUPACIONAL INTEGRAL;DRHO;Administrativo;2012-08-01;2019-07-31;C081-Administração;False;Inativo
1.04.6;DEPTO DE SEG. DO TRAB. E RELAÇÕES SINDIC;DRHR;Administrativo;2012-08-01;2019-07-31;C081-Administração;False;Inativo
1.04.6.0;DEPTO DE SEG. DO TRAB. E RELAÇÕES SINDIC;DRHR;Administrativo;2012-08-01;2019-07-31;C081-Administração;False;Inativo
1.04.6.0.00;DEPTO DE SEG. DO TRAB. E RELAÇÕES SINDIC;DRHR;Administrativo;2012-08-01;2019-07-31;C081-Administração;False;Inativo
2.06.3.0.00;DEPTO DE FINANCIAMENTOS;DFOF;Administrativo;2013-10-01;2017-07-31;C081-Administração;False;Inativo
3.05;GERÊNCIA PROJ. E ESPECIFIC. DE SISTEMAS;GPS;Administrativo;2013-08-01;2019-01-31;C081-Administração;False;Inativo
3.05.0;GERÊNCIA PROJ. E ESPECIFIC. DE SISTEMAS;GPS;Administrativo;2013-08-01;2019-01-31;C081-Administração;False;Inativo
3.05.0.0;GERÊNCIA PROJ. E ESPECIFIC. DE SISTEMAS;GPS;Administrativo;2013-08-01;2019-01-31;C081-Administração;False;Inativo
3.05.0.0.00;GERÊNCIA PROJ. E ESPECIFIC. DE SISTEMAS;GPS;Administrativo;2013-08-01;2019-01-31;C081-Administração;False;Inativo
3.05.1;DEPTO DE PROJETOS DE ENERGIA;DPSE;Administrativo;2013-08-01;2019-01-31;C081-Administração;False;Inativo
3.05.1.0;DEPTO DE PROJETOS DE ENERGIA;DPSE;Administrativo;2013-08-01;2019-01-31;C081-Administração;False;Inativo
3.05.1.0.00;DEPTO DE PROJETOS DE ENERGIA;DPSE;Administrativo;2013-08-01;2019-01-31;C081-Administração;False;Inativo
3.05.2;DEPTO DE PROJ DE SINAL. TLEC. E EQUIPAMT;DPST;Administrativo;2013-08-01;2019-01-31;C081-Administração;False;Inativo
3.05.2.0;DEPTO DE PROJ DE SINAL. TLEC. E EQUIPAMT;DPST;Administrativo;2013-08-01;2019-01-31;C081-Administração;False;Inativo
3.05.2.0.00;DEPTO DE PROJ. DE SINAL, TELEC. E EQUIP.;DPST;Administrativo;2013-08-01;2019-01-31;C081-Administração;False;Inativo
4.06;GERÊNCIA DE OBRAS CIVIS-MODERNIZ. OESTE;GEB;Administrativo;2013-08-01;2019-01-31;C081-Administração;False;Inativo
4.06.0;GERÊNCIA DE OBRAS CIVIS-MODERNIZ. OESTE;GEB;Administrativo;2013-08-01;2019-01-31;C081-Administração;False;Inativo
4.06.1;DEPTO DE OBRAS CIVIS - LINHA 7;DEBA;Administrativo;2013-08-01;2019-01-31;C081-Administração;False;Inativo
4.06.1.0;DEPTO DE OBRAS CIVIS - LINHA 7;DEBA;Administrativo;2013-08-01;2019-01-31;C081-Administração;False;Inativo
4.06.1.0.00;DEPTO DE OBRAS CIVIS - LINHA 7;DEBA;Administrativo;2013-09-01;2019-01-31;C081-Administração;False;Inativo
4.06.2;DEPTO DE OBRAS CIVIS - LINHA 8;DEBB;Administrativo;2013-08-01;2019-01-31;C081-Administração;False;Inativo
4.06.2.0;DEPTO DE OBRAS CIVIS - LINHA 8;DEBB;Administrativo;2013-08-01;2019-01-31;C081-Administração;False;Inativo
4.06.2.0.00;DEPTO DE OBRAS CIVIS - LINHA 8;DEBB;Administrativo;2013-09-01;2019-01-31;C081-Administração;False;Inativo
4.06.3;DEPTO DE OBRAS CIVIS - LINHA 9;DEBC;Administrativo;2013-08-01;2019-01-31;C081-Administração;False;Inativo
4.07;GERÊNCIA OBRAS CIVIS- MODERNIZAÇÃO LESTE;GEL;Administrativo;2013-08-01;2019-01-31;C081-Administração;False;Inativo
4.06.3.0;DEPTO DE OBRAS CIVIS - LINHA 9;DEBC;Administrativo;2013-08-01;2019-01-31;C081-Administração;False;Inativo
4.06.3.0.00;DEPTO DE OBRAS CIVIS - LINHA 9;DEBC;Administrativo;2013-09-01;2019-01-31;C081-Administração;False;Inativo
6.03.4.7.04;EQUIPE OFICINA PRES ALTINO - L 8/9;DORO;Manutenção;2012-12-01;2022-03-31;C032-Linhas: 8/9 - Diamante/Esmeralda;False;Inativo
4.07.1;DEPTO DE OBRAS CIVIS - LINHA 10;DELD;Administrativo;2013-08-01;2019-01-31;C081-Administração;False;Inativo
4.07.1.0;DEPTO DE OBRAS CIVIS - LINHA 10;DELD;Administrativo;2013-08-01;2019-01-31;C081-Administração;False;Inativo
4.07.1.0.00;DEPTO DE OBRAS CIVIS - LINHA 10;DELD;Administrativo;2013-09-01;2019-01-31;C081-Administração;False;Inativo
4.07.2;DEPTO DE OBRAS CIVIS - LINHA 11;DELE;Administrativo;2013-08-01;2019-01-31;C081-Administração;False;Inativo
4.07.2.0;DEPTO DE OBRAS CIVIS - LINHA 11;DELE;Administrativo;2013-08-01;2019-01-31;C081-Administração;False;Inativo
4.07.2.0.00;DEPTO DE OBRAS CIVIS - LINHA 11;DELE;Administrativo;2013-08-01;2019-01-31;C081-Administração;False;Inativo
4.07.3;DEPTO DE OBRAS CIVIS - LINHA 12;DELF;Administrativo;2013-08-01;2019-01-31;C081-Administração;False;Inativo
4.07.3.0;DEPTO DE OBRAS CIVIS - LINHA 12;DELF;Administrativo;2013-08-01;2019-01-31;C081-Administração;False;Inativo
4.07.3.0.00;DEPTO DE OBRAS CIVIS - LINHA 12;DELF;Administrativo;2013-09-01;2019-01-31;C081-Administração;False;Inativo
4.08;GERÊNCIA DE OBRAS CIVIS - EXPANSÃO;GEX;Administrativo;2013-08-01;2019-01-31;C081-Administração;False;Inativo
4.08.0.0.00;GERÊNCIA DE OBRAS CIVIS - EXPANSÃO;GEX;Administrativo;2013-08-01;2019-01-31;C081-Administração;False;Inativo
4.08.0;GERÊNCIA DE OBRAS CIVIS - EXPANSÃO;GEX;Administrativo;2013-08-01;2019-01-31;C081-Administração;False;Inativo
4.08.0.0;GERÊNCIA DE OBRAS CIVIS - EXPANSÃO;GEX;Administrativo;2013-08-01;2019-01-31;C081-Administração;False;Inativo
4.08.1;DEPTO DE ESTAÇÕES -EXPANSÃO - LINHA 13;DEXE;Administrativo;2013-08-01;2019-01-31;C081-Administração;False;Inativo
4.08.1.0;DEPTO DE ESTAÇÕES -EXPANSÃO - LINHA 13;DEXE;Administrativo;2013-08-01;2019-01-31;C081-Administração;False;Inativo
4.08.1.0.00;DEPTO DE ESTAÇÕES -EXPANSÃO - LINHA 13;DEXE;Administrativo;2013-08-01;2019-01-31;C081-Administração;False;Inativo
4.08.2;DEPTO DE VIA -EXPANSÃO - LINHA 13;DEXV;Administrativo;2013-08-01;2019-01-31;C081-Administração;False;Inativo
4.08.2.0;DEPTO DE VIA -EXPANSÃO - LINHA 13;DEXV;Administrativo;2013-08-01;2019-01-31;C081-Administração;False;Inativo
4.08.2.0.00;DEPTO DE VIA -EXPANSÃO - LINHA 13;DEXV;Administrativo;2013-09-01;2019-01-31;C081-Administração;False;Inativo
4.07.0;GERÊNCIA OBRAS CIVIS- MODERNIZAÇÃO LESTE;GEL;Administrativo;2013-08-01;2019-01-31;C081-Administração;False;Inativo
4.07.0.0;GERÊNCIA OBRAS CIVIS- MODERNIZAÇÃO LESTE;GEL;Administrativo;2013-08-01;2019-01-31;C081-Administração;False;Inativo
4.07.0.0.00;GERÊNCIA OBRAS CIVIS- MODERNIZAÇÃO LESTE;GEL;Administrativo;2013-08-01;2019-01-31;C081-Administração;False;Inativo
5.02.4.2.01;MOVIMENTO DE TRENS - LINHA 7;DOC1;Operacional;2013-11-01;2025-10-31;C007-Linha: 7 - Rubi;False;Inativo
5.02.4.2.02;MOVIMENTO DE TRENS - LINHA 10;DOC1;Operacional;2013-11-01;2025-10-31;C010-Linha: 10 - Turquesa;False;Inativo
5.02.5.2.01;MOVIMENTO DE TRENS - LINHA 8;DOC2;Operacional;2013-11-01;2022-02-28;C008-Linha: 8 - Diamante;False;Inativo
5.02.5.2.02;MOVIMENTO DE TRENS - LINHA 9;DOC2;Operacional;2013-11-01;2022-02-28;C009-Linha: 9 - Esmeralda;False;Inativo
5.02.6.2.01;MOVIMENTO DE TRENS - LINHA 11;DOC3;Operacional;2013-11-01;2018-02-28;C011-Linha: 11 - Coral;False;Inativo
5.02.6.2.02;MOVIMENTO DE TRENS - LINHA 12;DOC3;Operacional;2013-11-01;2018-02-28;C012-Linha: 12 - Safira;False;Inativo
6.02.2.1.01;OFICINAS GERAIS - LAPA L 7/10/11/12;DOFO;Manutenção;2013-11-01;2016-07-31;C039-Linhas: 7/10/11/12 - Rubi/Turquesa/Coral/Safira;False;Inativo
6.02.2.2.01;OFIC. GERAIS - P. ALTINO - LINHAS 8/9;DOFO;Manutenção;2013-11-01;2016-07-31;C032-Linhas: 8/9 - Diamante/Esmeralda;False;Inativo
6.02.0.3;SINALIZAÇÃO CORRETIVA - BRAS;GOF;Manutenção;2014-02-01;2017-10-31;C041-Todas as Linhas Operacionais;False;Inativo
6.02.0.3.00;SINALIZAÇÃO CORRETIVA - BRAS;GOF;Manutenção;2014-02-01;2016-07-31;C041-Todas as Linhas Operacionais;False;Inativo
6.02.6.0.00;DEPTO DE MANUT. DO CCO E GESTÃO DO CIM;DOFC;Manutenção;2014-11-01;2016-07-31;C041-Todas as Linhas Operacionais;False;Inativo
1.06;GERÊNCIA GERAL GOV. QUALID. EMPRESARIAL;GRE;Administrativo;2015-06-01;2019-01-31;C081-Administração;False;Inativo
1.06.0;GERÊNCIA GERAL GOV. QUALID. EMPRESARIAL;GRE;Administrativo;2015-06-01;2019-01-31;C081-Administração;False;Inativo
1.06.0.0;GERÊNCIA GERAL GOV. QUALID. EMPRESARIAL;GRE;Administrativo;2015-06-01;2019-01-31;C081-Administração;False;Inativo
1.06.0.0.00;GERÊNCIA GERAL GOV. QUALID. EMPRESARIAL;GRE;Administrativo;2015-06-01;2019-01-31;C081-Administração;False;Inativo
6.03.4.7.20;EQUIPE OFICINA BRÁS - L 11/12;DORO;Manutenção;2016-03-01;2022-03-31;C033-Linhas: 11/12 - Coral/Safira;False;Inativo
6.02.6.1;CENTRO DE INFORMAÇÃO E MANUT - CIM BRAS;DOFC;Manutenção;2016-04-01;2017-10-31;C041-Todas as Linhas Operacionais;False;Inativo
6.02.6.1.00;CENTRO DE INFORMAÇÃO E MANUT - CIM BRAS;DOFC;Manutenção;2016-04-01;2017-10-31;C041-Todas as Linhas Operacionais;False;Inativo
6.02.6.2;SINALIZAÇÃO CORRETIVA - BRAS;DOFC;Manutenção;2016-04-01;2017-10-31;C041-Todas as Linhas Operacionais;False;Inativo
6.03.4.1.00;EQUIPE LOCOMOTIVAS E VAGÕES;DORO;Manutenção;2012-12-01;2022-03-31;C041-Todas as Linhas Operacionais;False;Inativo
6.03.4.1.04;MONTAGENS E TESTES DE TUE´S;DORO;Manutenção;2012-12-01;2022-03-31;C041-Todas as Linhas Operacionais;False;Inativo
6.03.4.6;EQUIPE OFICINA LAPA;DORO;Manutenção;2012-12-01;2022-03-31;C041-Todas as Linhas Operacionais;False;Inativo
6.03.4.6.00;EQUIPE OFICINA LAPA;DORO;Manutenção;2012-12-01;2022-03-31;C041-Todas as Linhas Operacionais;False;Inativo
6.03.4.6.01;EQUIPE OFICINA LAPA - L 7/8/9/11/12;DORO;Manutenção;2012-12-01;2016-07-31;C040-Linhas: 7/8/9/11/12 - Rubi/Diamante/Esmeralda/Coral/Safira;False;Inativo
6.03.4.6.02;EQUIPE OFICINA LAPA - L 7/8/9/10/11/12;DORO;Manutenção;2012-12-01;2022-03-31;C041-Todas as Linhas Operacionais;False;Inativo
6.03.4.6.03;EQUIPE OFICINA LAPA - L 7/11/12;DORO;Manutenção;2012-12-01;2016-07-31;C037-Linhas: 7/11/12 - Rubi/Coral/Safira;False;Inativo
6.03.4.7;EQUIPE OFICINA PRES ALTINO;DORO;Manutenção;2012-12-01;2022-03-31;C041-Todas as Linhas Operacionais;False;Inativo
6.03.4.7.00;EQUIPE OFICINA PRES ALTINO;DORO;Manutenção;2012-12-01;2022-03-31;C041-Todas as Linhas Operacionais;False;Inativo
6.03.4.7.01;EQ.OFICINA PRES ALTINO-L 7/8/9/10/11/12;DORO;Manutenção;2012-12-01;2022-03-31;C041-Todas as Linhas Operacionais;False;Inativo
6.03.4.7.02;EQ.OFICINA PRES ALTINO- L 7/9/11/12;DORO;Manutenção;2012-12-01;2016-07-31;C040-Linhas: 7/8/9/11/12 - Rubi/Diamante/Esmeralda/Coral/Safira;False;Inativo
6.03.4.7.03;EQ.OFICINA P. ALTINO - L 7/11/12;DORO;Manutenção;2012-12-01;2016-07-31;C037-Linhas: 7/11/12 - Rubi/Coral/Safira;False;Inativo
6.03.4.8;EQUIPE PLANEJAMENTO E CONTROLE;DORO;Manutenção;2012-12-01;2016-07-31;C041-Todas as Linhas Operacionais;False;Inativo
6.03.4.8.00;EQUIPE PLANEJAMENTO E CONTROLE;DORO;Manutenção;2012-12-01;2016-07-31;C041-Todas as Linhas Operacionais;False;Inativo
6.03.4.9;EQUIPE DE GESTÃO E DESENVOLVIMENTO;DORO;Manutenção;2012-12-01;2016-07-31;C041-Todas as Linhas Operacionais;False;Inativo
6.03.4.9.00;EQUIPE DE GESTÃO E DESENVOLVIMENTO;DORO;Manutenção;2012-12-01;2016-07-31;C041-Todas as Linhas Operacionais;False;Inativo
1.00.3.0.00;ASSESSORIA DE COORD. DE EMPREENDIMENTOS;ARE;Administrativo;2013-08-01;2015-05-31;C081-Administração;False;Inativo
9.04;OUTRAS DESPESAS ADMINISTRATIVAS;ADM;Administrativo;2016-01-01;;C081-Administração;True;Ativo
9.04.1;SEGURANÇA - ADMINISTRAÇÃO;GOS-ADM;Administrativo;2016-01-01;;C081-Administração;True;Ativo
9.04.1.0;SEGURANÇA - ADMINISTRAÇÃO;GOS-ADM;Administrativo;2016-01-01;;C081-Administração;True;Ativo
6.03.0.1;EQUIPE PLANEJAMENTO E CONTROLE;GOR;Manutenção;2016-04-01;;C041-Todas as Linhas Operacionais;True;Ativo
9.04.1.0.01;SEGURANÇA - ADMINISTRAÇÃO;GOS-ADM;Administrativo;2016-01-01;;C081-Administração;True;Ativo
6.02.6.2.00;SINALIZAÇÃO CORRETIVA - CCO BRAS;DOFC;Manutenção;2016-04-01;2017-10-31;C041-Todas as Linhas Operacionais;False;Inativo
6.03.0.1.00;EQUIPE PLANEJAMENTO E CONTROLE;GOR;Manutenção;2016-04-01;;C041-Todas as Linhas Operacionais;True;Ativo
6.03.0.2;EQUIPE DE GESTÃO E DESENVOLVIMENTO;GOR;Manutenção;2016-04-01;;C041-Todas as Linhas Operacionais;True;Ativo
6.03.0.2.00;EQUIPE DE GESTÃO E DESENVOLVIMENTO;GOR;Manutenção;2016-04-01;;C041-Todas as Linhas Operacionais;True;Ativo
9.04.2;MAT. DESTRUÍDOS EM TESTES DE QUALIDADE;MAT;Administrativo;2016-11-01;;C081-Administração;True;Ativo
9.04.2.0;MAT. DESTRUÍDOS EM TESTES DE QUALIDADE;MAT;Administrativo;2016-11-01;;C081-Administração;True;Ativo
9.04.2.0.01;MAT. DESTRUÍDOS EM TESTES DE QUALIDADE;MAT;Administrativo;2016-11-01;;C081-Administração;True;Ativo
7.01.3.0.02;EMPREGADOS CEDIDOS - ESFERA MUNICIPAL -;ECM;Operacional;2012-01-01;;C041-Todas as Linhas Operacionais;True;Ativo
7.01.4;EMPREGADOS CEDIDOS - SINDICATOS;ECS;Produtivo;2012-01-01;;C081-Administração;True;Ativo
7.01.4.0;EMPREGADOS CEDIDOS - SINDICATOS;ECS;Produtivo;2012-01-01;;C081-Administração;True;Ativo
7.01.4.0.01;EMPREGADOS CEDIDOS - SINDICATOS - ADM -;ECS;Administrativo;2012-01-01;;C081-Administração;True;Ativo
7.01.4.0.02;EMPREGADOS CEDIDOS - SINDICATOS - OPE -;ECS;Operacional;2012-01-01;;C041-Todas as Linhas Operacionais;True;Ativo
7.01.5;EMPREGADOS CEDIDOS - OUTROS;ECO;Produtivo;2012-01-01;;C081-Administração;True;Ativo
7.01.5.0;EMPREGADOS CEDIDOS - OUTROS;ECO;Produtivo;2012-01-01;;C081-Administração;True;Ativo
7.01.5.0.01;EMPREGADOS CEDIDOS - OUTROS - ADM;ECO;Administrativo;2012-01-01;;C081-Administração;True;Ativo
7.01.5.0.02;EMPREGADOS CEDIDOS - OUTROS - OPE;ECO;Operacional;2012-01-01;;C041-Todas as Linhas Operacionais;True;Ativo
8;OUTROS NEGÓCIOS;ONEG;Produtivo;2012-01-01;;C081-Administração;True;Ativo
8.01;EXPRESSO TURÍSTICO;OEXT;Produtivo;2012-01-01;;C021-Expresso Turístico - Jundiaí;True;Ativo
8.01.1;EXPRESSO TURÍSTICO;EXTJ;Produtivo;2012-01-01;;C021-Expresso Turístico - Jundiaí;True;Ativo
8.01.1.0;EXPRESSO TURÍSTICO-JUNDIAÍ;EXTJ;Produtivo;2012-01-01;;C021-Expresso Turístico - Jundiaí;True;Ativo
8.01.1.0.50;EXPRESSO TURÍSTICO JUNDIAÍ-OPERAÇÃO;EXTJO;Operacional;2012-01-01;;C021-Expresso Turístico - Jundiaí;True;Ativo
8.01.1.0.51;EXPRESSO TURÍSTICO JUNDIAÍ-MANUTENÇÃO;EXTJM;Manutenção;2012-01-01;;C021-Expresso Turístico - Jundiaí;True;Ativo
8.01.1.0.52;EXPRESSO TURÍSTICO JUNDIAÍ-CORPORATIVO;EXTJC;Administrativo;2012-01-01;;C021-Expresso Turístico - Jundiaí;True;Ativo
8.01.2;EXPRESSO TURÍSTICO-MOGI;EXTM;Produtivo;2012-01-01;;C022-Expresso Turístico - Mogi das Cruzes;True;Ativo
8.01.2.0;EXPRESSO TURÍSTICO-MOGI;EXTM;Produtivo;2012-01-01;;C022-Expresso Turístico - Mogi das Cruzes;True;Ativo
8.01.2.0.50;EXPRESSO TURÍSTICO MOGI-OPERAÇÃO;EXTMO;Operacional;2012-01-01;;C022-Expresso Turístico - Mogi das Cruzes;True;Ativo
8.01.2.0.51;EXPRESSO TURÍSTICO MOGI-MANUTENÇÃO;EXTMM;Manutenção;2012-01-01;;C022-Expresso Turístico - Mogi das Cruzes;True;Ativo
8.01.2.0.52;EXPRESSO TURÍSTICO MOGI-CORPORATIVO;EXTMC;Administrativo;2012-01-01;;C022-Expresso Turístico - Mogi das Cruzes;True;Ativo
8.01.3;EXPRESSO TURÍSTICO-PARANAPIACABA;EXTP;Produtivo;2012-01-01;;C023-Expresso Turístico - Paranapiacaba;True;Ativo
8.01.3.0;EXPRESSO TURÍSTICO-PARANAPIACABA;EXTP;Produtivo;2012-01-01;;C023-Expresso Turístico - Paranapiacaba;True;Ativo
8.01.3.0.50;EXPRESSO TURÍSTICO PARANAPIACABA-OPERAÇÃ;EXTPO;Operacional;2012-01-01;;C023-Expresso Turístico - Paranapiacaba;True;Ativo
8.01.3.0.51;EXPRESSO TURÍSTICO PARANAPIACABA-MANUTEN;EXTPM;Manutenção;2012-01-01;;C023-Expresso Turístico - Paranapiacaba;True;Ativo
8.01.3.0.52;EXPRESSO TURÍSTICO PARANAPIACABA-CORPORA;EXTPC;Administrativo;2012-01-01;;C023-Expresso Turístico - Paranapiacaba;True;Ativo
9.01.1;GERAL DA COMPANHIA;GC;Produtivo;2012-01-01;;C081-Administração;True;Ativo
9.01.1.0;GERAL DA COMPANHIA;GC;Produtivo;2012-01-01;;C081-Administração;True;Ativo
9.01.1.0.50;GERAL DA COMPANHIA - OPERAÇÃO;GCO;Operacional;2012-01-01;;C041-Todas as Linhas Operacionais;True;Ativo
9.01.1.0.51;GERAL DA COMPANHIA - MANUTENÇÃO;GCM;Manutenção;2012-01-01;;C041-Todas as Linhas Operacionais;True;Ativo
9.01.1.0.52;GERAL DA COMPANHIA - ENGENHARIA;GCE;Administrativo;2012-01-01;;C081-Administração;True;Ativo
9.01.1.0.53;GERAL DA COMPANHIA - ADMINISTRAÇÃO;GCA;Administrativo;2012-01-01;;C081-Administração;True;Ativo
6.02.1.4.50;OFICINA ELETRÔNICA - LINHA 7;DOFM;Manutenção;2012-10-01;2016-07-31;C007-Linha: 7 - Rubi;False;Inativo
6.02.1.4.51;OFICINA ELETRÔNICA - LINHA 8;DOFM;Manutenção;2012-10-01;2016-07-31;C008-Linha: 8 - Diamante;False;Inativo
6.02.1.4.52;OFICINA ELETRÔNICA - LINHA 9;DOFM;Manutenção;2012-10-01;2016-07-31;C009-Linha: 9 - Esmeralda;False;Inativo
6.02.1.4.53;OFICINA ELETRÔNICA - LINHA 10;DOFM;Manutenção;2012-10-01;2016-07-31;C010-Linha: 10 - Turquesa;False;Inativo
6.02.1.4.54;OFICINA ELETRÔNICA - LINHA 11;DOFM;Manutenção;2012-10-01;2016-07-31;C011-Linha: 11 - Coral;False;Inativo
6.02.1.4.55;OFICINA ELETRÔNICA - LINHA 12;DOFM;Manutenção;2012-10-01;2017-10-31;C012-Linha: 12 - Safira;False;Inativo
6.02.1.4.56;OFIC. ELÉTRICA - LABORAT. PRES. ALTINO;DOFM;Manutenção;2012-10-01;2017-10-31;C041-Todas as Linhas Operacionais;False;Inativo
4.00.1;ASSESSORIA DE ENGENHARIA DE IMPLANTAÇÃO;AEI;Administrativo;2013-08-01;2019-01-31;C081-Administração;False;Inativo
4.00.1.0;ASSESSORIA DE ENGENHARIA DE IMPLANTAÇÃO;AEI;Administrativo;2013-08-01;2019-01-31;C081-Administração;False;Inativo
4.00.1.0.00;ASSESSORIA DE ENGENHARIA DE IMPLANTAÇÃO;AEI;Administrativo;2013-09-01;2019-01-31;C081-Administração;False;Inativo
6.02.2.6;OFICINAS GERAIS - C. VIANA L 11/12;DOFO;Manutenção;2014-05-01;2017-10-31;C033-Linhas: 11/12 - Coral/Safira;False;Inativo
6.02.2.6.00;OFICINAS GERAIS - C. VIANA L 11/12;DOFO;Manutenção;2014-05-01;2017-10-31;C033-Linhas: 11/12 - Coral/Safira;False;Inativo
6.02.6;DEPTO DE MANUT. DO CCO E GESTÃO DO CIM;DOFC;Manutenção;2014-11-01;2017-10-31;C041-Todas as Linhas Operacionais;False;Inativo
6.02.6.0;DEPTO DE MANUT. DO CCO E GESTÃO DO CIM;DOFC;Manutenção;2014-11-01;2017-10-31;C041-Todas as Linhas Operacionais;False;Inativo
2.01.5.0;DEPTO DE CONTROLE DE CONTRATOS;DFFC;Administrativo;2017-08-01;;C081-Administração;True;Ativo
2.01.5;DEPTO DE CONTROLE DE CONTRATOS;DFFC;Administrativo;2017-08-01;;C081-Administração;True;Ativo
2.01.5.0.00;DEPTO DE CONTROLE DE CONTRATOS;DFFC;Administrativo;2017-08-01;;C081-Administração;True;Ativo
2.07;GERÊNCIA DE CONTROLE FISCAL E CONTÁBIL;GFS;Administrativo;2017-08-01;;C081-Administração;True;Ativo
2.07.0;GERÊNCIA DE CONTROLE FISCAL E CONTÁBIL;GFS;Administrativo;2017-08-01;;C081-Administração;True;Ativo
2.07.0.0;GERÊNCIA DE CONTROLE FISCAL E CONTÁBIL;GFS;Administrativo;2017-08-01;;C081-Administração;True;Ativo
2.07.0.0.00;GERÊNCIA DE CONTROLE FISCAL E CONTÁBIL;GFS;Administrativo;2017-08-01;;C081-Administração;True;Ativo
2.07.1;DEPTO FISCAL;DFSF;Administrativo;2017-08-01;;C081-Administração;True;Ativo
2.07.1.0;DEPTO FISCAL;DFSF;Administrativo;2017-08-01;;C081-Administração;True;Ativo
2.07.1.0.00;DEPTO FISCAL;DFSF;Administrativo;2017-08-01;;C081-Administração;True;Ativo
2.07.2;DEPTO DE CONTABILIDADE E CUSTOS;DFSC;Administrativo;2017-08-01;;C081-Administração;True;Ativo
2.07.2.0;DEPTO DE CONTABILIDADE E CUSTOS;DFSC;Administrativo;2017-08-01;;C081-Administração;True;Ativo
2.07.2.0.00;DEPTO DE CONTABILIDADE E CUSTOS;DFSC;Administrativo;2017-08-01;;C081-Administração;True;Ativo
2.00.1;ASSESSORIA ADMINISTRAT. E FINANCIAMENTOS;DF/A;Administrativo;2017-08-01;;C081-Administração;True;Ativo
2.00.1.0;ASSESSORIA ADMINISTRAT. E FINANCIAMENTOS;DF/A;Administrativo;2017-08-01;;C081-Administração;True;Ativo
2.00.1.0.00;ASSESSORIA ADMINISTRAT. E FINANCIAMENTOS;DF/A;Administrativo;2017-08-01;2026-07-31;C081-Administração;False;Inativo
3.01.3;DEPTO DE ESTUDOS E PLANEJ. ECONÔMICO;DPTE;Administrativo;2017-06-01;2019-01-31;C081-Administração;False;Inativo
3.01.3.0;DEPTO DE ESTUDOS E PLANEJ. ECONÔMICO;DPTE;Administrativo;2017-06-01;2019-01-31;C081-Administração;False;Inativo
3.01.3.0.00;DEPTO DE ESTUDOS E PLANEJ. ECONÔMICO;DPTE;Administrativo;2017-06-01;2019-01-31;C081-Administração;False;Inativo
3.04.3;DEPTO DE CONSISTÊNCIA E INOVAÇÃO DE PROJ;DPPG;Administrativo;2017-06-01;2019-01-31;C081-Administração;False;Inativo
3.04.3.0;DEPTO DE CONSISTÊNCIA E INOVAÇÃO DE PROJ;DPPG;Administrativo;2017-06-01;2019-01-31;C081-Administração;False;Inativo
3.04.3.0.00;DEPTO DE CONSISTÊNCIA E INOVAÇÃO DE PROJ;DPPG;Administrativo;2017-06-01;2019-01-31;C081-Administração;False;Inativo
6.05;GER DE MANUT VIA PERMAN E ESTRUT CIVIL;GOV;Manutenção;2017-11-01;;C041-Todas as Linhas Operacionais;True;Ativo
6.05.0;GER DE MANUT VIA PERMAN E ESTRUT CIVIL;GOV;Manutenção;2017-11-01;;C041-Todas as Linhas Operacionais;True;Ativo
6.05.0.0;GER DE MANUT VIA PERMAN E ESTRUT CIVIL;GOV;Manutenção;2017-11-01;;C041-Todas as Linhas Operacionais;True;Ativo
6.05.0.0.00;GER DE MANUT VIA PERMAN E ESTRUT CIVIL;GOV;Manutenção;2017-11-01;;C041-Todas as Linhas Operacionais;True;Ativo
6.05.0.1;GESTÃO AMBIENTAL;GOV;Manutenção;2017-11-01;2017-11-30;C041-Todas as Linhas Operacionais;False;Inativo
6.05.0.1.00;GESTÃO AMBIENTAL;GOV;Manutenção;2017-11-01;2017-11-30;C041-Todas as Linhas Operacionais;False;Inativo
6.05.1;DEPTO DE MANUT DE EQUIP E MECANIZ-CHEFIA;DOVM;Manutenção;2017-11-01;2019-03-31;C041-Todas as Linhas Operacionais;False;Inativo
6.05.1.0;DEPTO DE MANUT DE EQUIP E MECANIZ-CHEFIA;DOVM;Manutenção;2017-11-01;2019-03-31;C041-Todas as Linhas Operacionais;False;Inativo
6.05.1.0.00;DEPTO DE MANUT DE EQUIP E MECANIZ-CHEFIA;DOVM;Manutenção;2017-11-01;2019-03-31;C041-Todas as Linhas Operacionais;False;Inativo
6.05.1.1;EQUIPE MAN E OPER DE MAQ E EQPTOS VP LAP;DOVM;Manutenção;2017-11-01;2019-03-31;C041-Todas as Linhas Operacionais;False;Inativo
6.05.1.1.00;EQUIPE MAN E OPER DE MAQ E EQPTOS VP LAP;DOVM;Manutenção;2017-11-01;2019-03-31;C041-Todas as Linhas Operacionais;False;Inativo
6.05.1.2;EQUIPE PROD COMP E SOLDAGENS TRILHO LAPA;DOVM;Manutenção;2017-11-01;2019-03-31;C041-Todas as Linhas Operacionais;False;Inativo
6.05.1.2.00;EQUIPE PROD COMP E SOLDAGENS TRILHO LAPA;DOVM;Manutenção;2017-11-01;2019-03-31;C041-Todas as Linhas Operacionais;False;Inativo
6.05.1.3;PROD DE COMP E SOLDAGENS TRILHOS-PIRITUB;DOVM;Manutenção;2017-11-01;2019-03-31;C041-Todas as Linhas Operacionais;False;Inativo
6.05.1.3.00;PROD DE COMP E SOLDAGENS TRILHOS-PIRITUB;DOVM;Manutenção;2017-11-01;2019-03-31;C041-Todas as Linhas Operacionais;False;Inativo
6.05.1.4;EQUIPE - OFIC ELETRON ELÉTRICA;DOVM;Manutenção;2017-11-01;2017-11-30;C041-Todas as Linhas Operacionais;False;Inativo
6.05.1.4.00;EQUIPE - OFIC ELETRON ELÉTRICA;DOVM;Manutenção;2017-11-01;2017-11-30;C041-Todas as Linhas Operacionais;False;Inativo
6.05.1.4.01;OFICINA ELETRÔNICA;DOVM;Manutenção;2017-11-01;2017-11-30;C041-Todas as Linhas Operacionais;False;Inativo
6.05.1.4.02;LABORATÓRIO TELECOMUNICAÇÕES 7/10/11/12;DOVM;Manutenção;2017-11-01;2017-11-30;C039-Linhas: 7/10/11/12 - Rubi/Turquesa/Coral/Safira;False;Inativo
6.05.1.4.56;OFIC. ELÉTRICA - LABORAT. PRES. ALTINO;DOVM;Manutenção;2017-11-01;2017-11-30;C041-Todas as Linhas Operacionais;False;Inativo
6.05.1.4.03;OFICINA DE SINALIZAÇÃO;DOVM;Manutenção;2017-11-01;2017-11-30;C041-Todas as Linhas Operacionais;False;Inativo
6.05.2;DEPTO MANUT.OBRAS ARTE,EDIF. EQ.-CHEFIA;DOVO;Manutenção;2017-11-01;2019-03-31;C041-Todas as Linhas Operacionais;False;Inativo
6.05.2.0;DEPTO MANUT.OBRAS ARTE,EDIF. EQ.-CHEFIA;DOVO;Manutenção;2017-11-01;2019-03-31;C041-Todas as Linhas Operacionais;False;Inativo
6.05.2.0.00;DEPTO MANUT.OBRAS ARTE,EDIF. EQ.-CHEFIA;DOVO;Manutenção;2017-11-01;2019-03-31;C041-Todas as Linhas Operacionais;False;Inativo
6.05.2.1;OFICINAS GERAIS - LAPA L. 7/8/9/10/11/12;DOVO;Manutenção;2017-11-01;2019-03-31;C041-Todas as Linhas Operacionais;False;Inativo
6.05.2.1.00;OFICINAS GERAIS - LAPA 7/8/9/10/11/12;DOVO;Manutenção;2017-11-01;2019-03-31;C041-Todas as Linhas Operacionais;False;Inativo
6.05.2.2;OFIC. GERAIS-P. ALTINO 7/8/9/10/11/12/13;DOVO;Manutenção;2017-11-01;2019-03-31;C041-Todas as Linhas Operacionais;False;Inativo
6.05.2.2.00;OFIC. GERAIS-P. ALTINO 7/8/9/10/11/12/13;DOVO;Manutenção;2017-11-01;2019-03-31;C041-Todas as Linhas Operacionais;False;Inativo
6.05.2.3;MANUTENÇÃO CIVIL - LAPA - LINHAS 7 / 10;DOVO;Manutenção;2017-11-01;2019-03-31;C031-Linhas: 7/10 - Rubi/Turquesa;False;Inativo
6.05.2.3.00;MANUTENÇÃO CIVIL - LAPA - LINHAS 7/10;DOVO;Manutenção;2017-11-01;2019-03-31;C031-Linhas: 7/10 - Rubi/Turquesa;False;Inativo
6.05.3.1;MANUTENÇÃO - VIA PERMANENTE - LINHA 7;DOVV;Manutenção;2017-11-01;2019-03-31;C007-Linha: 7 - Rubi;False;Inativo
6.05.3.1.01;MANUTENÇÃO - VIA PERMANENTE - LINHA 7;DOVV;Manutenção;2017-11-01;2019-03-31;C007-Linha: 7 - Rubi;False;Inativo
6.05.3.1.02;MANUTENÇÃO - VIA PERMANENTE - LINHA 10;DOVV;Manutenção;2017-11-01;2019-03-31;C010-Linha: 10 - Turquesa;False;Inativo
6.05.3.1.03;MANUTENÇÃO - VIA PERMANENTE - 7/10;DOVV;Manutenção;2017-11-01;2019-03-31;C031-Linhas: 7/10 - Rubi/Turquesa;False;Inativo
6.05.3.2;MANUTENÇÃO VP - OFICINA DE SOLDA LAPA;DOVV;Manutenção;2017-11-01;2019-03-31;C041-Todas as Linhas Operacionais;False;Inativo
6.05.3.2.01;MANUTENÇÃO VP - OFICINA DE SOLDA LAPA;DOVV;Manutenção;2017-11-01;2019-03-31;C041-Todas as Linhas Operacionais;False;Inativo
6.05.3.3;MANUTENÇÃO - VIA PERMANENTE - LINHA 8;DOVV;Manutenção;2017-11-01;2019-03-31;C008-Linha: 8 - Diamante;False;Inativo
6.05.3.3.01;MANUTENÇÃO - VIA PERMANENTE - LINHA 8;DOVV;Manutenção;2017-11-01;2019-03-31;C008-Linha: 8 - Diamante;False;Inativo
6.05.3.3.02;MANUTENÇÃO - VIA PERMANENTE - LINHA 9;DOVV;Manutenção;2017-11-01;2019-03-31;C009-Linha: 9 - Esmeralda;False;Inativo
6.05.3.3.03;MANUTENÇÃO - VIA PERMANENTE - LINHA 8/9;DOVV;Manutenção;2017-11-01;2019-03-31;C032-Linhas: 8/9 - Diamante/Esmeralda;False;Inativo
6.05.3.4;MANUT. - VIA PERMANENTE-LINHAS 11/12/13;DOVV;Manutenção;2017-11-01;2019-03-31;C011-Linha: 11 - Coral;False;Inativo
6.05.2.4;MANUT. CIVIL - PRES.ALTINO - LINHAS 8/9;DOVO;Manutenção;2017-11-01;2019-03-31;C032-Linhas: 8/9 - Diamante/Esmeralda;False;Inativo
6.05.2.4.00;MANUT. CIVIL - PRES.ALTINO - LINHAS 8/9;DOVO;Manutenção;2017-11-01;2019-03-31;C032-Linhas: 8/9 - Diamante/Esmeralda;False;Inativo
6.05.2.5;MANUTENÇÃO CIVIL - BRAS- LINHAS 11/12/13;DOVO;Manutenção;2017-11-01;2019-03-31;C033-Linhas: 11/12 - Coral/Safira;False;Inativo
6.05.2.5.00;MANUTENÇÃO CIVIL - BRAS- LINHAS 11/12/13;DOVO;Manutenção;2017-11-01;2019-03-31;C038-Linhas: 11/12/13 - Coral/Safira/Jade;False;Inativo
6.05.2.6;OFICINAS GERAIS - C. VIANA L 11/12/13;DOVO;Manutenção;2017-11-01;2019-03-31;C033-Linhas: 11/12 - Coral/Safira;False;Inativo
6.05.2.6.00;OFICINAS GERAIS - C. VIANA L 11/12/13;DOVO;Manutenção;2017-11-01;2019-03-31;C038-Linhas: 11/12/13 - Coral/Safira/Jade;False;Inativo
6.05.3;DEPTO DE MANUT. VIA PERMANENTE-CHEFIA;DOVV;Manutenção;2017-11-01;2019-03-31;C041-Todas as Linhas Operacionais;False;Inativo
6.05.3.0;DEPTO DE MANUT. VIA PERMANENTE-CHEFIA;DOVV;Manutenção;2017-11-01;2019-03-31;C041-Todas as Linhas Operacionais;False;Inativo
6.05.3.0.00;DEPTO DE MANUT. VIA PERMANENTE-CHEFIA;DOVV;Manutenção;2017-11-01;2019-03-31;C041-Todas as Linhas Operacionais;False;Inativo
6.05.3.4.01;MANUT. VIA PERMANENTE-LINHA 11;DOVV;Manutenção;2017-11-01;2019-03-31;C011-Linha: 11 - Coral;False;Inativo
6.05.3.4.02;MANUT. VIA PERMANENTE-LINHA 12;DOVV;Manutenção;2017-11-01;2019-03-31;C012-Linha: 12 - Safira;False;Inativo
6.05.3.4.03;MANUT. VIA PERMANENTE-LINHA 11/12/13;DOVV;Manutenção;2017-11-01;2019-03-31;C038-Linhas: 11/12/13 - Coral/Safira/Jade;False;Inativo
6.05.3.5;MANUT MECANIZADA DA INFRAESTRUTURA VP;DOVV;Manutenção;2017-11-01;2019-03-31;C041-Todas as Linhas Operacionais;False;Inativo
6.05.3.5.01;MANUT MECANIZADA DA INFRAESTRUTURA VP;DOVV;Manutenção;2017-11-01;2019-03-31;C041-Todas as Linhas Operacionais;False;Inativo
6.06;GERÊNCIA DE MANUT DE EQUIPAMENTOS FIXOS;GOF;Manutenção;2017-11-01;;C041-Todas as Linhas Operacionais;True;Ativo
6.06.0;GERÊNCIA DE MANUT DE EQUIPAMENTOS FIXOS;GOF;Manutenção;2017-11-01;;C041-Todas as Linhas Operacionais;True;Ativo
6.06.0.0;GERÊNCIA DE MANUT DE EQUIPAMENTOS FIXOS;GOF;Manutenção;2017-11-01;;C041-Todas as Linhas Operacionais;True;Ativo
6.06.0.0.00;GERÊNCIA DE MANUT DE EQUIPAMENTOS FIXOS;GOF;Manutenção;2017-11-01;;C041-Todas as Linhas Operacionais;True;Ativo
6.06.1;DEPTO DE MANUT SIST ENERGIA-CHEFIA;DOFE;Manutenção;2017-11-01;;C056-Todas as Linhas Operacionais - Sistema de Energia;True;Ativo
6.06.1.0;DEPTO DE MANUT SIST ENERGIA-CHEFIA;DOFE;Manutenção;2017-11-01;;C056-Todas as Linhas Operacionais - Sistema de Energia;True;Ativo
6.06.1.0.00;DEPTO DE MANUT SIST ENERGIA-CHEFIA;DOFE;Manutenção;2017-11-01;;C056-Todas as Linhas Operacionais - Sistema de Energia;True;Ativo
6.06.1.1;EQUIPE - SIST ENERGIA - 7 / 10 - CHEFIA;DOFE;Manutenção;2017-11-01;;C051-Linhas: 7/10 - Sistema de Energia;True;Ativo
6.06.1.1.00;EQUIPE - SIST ENERGIA - L10 - CHEFIA;DOFE;Manutenção;2017-11-01;;C051-Linhas: 7/10 - Sistema de Energia;True;Ativo
6.06.1.1.01;REDE AÉREA - LINHA 7;DOFE;Manutenção;2017-11-01;2026-03-31;C007-Linha: 7 - Rubi;False;Inativo
6.06.1.1.02;REDE AÉREA - LINHA 10;DOFE;Manutenção;2017-11-01;;C010-Linha: 10 - Turquesa;True;Ativo
6.06.1.1.03;DISTRIBUIÇÃO - LINHAS 7 / 10;DOFE;Manutenção;2017-11-01;2019-04-30;C051-Linhas: 7/10 - Sistema de Energia;False;Inativo
6.06.1.1.04;SUBESTAÇÕES - LINHA 7;DOFE;Manutenção;2017-11-01;2026-03-31;C007-Linha: 7 - Rubi;False;Inativo
6.06.1.1.05;SUBESTAÇÕES - LINHA 10;DOFE;Manutenção;2017-11-01;;C010-Linha: 10 - Turquesa;True;Ativo
6.06.1.1.50;REDE AÉREA - LINHA 7 / 10;DOFE;Manutenção;2017-11-01;2022-03-31;C051-Linhas: 7/10 - Sistema de Energia;False;Inativo
6.06.1.2;EQUIPE - SIST ENERGIA - 8 / 9 - CHEFIA;DOFE;Manutenção;2017-11-01;2022-03-31;C052-Linhas: 8/9 - Sistema de Energia;False;Inativo
6.06.1.2.00;EQUIPE - SIST ENERGIA - 8 / 9 - CHEFIA;DOFE;Manutenção;2017-11-01;2022-03-31;C052-Linhas: 8/9 - Sistema de Energia;False;Inativo
6.06.1.2.01;REDE AÉREA - LINHAS 8 / 9;DOFE;Manutenção;2017-11-01;2022-03-31;C052-Linhas: 8/9 - Sistema de Energia;False;Inativo
6.06.1.2.02;DISTRIBUIÇÃO - LINHAS 8 / 9;DOFE;Manutenção;2017-11-01;2019-04-30;C052-Linhas: 8/9 - Sistema de Energia;False;Inativo
6.06.1.2.03;SUBESTAÇÕES - LINHAS 8 / 9;DOFE;Manutenção;2017-11-01;2022-03-31;C052-Linhas: 8/9 - Sistema de Energia;False;Inativo
6.06.1.3;EQUIPE - SIST ENERGIA - 11/12/13 -CHEFIA;DOFE;Manutenção;2017-11-01;;C053-Linhas: 11/12 - Sistema de Energia;True;Ativo
6.06.1.3.00;EQUIPE - SIST ENERGIA - 11/12/13 CHEFIA;DOFE;Manutenção;2017-11-01;;C053-Linhas: 11/12 - Sistema de Energia;True;Ativo
6.06.1.3.01;REDE AÉREA - LINHAS 11 / 12;DOFE;Manutenção;2017-11-01;;C053-Linhas: 11/12 - Sistema de Energia;True;Ativo
6.06.1.3.02;DISTRIBUIÇÃO - LINHAS 11 / 12 / 13;DOFE;Manutenção;2017-11-01;2019-04-30;C053-Linhas: 11/12 - Sistema de Energia;False;Inativo
6.06.1.3.03;SUBESTAÇÕES - LINHAS 11 / 12;DOFE;Manutenção;2017-11-01;;C053-Linhas: 11/12 - Sistema de Energia;True;Ativo
6.06.1.3.04;SUBESTAÇÕES - LINHA 11;DOFE;Manutenção;2017-11-01;;C011-Linha: 11 - Coral;True;Ativo
6.06.1.3.05;SUBESTAÇÕES - LINHA 12;DOFE;Manutenção;2017-11-01;;C012-Linha: 12 - Safira;True;Ativo
6.05.6.1.06;OFICINA CIVIL - LAPA LINHAS 7/10;DOVC;Manutenção;2019-04-01;2020-10-31;C031-Linhas: 7/10 - Rubi/Turquesa;False;Inativo
3.08.0.0;GER PLANEJ DA MOBILID E GESTÃO DO TERRIT;GPM;Administrativo;2022-06-01;;C081-Administração;True;Ativo
1.08.0.0;GER. DE GOVERNANÇA, CONTROLES INTERNOS E GESTÃO DE RISCOS;GRI;Administrativo;2019-02-01;;C081-Administração;True;Ativo
6.03.5;DEPTO MAN IND, LOCOM, VEIC FERROV E AUXI;DORV;Manutenção;2022-03-01;;C041-Todas as Linhas Operacionais;True;Ativo
5.06.2.1.08;ESTAÇÃO COMANDANTE SAMPAIO;CSA;Operacional;2019-04-01;2022-02-28;C008-Linha: 8 - Diamante;False;Inativo
5.06.2.1.11;ESTAÇÃO CARAPICUIBA;CPB;Operacional;2019-04-01;2022-02-28;C008-Linha: 8 - Diamante;False;Inativo
5.06.2.1.16;ESTAÇÃO JARDIM SILVEIRA;JSI;Operacional;2019-04-01;2022-02-28;C008-Linha: 8 - Diamante;False;Inativo
6.07.0.0.00;GERÊNCIA DE LOGÍSTICA;GOL;Manutenção;2019-08-01;;C041-Todas as Linhas Operacionais;True;Ativo
6.05.4.6;EQUIPE DE LOCOMOTIVAS - LINHAS 11/12;DOVF;Manutenção;2021-02-01;2022-05-31;C033-Linhas: 11/12 - Coral/Safira;False;Inativo
6.03.6.4;MANUTENÇÃO DE SISTEMAS DE SINALIZAÇÃO;DORO;Manutenção;2022-04-01;;C041-Todas as Linhas Operacionais;True;Ativo
4.09.2.0.00;DEPTO MONT. VP. E REDE AÉREA-EXPANSÃO;DEDM;Administrativo;2019-02-01;;C081-Administração;True;Ativo
6.06.3.3;EQUIPE - OFIC ELETRON ELÉTRICA - CHEFIA;DOFA;Manutenção;2017-12-01;2019-04-30;C041-Todas as Linhas Operacionais;False;Inativo
6.06.3.3.00;EQUIPE - OFIC ELETRON ELÉTRICA - CHEFIA;DOFA;Manutenção;2017-12-01;2019-04-30;C041-Todas as Linhas Operacionais;False;Inativo
6.06.3.3.01;OFICINA ELETRÔNICA;DOFA;Manutenção;2017-12-01;2019-04-30;C041-Todas as Linhas Operacionais;False;Inativo
6.06.3.3.02;LABORATÓRIO DE TELECOM - 7/10/11/12/13;DOFA;Manutenção;2017-12-01;2019-04-30;C039-Linhas: 7/10/11/12 - Rubi/Turquesa/Coral/Safira;False;Inativo
6.06.3.3.03;OFICINA DE SINALIZAÇÃO;DOFA;Manutenção;2017-12-01;2019-04-30;C041-Todas as Linhas Operacionais;False;Inativo
3.06.2.0;DEPTO DE PESQUISA E MOBILIDADE;DPEP;Administrativo;2019-02-01;2020-05-31;C081-Administração;False;Inativo
5.06.2.1.18;ESTAÇÃO SAGRADO CORAÇÃO;SCO;Operacional;2019-04-01;2022-02-28;C008-Linha: 8 - Diamante;False;Inativo
1.00.7.0;ASSESSORIA DE GESTÃO ESTRAT. EMPRESARIAL;ARE;Administrativo;2020-06-01;;C081-Administração;True;Ativo
6.05.6.1.01;EDIFICAÇÕES - LAPA;DOVC;Manutenção;2019-04-01;2020-10-31;C041-Todas as Linhas Operacionais;False;Inativo
6.03.4.8.02;LABORATÓRIO - TELECOMUNICAÇÕES;DORO;Manutenção;2020-04-01;2022-03-31;C041-Todas as Linhas Operacionais;False;Inativo
6.05.5.5.01;MANUT PREVENT AMV/MAQ DE CHAVE L7/8/9;DOVL;Manutenção;2021-09-01;2022-05-31;C035-Linhas: 7/8/9 - Rubi/Diamante/Esmeralda;False;Inativo
6.03.4.8.52;LABORATÓRIO - SISTEMAS ELETRÔNICOS - L11;DORO;Manutenção;2022-03-01;2022-03-31;C011-Linha: 11 - Coral;False;Inativo
4.00.2.0.00;ASSESSORIA DE COORDENAÇÃO;AEC;Administrativo;2019-02-01;2019-07-31;C081-Administração;False;Inativo
6.04.2.4;EQUIPE PROG. ESPECIAIS MAT. RODANTE;DOTM;Manutenção;2019-09-01;;C041-Todas as Linhas Operacionais;True;Ativo
4.20.0.0;GERÊNCIA DE EMPREENDIMENTOS-MODERNIZAÇÃO;GEO;Administrativo;2019-02-01;;C081-Administração;True;Ativo
6.05.4.5;EQUIPE DE LOCOMOTIVAS - LINHAS 8/9;DOVF;Manutenção;2021-02-01;2022-03-31;C032-Linhas: 8/9 - Diamante/Esmeralda;False;Inativo
6.05.4.5.00;EQUIPE DE LOCOMOTIVAS - LINHAS 8/9;DOVF;Manutenção;2021-02-01;2022-03-31;C032-Linhas: 8/9 - Diamante/Esmeralda;False;Inativo
6.06.2.0;DEP MANUT DE SIST ELETR E RESTAB DE SERV;DOFS;Manutenção;2017-11-01;;C041-Todas as Linhas Operacionais;True;Ativo
6.06.2.0.00;DEP MANUT DE SIST ELETR E RESTAB DE SERV;DOFS;Manutenção;2017-11-01;;C041-Todas as Linhas Operacionais;True;Ativo
6.06.2.1;EQUIPE - SINALIZ TELEC - 7/10 - CHEFIA;DOFS;Manutenção;2017-11-01;;C031-Linhas: 7/10 - Rubi/Turquesa;True;Ativo
6.06.2.1.00;EQUIPE - SINALIZ TELEC - L10 - CHEFIA;DOFS;Manutenção;2017-11-01;;C031-Linhas: 7/10 - Rubi/Turquesa;True;Ativo
6.06.2.1.01;SINALIZAÇÃO - LINHA 10;DOFS;Manutenção;2017-11-01;;C031-Linhas: 7/10 - Rubi/Turquesa;True;Ativo
6.06.2.1.02;SINALIZAÇÃO - LINHA 7;DOFS;Manutenção;2017-11-01;2026-03-31;C007-Linha: 7 - Rubi;False;Inativo
6.06.2.1.03;SINALIZAÇÃO - LINHA 10;DOFS;Manutenção;2017-11-01;;C010-Linha: 10 - Turquesa;True;Ativo
6.06.2.1.04;TELECOMUNICAÇÃO - LINHA 7;DOFS;Manutenção;2017-11-01;2026-03-31;C007-Linha: 7 - Rubi;False;Inativo
6.06.2.1.05;TELECOMUNICAÇÃO - LINHA 10;DOFS;Manutenção;2017-11-01;;C031-Linhas: 7/10 - Rubi/Turquesa;True;Ativo
6.06.2.1.06;TELECOMUNICAÇÃO - L. 7/10/11/12/13;DOFS;Manutenção;2017-11-01;;C041-Todas as Linhas Operacionais;True;Ativo
6.06.2.2;EQUIPE - SINALIZ TELEC - 8 / 9 - CHEFIA;DOFS;Manutenção;2017-11-01;2022-03-31;C032-Linhas: 8/9 - Diamante/Esmeralda;False;Inativo
6.06.2.2.00;EQUIPE - SINALIZ TELEC - 8 / 9 - CHEFIA;DOFS;Manutenção;2017-11-01;2022-03-31;C032-Linhas: 8/9 - Diamante/Esmeralda;False;Inativo
6.06.2.2.01;SINALIZAÇÃO - LINHAS 8 / 9;DOFS;Manutenção;2017-11-01;2022-03-31;C032-Linhas: 8/9 - Diamante/Esmeralda;False;Inativo
6.06.2.2.02;TELECOMUNICAÇÃO - LINHAS 8 / 9;DOFS;Manutenção;2017-11-01;2022-03-31;C032-Linhas: 8/9 - Diamante/Esmeralda;False;Inativo
6.06.2.2.50;SINALIZAÇÃO - LINHA 8;DOFS;Manutenção;2017-11-01;2022-03-31;C008-Linha: 8 - Diamante;False;Inativo
6.06.2.2.51;SINALIZAÇÃO - LINHA 9;DOFS;Manutenção;2017-11-01;2022-03-31;C009-Linha: 9 - Esmeralda;False;Inativo
6.06.2.3;EQUIPE - SINALIZ TELEC. 11/12/13 -CHEFIA;DOFS;Manutenção;2017-11-01;;C033-Linhas: 11/12 - Coral/Safira;True;Ativo
6.06.2.3.01;EQUIPE - SINALIZ TELEC. 11/12/13 -CHEFIA;DOFS;Manutenção;2017-11-01;;C038-Linhas: 11/12/13 - Coral/Safira/Jade;True;Ativo
6.06.2.3.02;SINALIZAÇÃO - LINHA 11;DOFS;Manutenção;2017-11-01;;C011-Linha: 11 - Coral;True;Ativo
6.06.2.3.03;SINALIZAÇÃO - LINHA 12;DOFS;Manutenção;2017-11-01;;C012-Linha: 12 - Safira;True;Ativo
6.06.2.3.04;TELECOMUNICAÇÃO - LINHAS 11 / 12;DOFS;Manutenção;2017-11-01;;C033-Linhas: 11/12 - Coral/Safira;True;Ativo
6.06.3;DEPTO DE MANUTENÇÃO DE SISTEMAS AUXILIAR;DOFA;Manutenção;2017-11-01;;C041-Todas as Linhas Operacionais;True;Ativo
6.06.3.0;DEPTO DE MANUTENÇÃO DE SISTEMAS AUXILIAR;DOFA;Manutenção;2017-11-01;;C041-Todas as Linhas Operacionais;True;Ativo
6.06.3.0.00;DEPTO DE MANUTENÇÃO DE SISTEMAS AUXILIAR;DOFA;Manutenção;2017-11-01;2026-04-30;C041-Todas as Linhas Operacionais;False;Inativo
6.06.3.1;MANUT DO CENTRO DE CONTROLE - CCO BRAS;DOFA;Manutenção;2017-11-01;2019-04-30;C041-Todas as Linhas Operacionais;False;Inativo
6.06.3.1.00;MANUT DO CENTRO DE CONTROLE - CCO BRAS;DOFA;Manutenção;2017-11-01;2019-04-30;C041-Todas as Linhas Operacionais;False;Inativo
6.06.3.2;CIM - CENTRO DE INF. DA MANUTENÇÃO;DOFA;Manutenção;2017-11-01;2019-04-30;C041-Todas as Linhas Operacionais;False;Inativo
6.06.3.2.00;CIM - CENTRO DE INF. DA MANUTENÇÃO;DOFA;Manutenção;2017-11-01;2019-04-30;C041-Todas as Linhas Operacionais;False;Inativo
6.05.4.7;EQUIPE DE LOCOMOTIVAS - LINHAS 11/12/13;DOVF;Manutenção;2022-06-01;;C038-Linhas: 11/12/13 - Coral/Safira/Jade;True;Ativo
6.05.5.2.04;SOLDAS E EQUIPAMENTOS-SÃO CAETANO-L 7/10;DOVL;Manutenção;2022-06-01;2023-02-28;C031-Linhas: 7/10 - Rubi/Turquesa;False;Inativo
4.09.3;DEPTO IMPLANTAÇÃO DE SISTEMA-EXPANSÃO;DEDS;Administrativo;2019-02-01;;C081-Administração;True;Ativo
5.02.1.4.00;CONTROLE DE TRÁFEGO-CCO LINHAS 11/12/13;DOCP;Operacional;2018-03-01;;C038-Linhas: 11/12/13 - Coral/Safira/Jade;True;Ativo
5.02.7;DEPTO DE CIRCULAÇÃO - LINHAS 11/12/13;DOC3;Operacional;2018-03-01;;C038-Linhas: 11/12/13 - Coral/Safira/Jade;True;Ativo
5.02.7.1;EQUIPE TRAÇÃO - LINHAS 11/12/13;DOC3;Operacional;2018-03-01;;C013-Linha: 13 - Jade;True;Ativo
5.02.7.0;DEPTO DE CIRCULAÇÃO - LINHAS 11/12/13;DOC3;Operacional;2018-03-01;;C013-Linha: 13 - Jade;True;Ativo
5.02.7.2;MOVIMENTO DE TRENS - LINHAS 11/12/13;DOC3;Operacional;2018-03-01;;C013-Linha: 13 - Jade;True;Ativo
5.02.7.0.00;DEPTO DE CIRCULAÇÃO - LINHAS 11/12/13;DOC3;Operacional;2018-03-01;2025-10-31;C038-Linhas: 11/12/13 - Coral/Safira/Jade;False;Inativo
5.02.7.1.00;EQUIPE TRAÇÃO - LINHAS 11/12/13;DOC3;Operacional;2018-03-01;2025-10-31;C038-Linhas: 11/12/13 - Coral/Safira/Jade;False;Inativo
5.02.7.2.00;MOVIMENTO DE TRENS - LINHAS 11/12/13;DOC3;Operacional;2018-03-01;2025-10-31;C038-Linhas: 11/12/13 - Coral/Safira/Jade;False;Inativo
5.02.7.2.01;MOVIMENTO DE TRENS - LINHA 11;DOC3;Operacional;2018-03-01;2025-10-31;C011-Linha: 11 - Coral;False;Inativo
5.02.7.2.02;MOVIMENTO DE TRENS - LINHA 12;DOC3;Operacional;2018-03-01;2025-10-31;C012-Linha: 12 - Safira;False;Inativo
5.02.7.2.03;MOVIMENTO DE TRENS - LINHA 13;DOC3;Operacional;2018-03-01;2025-10-31;C013-Linha: 13 - Jade;False;Inativo
5.03.2.4;SEGURANÇA OPERACIONAL - LINHA 11/12/13;DOSV;Operacional;2018-03-01;;C038-Linhas: 11/12/13 - Coral/Safira/Jade;True;Ativo
5.03.2.4.01;SEGURANÇA OPERACIONAL - LINHA 11/12/13;DOSV;Operacional;2018-03-01;2025-10-31;C038-Linhas: 11/12/13 - Coral/Safira/Jade;False;Inativo
5.03.2.4.02;EQUIPE DE SEGURANÇA - LINHA 11;DOSV;Operacional;2018-03-01;2025-10-31;C011-Linha: 11 - Coral;False;Inativo
5.03.2.4.03;EQUIPE DE SEGURANÇA - LINHA 12;DOSV;Operacional;2018-03-01;2025-10-31;C012-Linha: 12 - Safira;False;Inativo
5.03.2.4.04;EQUIPE DE SEGURANÇA - LINHA 13;DOSV;Operacional;2018-03-01;2025-10-31;C013-Linha: 13 - Jade;False;Inativo
5.05.7;DEPTO OPERAÇÕES E SERVIÇOS-LINHAS 12/13;DOEF;Operacional;2018-03-01;2019-03-31;C034-Linhas: 12/13 - Safira/Jade;False;Inativo
5.05.7.0;DEPTO OPERAÇÕES E SERVIÇOS-LINHAS 12/13;DOEF;Operacional;2018-03-01;2019-03-31;C034-Linhas: 12/13 - Safira/Jade;False;Inativo
5.05.7.0.00;DEPTO OPERAÇÕES E SERVIÇOS-LINHAS 12/13;DOEF;Operacional;2018-03-01;2019-03-31;C034-Linhas: 12/13 - Safira/Jade;False;Inativo
5.05.7.1;ESTAÇÕES LINHA 12;DOEF;Operacional;2018-03-01;2019-03-31;C012-Linha: 12 - Safira;False;Inativo
5.05.7.1.01;ESTAÇÃO BRÁS;BAS;Operacional;2018-03-01;2019-03-31;C012-Linha: 12 - Safira;False;Inativo
5.05.7.1.02;ESTAÇÃO TATUAPÉ;TAT;Operacional;2018-03-01;2019-03-31;C012-Linha: 12 - Safira;False;Inativo
5.05.7.1.04;ESTAÇÃO ENG. GOULART (12/13);EGO;Operacional;2018-03-01;2019-03-31;C012-Linha: 12 - Safira;False;Inativo
5.05.7.1.05;ESTAÇÃO USP LESTE;USL;Operacional;2018-03-01;2019-03-31;C012-Linha: 12 - Safira;False;Inativo
5.05.7.1.06;ESTAÇÃO COMENDADOR ERMELINO;ERM;Operacional;2018-03-01;2019-03-31;C012-Linha: 12 - Safira;False;Inativo
5.05.7.1.07;ESTAÇÃO SÃO MIGUEL PAULISTA;SMP;Operacional;2018-03-01;2019-03-31;C012-Linha: 12 - Safira;False;Inativo
5.05.7.1.08;ESTAÇÃO JARDIM HELENA-VILA MARA;JHE;Operacional;2018-03-01;2019-03-31;C012-Linha: 12 - Safira;False;Inativo
5.05.7.1.09;ESTAÇÃO ITAIM PAULISTA;ITI;Operacional;2018-03-01;2019-03-31;C012-Linha: 12 - Safira;False;Inativo
5.05.7.1.10;ESTAÇÃO JARDIM ROMANO;JRO;Operacional;2018-03-01;2019-03-31;C012-Linha: 12 - Safira;False;Inativo
5.05.7.1.11;ESTAÇÃO ENG. MANOEL FEIO;EMF;Operacional;2018-03-01;2019-03-31;C012-Linha: 12 - Safira;False;Inativo
5.05.7.1.12;ESTAÇÃO ITAQUAQUECETUBA;IQC;Operacional;2018-03-01;2019-03-31;C012-Linha: 12 - Safira;False;Inativo
5.05.7.1.13;ESTAÇÃO ARACARÉ;ARC;Operacional;2018-03-01;2019-03-31;C012-Linha: 12 - Safira;False;Inativo
5.05.7.1.14;ESTAÇÃO CALMON VIANA;CVN;Operacional;2018-03-01;2019-03-31;C012-Linha: 12 - Safira;False;Inativo
5.05.7.2;ESTAÇÕES LINHA 13;DOEF;Operacional;2018-03-01;2019-03-31;C013-Linha: 13 - Jade;False;Inativo
5.05.7.2.02;ESTAÇÃO GUARULHOS - CECAP LINHA 13;GCE;Operacional;2018-03-01;2019-03-31;C013-Linha: 13 - Jade;False;Inativo
5.05.7.2.03;ESTAÇÃO AEROPORTO - GUARULHOS LINHA 13;AGU;Operacional;2018-03-01;2019-03-31;C013-Linha: 13 - Jade;False;Inativo
2.08.5.0;DEPTO DE SAÚDE OCUPAC. E SEGUR. DO TRAB.;DFHS;Administrativo;2020-11-01;2023-02-28;C081-Administração;False;Inativo
6.05.7.5;BASE DE MANUTENÇÃO CIVIL - LINHA 11;DOVC;Manutenção;2022-03-01;2024-08-31;C011-Linha: 11 - Coral;False;Inativo
4.00.2;ASSESSORIA DE COORDENAÇÃO;AEC;Administrativo;2019-02-01;2019-07-31;C081-Administração;False;Inativo
4.00.2.0;ASSESSORIA DE COORDENAÇÃO;AEC;Administrativo;2019-02-01;2019-07-31;C081-Administração;False;Inativo
4.09.0;GERÊNCIA DE EMPREENDIMENTOS-EXPANSÃO;GED;Administrativo;2019-02-01;;C081-Administração;True;Ativo
6.05.5.3;USINA DE SOLDA DE TRILHOS - PIRITUBA;DOVL;Manutenção;2019-10-01;2023-02-28;C041-Todas as Linhas Operacionais;False;Inativo
1.00.6.0.00;DEPTO DE AUDITORIA;DRAU;Administrativo;2019-06-01;;C081-Administração;True;Ativo
1.03.1.0;DEPTO CUSTOS OBRAS CIV E FORM. DE PREÇOS;DRCC;Administrativo;2019-06-01;;C081-Administração;True;Ativo
1.03.1.0.00;DEPTO CUSTOS OBRAS CIV E FORM. DE PREÇOS;DRCC;Administrativo;2019-06-01;;C081-Administração;True;Ativo
4.18.1.0.00;DEPTO DE MEIO AMBIENTE - EMPREENDIMENTOS;DEAE;Administrativo;2019-02-01;;C081-Administração;True;Ativo
5.06.3.1.02;ESTAÇÃO DOM BOSCO(EXPRESSO LESTE);DOB;Operacional;2019-04-01;2025-10-31;C011-Linha: 11 - Coral;False;Inativo
5.06.3.1.07;ESTAÇÃO POÁ;POA;Operacional;2019-04-01;2025-10-31;C011-Linha: 11 - Coral;False;Inativo
5.06.3.1.10;ESTAÇÃO BRAZ CUBAS;BCB;Operacional;2019-04-01;2025-10-31;C011-Linha: 11 - Coral;False;Inativo
5.02.4.3.01;EQUIPE DE LIMPEZA DE TRENS;DOC1;Operacional;2022-09-01;2025-10-31;C041-Todas as Linhas Operacionais;False;Inativo
6.03.6.4.00;MANUTENÇÃO DE SISTEMAS DE SINALIZAÇÃO;DORO;Manutenção;2022-04-01;;C041-Todas as Linhas Operacionais;True;Ativo
6.06.1.4;EQUIPE DE IMPLANTAÇÃO DE ENERGIA;DOFE;Manutenção;2019-11-01;;C056-Todas as Linhas Operacionais - Sistema de Energia;True;Ativo
6.06.1.1.07;REDE AÉREA - LINHA 10;DOFE;Manutenção;2022-04-01;;C051-Linhas: 7/10 - Sistema de Energia;True;Ativo
6.04.1.2.53;EQUIPE DE VIA PERMANENTE - LINHA 10;DOTV;Manutenção;2019-09-01;2023-11-30;C010-Linha: 10 - Turquesa;False;Inativo
6.04.1.2.54;EQUIPE DE VIA PERMANENTE - LINHA 11;DOTV;Manutenção;2019-09-01;2023-11-30;C011-Linha: 11 - Coral;False;Inativo
9.05.1.1.01;BILHETERIAS - LINHAS 8 / 9;PPP-8/9;Operacional;2022-02-01;2024-06-30;C090-BILHETERIAS  - LINHAS 8 / 9;False;Inativo
6.03.4.0.53;EQUIPE MAN.E OPE DE MAQ E EQUIPAM VP-L12;DORO;Manutenção;2022-03-01;2022-03-31;C012-Linha: 12 - Safira;False;Inativo
5.06.2.1.12;ESTAÇÃO SANTA TEREZINHA;STE;Operacional;2019-04-01;2022-02-28;C008-Linha: 8 - Diamante;False;Inativo
5.06.3.1.08;ESTAÇÃO SUZANO;SUZ;Operacional;2019-04-01;2025-10-31;C011-Linha: 11 - Coral;False;Inativo
6.04.0.3.00;EQUIPE DE APOIO TÉCNICO;GOT;Manutenção;2020-07-01;;C041-Todas as Linhas Operacionais;True;Ativo
4.09.2.0;DEPTO MONT. VP. E REDE AÉREA-EXPANSÃO;DEDM;Administrativo;2019-02-01;;C081-Administração;True;Ativo
3.00.2.0.00;DEPTO DE PLANEJ DA MOBILIDADE E PESQUISA;DPEP;Administrativo;2020-06-01;2022-05-31;C081-Administração;False;Inativo
5.06.3.0.00;DEPTO DE ESTAÇÕES E SERVIÇOS - 11/12/13;DOE3;Operacional;2019-04-01;2025-10-31;C038-Linhas: 11/12/13 - Coral/Safira/Jade;False;Inativo
1.08.1.0;DEPTO DE CONFORMIDADES E CONTROL INTERNO;DRIC;Administrativo;2019-02-01;2022-05-31;C081-Administração;False;Inativo
5.06.1;DEPTO DE ESTAÇÕES E SERVIÇOS - L 7/10;DOE1;Operacional;2019-04-01;;C031-Linhas: 7/10 - Rubi/Turquesa;True;Ativo
5.06.1.0;DEPTO DE ESTAÇÕES E SERVIÇOS - L 7/10;DOE1;Operacional;2019-04-01;;C031-Linhas: 7/10 - Rubi/Turquesa;True;Ativo
5.06.1.0.00;DEPTO DE ESTAÇÕES E SERVIÇOS - L 7/10;DOE1;Operacional;2019-04-01;2025-10-31;C031-Linhas: 7/10 - Rubi/Turquesa;False;Inativo
9.05.1;BILHETERIAS - LINHAS 8 / 9;PPP-8/9;Produtivo;2022-02-01;2024-06-30;C090-BILHETERIAS  - LINHAS 8 / 9;False;Inativo
1.06.2;DEPTO DE GESTÃO DE RISCOS;DRER;Administrativo;2018-11-01;2019-01-31;C081-Administração;False;Inativo
1.06.2.0;DEPTO DE GESTÃO DE RISCOS;DRER;Administrativo;2018-11-01;2019-01-31;C081-Administração;False;Inativo
1.06.2.0.00;DEPTO DE GESTÃO DE RISCOS;DRER;Administrativo;2018-11-01;2019-01-31;C081-Administração;False;Inativo
6.05.6;DEPTO DE MANUTENÇÃO CIVIL;DOVC;Manutenção;2019-04-01;2020-10-31;C041-Todas as Linhas Operacionais;False;Inativo
1.07.5.0.00;DEPTO DE MARKETING;DRMK;Administrativo;2020-11-01;;C081-Administração;True;Ativo
6.05.5.0;DEPTO DE MANUTENÇÃO DE VIA PERMANTE;DOVL;Manutenção;2019-04-01;;C036-Linhas: 10/11/12/13 - Turquesa/Coral/Safira/Jade;True;Ativo
6.05.6.0.00;DEPTO DE MANUTENÇÃO CIVIL;DOVC;Manutenção;2019-04-01;2020-10-31;C041-Todas as Linhas Operacionais;False;Inativo
6.03.4.0.52;EQUIPE MAN.E OPE DE MAQ E EQUIPAM VP-L11;DORO;Manutenção;2022-03-01;2022-03-31;C011-Linha: 11 - Coral;False;Inativo
3.08.2;DEPARTAMENTO DE GESTÃO DE TERRITÓRIO;DPMT;Administrativo;2022-06-01;;C081-Administração;True;Ativo
5.06.2.1.10;ESTAÇÃO GENERAL MIGUEL COSTA;GMC;Operacional;2019-04-01;2022-02-28;C008-Linha: 8 - Diamante;False;Inativo
5.06.1.1.14;ESTAÇÃO CAMPO LIMPO PAULISTA;CLP;Operacional;2019-04-01;2025-10-31;C007-Linha: 7 - Rubi;False;Inativo
4.10.3.0;DEPARTAMENTO DE SISTEMAS DE ENERGIA;DETE;Administrativo;2019-02-01;;C081-Administração;True;Ativo
4.18.0.0;GERÊNCIA DE MEIO AMBIENTE;GEA;Administrativo;2019-02-01;;C081-Administração;True;Ativo
4.18.0.0.00;GERÊNCIA DE MEIO AMBIENTE;GEA;Administrativo;2019-02-01;;C081-Administração;True;Ativo
5.06.1.1.13;ESTAÇÃO BOTUJURU;BTJ;Operacional;2019-04-01;2025-10-31;C007-Linha: 7 - Rubi;False;Inativo
6.05.7.7;BASE DE PRONTIDÃO CIVIL;DOVC;Manutenção;2022-03-01;2024-08-31;C041-Todas as Linhas Operacionais;False;Inativo
4.21.1.0.00;DEPARTAMENTO OBRAS CIVIS;DEFC;Administrativo;2022-06-01;;C081-Administração;True;Ativo
4.19.1.0;DEPTO DE PROJETOS DE INFRAESTRUTURA;DEPI;Administrativo;2019-02-01;;C081-Administração;True;Ativo
5.06.2.2.08;ESTAÇÃO CIDADE JARDIM;CJD;Operacional;2019-04-01;2022-02-28;C009-Linha: 9 - Esmeralda;False;Inativo
5.06.2.2.09;ESTAÇÃO VILA OLIMPIA;VOL;Operacional;2019-04-01;2022-02-28;C009-Linha: 9 - Esmeralda;False;Inativo
1.07.3.0.00;DEPTO DE IMPRENSA;DRMI;Administrativo;2019-10-01;;C081-Administração;True;Ativo
4.10.3;DEPARTAMENTO DE SISTEMAS DE ENERGIA;DETE;Administrativo;2019-02-01;;C081-Administração;True;Ativo
1.08.2.0;DEPTO DE GESTÃO DE RISCOS E CONTROLE INTERNO;DRIR;Administrativo;2019-02-01;;C081-Administração;True;Ativo
4.10.0.0;GERÊNCIA DE EMPREENDIMENTOS - SISTEMAS;GET;Administrativo;2019-02-01;;C081-Administração;True;Ativo
4.10.1.0;DEPTO DE SINALIZAÇÃO E TELECOMUNICAÇÕES;DETA;Administrativo;2019-02-01;;C081-Administração;True;Ativo
6.05.5.4;OPERAÇÃO MECANIZADA INFRAESTRUTURA DE VP;DOVL;Manutenção;2019-10-01;2023-02-28;C041-Todas as Linhas Operacionais;False;Inativo
6.06.1.3.07;REDE AÉREA - LINHAS 11 / 12 / 13;DOFE;Manutenção;2018-06-01;;C055-Linhas: 11/12/13 - Sistema de Energia;True;Ativo
6.06.2.3.05;TELECOMUNICAÇÃO - LINHAS 11 / 12 / 13;DOFS;Manutenção;2018-06-01;;C038-Linhas: 11/12/13 - Coral/Safira/Jade;True;Ativo
6.06.2.3.06;SINALIZAÇÃO - LINHAS 12 / 13;DOFS;Manutenção;2018-06-01;;C034-Linhas: 12/13 - Safira/Jade;True;Ativo
5.06.1.1.12;ESTAÇÃO FRANCISCO MORATO;FMO;Operacional;2019-04-01;2025-10-31;C007-Linha: 7 - Rubi;False;Inativo
5.06.1.2.01;ESTAÇÃO LUZ;LUZ;Operacional;2019-04-01;2025-10-31;C043-Linhas: 7/11 - Rubi/Coral;False;Inativo
5.06.1.2.02;ESTAÇÃO MOOCA;MOC;Operacional;2019-04-01;2025-10-31;C010-Linha: 10 - Turquesa;False;Inativo
6.05.4.3.00;OPER MECANIZADA DE INFRA E SUPERESTR VP;DOVF;Manutenção;2019-10-01;2026-04-30;C041-Todas as Linhas Operacionais;False;Inativo
4.10;GERÊNCIA DE EMPREENDIMENTOS - SISTEMAS;GET;Administrativo;2019-02-01;;C081-Administração;True;Ativo
6.03.3.1.52;ABRIGO EG. S. PAULO - LINHA 13;DORE;Manutenção;2019-06-01;2026-04-30;C013-Linha: 13 - Jade;False;Inativo
6.03.5.1;MAN. LOCOMOTIVAS, VAGÕES E TREM TURÍSTIC;DORV;Manutenção;2022-04-01;;C039-Linhas: 7/10/11/12 - Rubi/Turquesa/Coral/Safira;True;Ativo
4.20.2;DEPARTAMENTO DE OBRAS CIVIS;DEOC;Administrativo;2019-02-01;2022-05-31;C081-Administração;False;Inativo
4.20.2.0.00;DEPARTAMENTO DE OBRAS CIVIS;DEOC;Administrativo;2019-02-01;2022-05-31;C081-Administração;False;Inativo
9.05;PPP CONCESSÕES - CUSTOS DA COMPANHIA;PPP-8/9;Produtivo;2022-02-01;;C090-BILHETERIAS  - LINHAS 8 / 9;True;Ativo
5.02.4.3.00;EQUIPE FISCALIZAÇÃO DE LIMPEZA DE TREM;DOC1;Operacional;2022-09-01;2025-10-31;C041-Todas as Linhas Operacionais;False;Inativo
6.05.7.3.00;BASE DE MANUTENÇÃO CIVIL - LINHA 9;DOVC;Manutenção;2020-11-01;2022-02-28;C009-Linha: 9 - Esmeralda;False;Inativo
9.06.1.1;ESTRUTURAS DESATIVADAS - CUSTOS;MEDC;Operacional;2022-04-01;;C092-ESTRUTURAS DESATIVADAS;True;Ativo
3.01.1;DEPTO DE PLANEJAMENTO DE TRANSPORTE;DPTT;Administrativo;2012-05-01;2019-01-31;C081-Administração;False;Inativo
3.01.1.0;DEPTO DE PLANEJAMENTO DE TRANSPORTE;DPTT;Administrativo;2012-05-01;2019-01-31;C081-Administração;False;Inativo
6.05.4.2;EQUIPE - INFRA E SUPEREST. VP - P. ALTIN;DOVF;Manutenção;2019-04-01;2022-03-31;C032-Linhas: 8/9 - Diamante/Esmeralda;False;Inativo
6.03.5.3.00;MANUTENÇÃO INDUSTRIAL - LAPA;DORV;Manutenção;2022-04-01;2026-04-30;C041-Todas as Linhas Operacionais;False;Inativo
4.10.2;DEPTO DE PROJETOS DE IMPLANTAÇÃO DE SIST;DETO;Administrativo;2019-02-01;;C081-Administração;True;Ativo
4.10.2.0;DEPTO DE PROJETOS DE IMPLANTAÇÃO DE SIST;DETO;Administrativo;2019-02-01;;C081-Administração;True;Ativo
2.08.4.0.00;DEPTO DE SEG. DO TRAB. E RELAÇÕES SINDIC;DFHR;Administrativo;2019-08-01;2020-10-31;C081-Administração;False;Inativo
6.04.2.2.00;EQUIPE ENG. MANUT. TRENS;DOTM;Manutenção;2019-09-01;;C041-Todas as Linhas Operacionais;True;Ativo
6.07.1.2;EQUIPE DE ALMOXARIFADO - PRES ALTINO;DOLA;Manutenção;2019-11-01;;C041-Todas as Linhas Operacionais;True;Ativo
3.06.1.0.00;DEPTO DE MONITORAMENTO ESTRATÉGICO;DPEM;Administrativo;2019-02-01;2020-05-31;C081-Administração;False;Inativo
3.00.2;DEPTO DE PLANEJ DA MOBILIDADE E PESQUISA;DPEP;Administrativo;2020-06-01;2022-05-31;C081-Administração;False;Inativo
5.06.2.2.03;ESTAÇÃO CEASA;CEA;Operacional;2019-04-01;2022-02-28;C009-Linha: 9 - Esmeralda;False;Inativo
5.06.2.2.05;ESTAÇÃO CIDADE UNIVERSITÁRIA;USP;Operacional;2019-04-01;2022-02-28;C009-Linha: 9 - Esmeralda;False;Inativo
5.06.2.2.07;ESTAÇÃO HEBRAICA / REBOUÇAS;HBR;Operacional;2019-04-01;2022-02-28;C009-Linha: 9 - Esmeralda;False;Inativo
5.06.2.2.12;ESTAÇÃO GRANJA JULIETA;GJT;Operacional;2019-04-01;2022-02-28;C009-Linha: 9 - Esmeralda;False;Inativo
5.06.2.2.13;ESTAÇÃO SANTO AMARO;SAM;Operacional;2019-04-01;2022-02-28;C009-Linha: 9 - Esmeralda;False;Inativo
5.06.2.2.14;ESTAÇÃO SOCORRO;SOC;Operacional;2019-04-01;2022-02-28;C009-Linha: 9 - Esmeralda;False;Inativo
2.08.6.0.00;DEPARTAMENTO DE ROTINAS TRABALHISTAS;DFHT;Administrativo;2021-03-01;2023-02-28;C081-Administração;False;Inativo
5.06.1.2.10;ESTAÇÃO MAUÁ;MAU;Operacional;2019-04-01;2025-10-31;C010-Linha: 10 - Turquesa;False;Inativo
6.05.5.1.02;MANUTENÇÃO DE INFRA E SUPERESTRUT. - L12;DOVL;Manutenção;2019-04-01;2026-04-30;C012-Linha: 12 - Safira;False;Inativo
6.03.6.2.00;MANUTENÇÃO DE SISTEMAS ELETROMECÂNICOS;DORO;Manutenção;2022-04-01;;C041-Todas as Linhas Operacionais;True;Ativo
4.20.1;DEPTO MONTAG DE VIA PERMAN E REDE AÉREA;DEOV;Administrativo;2019-02-01;2022-05-31;C081-Administração;False;Inativo
6.05.0.0.03;OPERAÇÃO MECANIZADA INFRAESTRUTURA DE VP;GOV;Manutenção;2019-04-01;2019-09-30;C041-Todas as Linhas Operacionais;False;Inativo
6.06.1.5.00;TELECOMAN. SUBEST. E CABIN. SECCIONADORA;DOFE;Manutenção;2022-04-01;;C056-Todas as Linhas Operacionais - Sistema de Energia;True;Ativo
6.05.5.5;EQUIPE DE MANUT DE MÁQUINAS DE CHAVE;DOVL;Manutenção;2021-09-01;;C041-Todas as Linhas Operacionais;True;Ativo
1.03.1;DEPTO CUSTOS OBRAS CIV E FORM. DE PREÇOS;DRCC;Administrativo;2019-06-01;;C081-Administração;True;Ativo
6.04.0.5.00;EQUIPE DE ENGENHARIA DE CAMPO;GOT;Manutenção;2022-03-01;;C041-Todas as Linhas Operacionais;True;Ativo
6.05.7.4;BASE DE MANUTENÇÃO CIVIL - LINHA 10;DOVC;Manutenção;2022-03-01;2024-08-31;C010-Linha: 10 - Turquesa;False;Inativo
4.21.0.0.00;GERÊNCIA DE EMPREENDIMENTOS;GEF;Administrativo;2022-06-01;;C081-Administração;True;Ativo
4.21.1;DEPARTAMENTO OBRAS CIVIS;DEFC;Administrativo;2022-06-01;;C081-Administração;True;Ativo
6.03.6.1;MANUTENÇÃO DE SISTEMAS MECÂNICOS;DORO;Manutenção;2022-04-01;;C041-Todas as Linhas Operacionais;True;Ativo
3.00.3.0;ASSESSORIA DE REGULARIZ. DO TERRITÓRIO;APR;Administrativo;2022-06-01;;C081-Administração;True;Ativo
3.07.0.0;GERÊNCIA GESTÃO TERRIT - REGULARIZ FUNDI;GPR;Administrativo;2019-02-01;2022-05-31;C081-Administração;False;Inativo
5.06.2.2.15;ESTAÇÃO JURUBATUBA;JUR;Operacional;2019-04-01;2022-02-28;C009-Linha: 9 - Esmeralda;False;Inativo
6.04.2.3;EQUIPE ENG. MANUT. VEÍCULOS E MAQ. AUX.;DOTM;Manutenção;2019-09-01;;C041-Todas as Linhas Operacionais;True;Ativo
1.09.0;GERÊNCIA DE GOVERNANÇA CORPORATIVA;GRG;Administrativo;2021-11-01;;C081-Administração;True;Ativo
6.03.4.8.51;LABORATÓRIO - SISTEMAS ELETRÔNICOS - L10;DORO;Manutenção;2022-03-01;2022-03-31;C010-Linha: 10 - Turquesa;False;Inativo
6.03.4.8.60;LABORATÓRIO - TELECOMUNICAÇÕES - L7;DORO;Manutenção;2022-03-01;2022-03-31;C007-Linha: 7 - Rubi;False;Inativo
6.03.4.8.61;LABORATÓRIO - TELECOMUNICAÇÕES - L10;DORO;Manutenção;2022-03-01;2022-03-31;C010-Linha: 10 - Turquesa;False;Inativo
9.06.2.1.01;ESTRUTURAS DESATIVADAS - DESPESAS;MEDD;Administrativo;2022-04-01;;C092-ESTRUTURAS DESATIVADAS;True;Ativo
5.06.3.1.06;ESTAÇÃO FERRAZ DE VASCONCELOS;FVC;Operacional;2019-04-01;2025-10-31;C011-Linha: 11 - Coral;False;Inativo
6.06.3.4.00;EQUIPE - MAN E OPER DE MAQ. E EQUP - VP;DOFA;Manutenção;2019-04-01;2019-04-30;C041-Todas as Linhas Operacionais;False;Inativo
5.06.2.2.17;ESTAÇÃO PRIMAVERA-INTERLAGOS;INT;Operacional;2019-04-01;2022-02-28;C009-Linha: 9 - Esmeralda;False;Inativo
1.03.2.0;DEPTO DE CUSTOS DE SISTEMAS E SERVIÇOS;DRCS;Administrativo;2019-06-01;;C081-Administração;True;Ativo
5.01.0.4.00;EQUIPE DE GESTÃO DE CONTRATO;GOO;Operacional;2020-08-01;;C071-Custos Indiretos - Operação;True;Ativo
1.01.5.0.00;DEPTO JURID CRIMIN E PROCED INQUISITIVOS;DRJI;Administrativo;2020-11-01;;C081-Administração;True;Ativo
6.05.4.6.00;EQUIPE DE LOCOMOTIVAS - LINHAS 11/12;DOVF;Manutenção;2021-02-01;2022-05-31;C033-Linhas: 11/12 - Coral/Safira;False;Inativo
3.07.0.0.00;GERÊNCIA GESTÃO TERRIT - REGULARIZ FUNDI;GPR;Administrativo;2019-02-01;2022-05-31;C081-Administração;False;Inativo
3.07.1.0.00;DEPTO DE GESTÃO DO TERRITÓRIO;DPRG;Administrativo;2019-02-01;2022-05-31;C081-Administração;False;Inativo
5.06;GERÊNCIA DE ESTAÇÕES E SERVIÇOS;GOE;Operacional;2019-04-01;;C071-Custos Indiretos - Operação;True;Ativo
6.05.0.0.02;USINA DE SOLDA DE TLS - PIRITUBA;GOV;Manutenção;2019-04-01;2019-09-30;C041-Todas as Linhas Operacionais;False;Inativo
6.04.0.4;EQUIPE DE ADMINISTRAÇÃO E GESTÃO;GOT;Manutenção;2020-07-01;;C041-Todas as Linhas Operacionais;True;Ativo
6.06.3.5.08;CLIMATIZAÇÃO;DOFA;Manutenção;2020-07-01;2026-04-30;C041-Todas as Linhas Operacionais;False;Inativo
6.06.2.5.01;CIM - CENTRO DE INF. DA MANUTENÇÃO;DOFS;Manutenção;2019-05-01;;C041-Todas as Linhas Operacionais;True;Ativo
6.07.0;GERÊNCIA DE LOGÍSTICA;GOL;Manutenção;2019-08-01;;C041-Todas as Linhas Operacionais;True;Ativo
5.06.3.2.01;ESTAÇÃO BRÁS;BAS;Operacional;2019-04-01;2025-10-31;C039-Linhas: 7/10/11/12 - Rubi/Turquesa/Coral/Safira;False;Inativo
5.06.3.2.03;ESTAÇÃO ENG. GOULART (12/13);EGO;Operacional;2019-04-01;2025-10-31;C034-Linhas: 12/13 - Safira/Jade;False;Inativo
6.05.4.2.02;MANUTENÇÃO DE INFRA E SUPERESTRUT - L9;DOVF;Manutenção;2019-04-01;2022-03-31;C009-Linha: 9 - Esmeralda;False;Inativo
6.05.4.2.04;SOLDAS E EQUIPAMENTOS - PRES. ALTINO;DOVF;Manutenção;2019-04-01;2022-03-31;C032-Linhas: 8/9 - Diamante/Esmeralda;False;Inativo
5.01.1.0;DEPTO DE RELACIONAMENTO COM O PASSAGEIRO;DOOP;Operacional;2019-08-01;2020-08-31;C041-Todas as Linhas Operacionais;False;Inativo
2.08.6;DEPARTAMENTO DE ROTINAS TRABALHISTAS;DFHT;Administrativo;2021-03-01;2023-02-28;C081-Administração;False;Inativo
2.08.6.0;DEPARTAMENTO DE ROTINAS TRABALHISTAS;DFHT;Administrativo;2021-03-01;2023-02-28;C081-Administração;False;Inativo
6.07.1;DEPTO DE ALMOXARIFADOS;DOLA;Manutenção;2019-08-01;;C041-Todas as Linhas Operacionais;True;Ativo
9.06.1.1.01;ESTRUTURAS DESATIVADAS - CUSTOS;MEDC;Operacional;2022-04-01;;C092-ESTRUTURAS DESATIVADAS;True;Ativo
5.06.2.2.06;ESTAÇÃO PINHEIROS;PIN;Operacional;2019-04-01;2022-02-28;C009-Linha: 9 - Esmeralda;False;Inativo
6.05.6.1;EQUIPE DE MANUTENÇÃO;DOVC;Manutenção;2019-04-01;2020-10-31;C041-Todas as Linhas Operacionais;False;Inativo
1.09.0.1.00;CONSELHOS E COMITÊ DE AUDITORIA ESTATUT.;GRG;Administrativo;2022-08-01;2024-09-30;C081-Administração;False;Inativo
5.06.1.2.12;ESTAÇÃO RIBEIRÃO PIRES;RPI;Operacional;2019-04-01;2025-10-31;C010-Linha: 10 - Turquesa;False;Inativo
6.04.3.1.04;EQUIPE SISTEMAS ELETROMECÂNICOS;DOTI;Manutenção;2020-01-01;;C041-Todas as Linhas Operacionais;True;Ativo
6.05.8.2;BASE DE MANUTENÇÃO CIVIL - LINHA 11;DOVD;Manutenção;2020-11-01;2022-02-28;C011-Linha: 11 - Coral;False;Inativo
6.05.6.1.07;OFICINA CIVIL PRESIDENTE ALTINO;DOVC;Manutenção;2019-04-01;2020-10-31;C041-Todas as Linhas Operacionais;False;Inativo
3.08.0;GER PLANEJ DA MOBILID E GESTÃO DO TERRIT;GPM;Administrativo;2022-06-01;;C081-Administração;True;Ativo
5.01.0.2;NÚCLEO DE INTELIGÊNCIA;GOO;Operacional;2020-08-01;;C071-Custos Indiretos - Operação;True;Ativo
5.01.0.3;NÚCLEO DE GESTÃO DE AVCB;GOO;Operacional;2020-08-01;;C071-Custos Indiretos - Operação;True;Ativo
1.07.5;DEPTO DE MARKETING;DRMK;Administrativo;2020-11-01;;C081-Administração;True;Ativo
9.06;MOVIMENTAÇÕES EM ESTRUTURAS DESATIVADAS;MED;Produtivo;2022-04-01;;C092-ESTRUTURAS DESATIVADAS;True;Ativo
5.06.2.1;DEPTO DE ESTAÇÕES E SERVIÇOS - LINHA 8;DOE2;Operacional;2019-04-01;2022-02-28;C008-Linha: 8 - Diamante;False;Inativo
6.05.5.2.00;EQUIPE DE INFRA E SUPEREST. VP - S. CAET;DOVL;Manutenção;2019-04-01;2023-02-28;C010-Linha: 10 - Turquesa;False;Inativo
6.05.5.2.02;SOLDAS E EQUIPAMENTOS - SÃO CAETANO;DOVL;Manutenção;2019-04-01;2022-05-31;C010-Linha: 10 - Turquesa;False;Inativo
5.01.1.0.00;DEPTO DE RELACIONAMENTO COM O PASSAGEIRO;DOOP;Operacional;2019-08-01;2020-08-31;C041-Todas as Linhas Operacionais;False;Inativo
5.03.3;DEPARTAMENTO DE SEGURANÇA PATRIMONIAL;DOSP;Produtivo;2022-03-01;;C041-Todas as Linhas Operacionais;True;Ativo
6.03.4.0.51;EQUIPE MAN.E OPE DE MAQ E EQUIPAM VP-L10;DORO;Manutenção;2022-03-01;2022-03-31;C010-Linha: 10 - Turquesa;False;Inativo
3.06.1.0;DEPTO DE MONITORAMENTO ESTRATÉGICO;DPEM;Administrativo;2019-02-01;2020-05-31;C081-Administração;False;Inativo
6.03.4.8.03;OFICINA - SINALIZAÇÃO;DORO;Manutenção;2020-04-01;2022-03-31;C041-Todas as Linhas Operacionais;False;Inativo
6.05.7.0;DEPTO DE MANUT. DE ESTRUT. CIVIL;DOVC;Manutenção;2020-11-01;;C035-Linhas: 7/8/9 - Rubi/Diamante/Esmeralda;True;Ativo
3.08;GER PLANEJ DA MOBILID E GESTÃO DO TERRIT;GPM;Administrativo;2022-06-01;;C081-Administração;True;Ativo
3.07.1;DEPTO DE GESTÃO DO TERRITÓRIO;DPRG;Administrativo;2019-02-01;2022-05-31;C081-Administração;False;Inativo
4.19.4;DEPTO DE CONSIST E INOVAÇÃO DE PROJETOS;DEPG;Administrativo;2019-02-01;;C081-Administração;True;Ativo
5.06.3.2.06;ESTAÇÃO SÃO MIGUEL PAULISTA;SMP;Operacional;2019-04-01;2025-10-31;C012-Linha: 12 - Safira;False;Inativo
6.06.2.4.00;EQUIPE - LABORATÓRIOS E OFICINAS;DOFS;Manutenção;2019-05-01;2020-03-31;C041-Todas as Linhas Operacionais;False;Inativo
6.03.5.2.00;MAN. MÁQ., VEÍC. E COMPON. AUXI. VP / VA;DORV;Manutenção;2022-04-01;2026-04-30;C041-Todas as Linhas Operacionais;False;Inativo
1.07.0;GERÊNCIA DE MARKETING E COMUNICAÇÃO;GRM;Administrativo;2019-02-01;;C081-Administração;True;Ativo
1.08.2;DEPTO DE GESTÃO DE RISCOS E CONTROLE INTERNO;DRIR;Administrativo;2019-02-01;;C081-Administração;True;Ativo
5.06.2.1.17;ESTAÇÃO JANDIRA;JDI;Operacional;2019-04-01;2022-02-28;C008-Linha: 8 - Diamante;False;Inativo
5.06.2.1.20;ESTAÇÃO ITAPEVI;IPV;Operacional;2019-04-01;2022-02-28;C008-Linha: 8 - Diamante;False;Inativo
5.06.2.2.01;ESTAÇÃO OSASCO;OSA;Operacional;2019-04-01;2022-02-28;C009-Linha: 9 - Esmeralda;False;Inativo
6.04.1.2.52;EQUIPE DE VIA PERMANENTE - LINHA 9;DOTV;Manutenção;2019-09-01;2022-03-31;C009-Linha: 9 - Esmeralda;False;Inativo
5.06.1.1.10;ESTAÇÃO FRANCO DA ROCHA;FDR;Operacional;2019-04-01;2025-10-31;C007-Linha: 7 - Rubi;False;Inativo
6.05.5.1.01;MANUTENÇÃO DE INFRA E SUPERESTRUT. - L11;DOVL;Manutenção;2019-04-01;2026-04-30;C011-Linha: 11 - Coral;False;Inativo
1.00.6;DEPTO DE AUDITORIA;DRAU;Administrativo;2019-06-01;;C081-Administração;True;Ativo
1.00.6.0;DEPTO DE AUDITORIA;DRAU;Administrativo;2019-06-01;;C081-Administração;True;Ativo
3.03.2.0.00;DEPARTAMENTO DE GESTÃO DE NEGÓCIOS;DPNG;Administrativo;2021-11-01;;C081-Administração;True;Ativo
6.03.4.6.51;EQUIPE OFICINA LAPA - LINHA 10;DORO;Manutenção;2022-03-01;2022-03-31;C010-Linha: 10 - Turquesa;False;Inativo
4.21;GERÊNCIA DE EMPREENDIMENTOS;GEF;Administrativo;2022-06-01;;C081-Administração;True;Ativo
6.03.4.0.01;EQUIPE MANUT. E OPER. DE MAQ. E EQUIP VP;DORO;Manutenção;2019-04-01;2022-03-31;C041-Todas as Linhas Operacionais;False;Inativo
6.05.4.1.00;EQUIPE - INFRA E SUPERESTRUTURA VP - LAP;DOVF;Manutenção;2019-04-01;2023-02-28;C007-Linha: 7 - Rubi;False;Inativo
6.05.4.2.01;MANUTENÇÃO DE INFRA E SUPERESTRUT - L8;DOVF;Manutenção;2019-04-01;2019-04-01;C008-Linha: 8 - Diamante;False;Inativo
1.09.0.0;GERÊNCIA DE GOVERNANÇA CORPORATIVA;GRG;Administrativo;2021-11-01;;C081-Administração;True;Ativo
4.18.0;GERÊNCIA DE MEIO AMBIENTE;GEA;Administrativo;2019-02-01;;C081-Administração;True;Ativo
4.20.0;GERÊNCIA DE EMPREENDIMENTOS-MODERNIZAÇÃO;GEO;Administrativo;2019-02-01;;C081-Administração;True;Ativo
5.06.1.1.02;ESTAÇÃO LAPA 7;LPA;Operacional;2019-04-01;2025-10-31;C007-Linha: 7 - Rubi;False;Inativo
6.04.1.2.51;EQUIPE DE VIA PERMANENTE - LINHA 8;DOTV;Manutenção;2019-09-01;2022-03-31;C008-Linha: 8 - Diamante;False;Inativo
5.06.3.0;DEPTO DE ESTAÇÕES E SERVIÇOS - 11/12/13;DOE3;Operacional;2019-04-01;;C038-Linhas: 11/12/13 - Coral/Safira/Jade;True;Ativo
5.06.3.1.01;ESTAÇÃO CORINTHIANS/ITAQUERA (EXP.LESTE);ITQ;Operacional;2019-04-01;2025-10-31;C011-Linha: 11 - Coral;False;Inativo
6.04.2.3.00;EQUIPE ENG. MANUT. VEÍCULOS E MAQ. AUX.;DOTM;Manutenção;2019-09-01;;C041-Todas as Linhas Operacionais;True;Ativo
6.05.8.3;BASE DE MANUTENÇÃO CIVIL - LINHA 12/13;DOVD;Manutenção;2020-11-01;2022-02-28;C034-Linhas: 12/13 - Safira/Jade;False;Inativo
6.03.6.3.00;MANUTENÇÃO DE SISTEMAS ELETRÔNICOS;DORO;Manutenção;2022-04-01;;C041-Todas as Linhas Operacionais;True;Ativo
5.06.1.2;DEPTO DE ESTAÇÕES E SERVIÇOS - LINHA 10;DOE1;Operacional;2019-04-01;;C010-Linha: 10 - Turquesa;True;Ativo
5.06.1.2.04;ESTAÇÃO TAMANDUATEÍ;TMD;Operacional;2019-04-01;2025-10-31;C010-Linha: 10 - Turquesa;False;Inativo
5.06.2.1.03;ESTAÇÃO LAPA - 8;LAB;Operacional;2019-04-01;2022-02-28;C008-Linha: 8 - Diamante;False;Inativo
6.05.4.1;EQUIPE - INFRA E SUPERESTRUTURA VP - LAP;DOVF;Manutenção;2019-04-01;2023-02-28;C007-Linha: 7 - Rubi;False;Inativo
6.06.2.4.02;LABORATÓRIO - TELECOMUNICAÇÕES;DOFS;Manutenção;2019-05-01;2020-03-31;C041-Todas as Linhas Operacionais;False;Inativo
2.08.5;DEPTO DE SAÚDE OCUPAC. E SEGUR. DO TRAB.;DFHS;Administrativo;2020-11-01;2023-02-28;C081-Administração;False;Inativo
2.08.5.0.00;DEPTO DE SAÚDE OCUPAC. E SEGUR. DO TRAB.;DFHS;Administrativo;2020-11-01;2023-02-28;C081-Administração;False;Inativo
5.03.3.0.00;DEPARTAMENTO DE SEGURANÇA PATRIMONIAL;DOSP;Operacional;2022-03-01;2025-10-31;C041-Todas as Linhas Operacionais;False;Inativo
4.21.2.0;DEPARTAMENTO OBRAS DE SISTEMA;DEFS;Administrativo;2022-06-01;;C081-Administração;True;Ativo
5.02.4.3.02;LAVADOR CARROS BARRA FUNDA-LINHAS 7 / 10;DOC1;Operacional;2022-09-01;2025-10-31;C031-Linhas: 7/10 - Rubi/Turquesa;False;Inativo
6.05.4.0;DEPTO PLANEJ CONTROLE DE MAN DE VIA PERM;DOVF;Manutenção;2019-04-01;;C035-Linhas: 7/8/9 - Rubi/Diamante/Esmeralda;True;Ativo
6.05.4.0.00;DEPTO PLANEJ CONTROLE DE MAN DE VIA PERM;DOVF;Manutenção;2019-04-01;2026-04-30;C041-Todas as Linhas Operacionais;False;Inativo
3.00.3;ASSESSORIA DE REGULARIZ. DO TERRITÓRIO;APR;Administrativo;2022-06-01;;C081-Administração;True;Ativo
5.06.2.1.22;ESTAÇÃO AMADOR BUENO;ABU;Operacional;2019-04-01;2022-02-28;C008-Linha: 8 - Diamante;False;Inativo
5.06.3.1.03;ESTAÇÃO JOSÉ BONIFÁCIO(EXPRESSO LESTE);JBO;Operacional;2019-04-01;2025-10-31;C011-Linha: 11 - Coral;False;Inativo
1.00.5.0.00;DEPTO DE MARKETING;DRMK;Administrativo;2019-06-01;2019-09-30;C081-Administração;False;Inativo
5.01.1.1;ATENDIMENTO EMERGENCIAL;DOOP;Operacional;2019-08-01;2020-08-31;C041-Todas as Linhas Operacionais;False;Inativo
6.05.5.1;VIA PERMANENTE - LINHAS 11/12/13;DOVL;Manutenção;2019-04-01;;C033-Linhas: 11/12 - Coral/Safira;True;Ativo
2.08.0.0.00;GERÊNCIA DE DESENV. ORGANIZ. E RH;GFH;Administrativo;2019-08-01;2023-02-28;C081-Administração;False;Inativo
2.08.2;DEPTO DE PROVIMENTO E DESENV. DE PESSOAL;DFHD;Administrativo;2019-08-01;2023-02-28;C081-Administração;False;Inativo
2.08.2.0.00;DEPTO DE PROVIMENTO E DESENV. DE PESSOAL;DFHD;Administrativo;2019-08-01;2023-02-28;C081-Administração;False;Inativo
3.08.0.0.00;GER PLANEJ DA MOBILID E GESTÃO DO TERRIT;GPM;Administrativo;2022-06-01;;C081-Administração;True;Ativo
3.08.1;DEP. DE PLANEJ. DA MOBILIDADE E PESQUISA;DPMP;Administrativo;2022-06-01;;C081-Administração;True;Ativo
3.08.1.0;DEP. DE PLANEJ. DA MOBILIDADE E PESQUISA;DPMP;Administrativo;2022-06-01;;C081-Administração;True;Ativo
1.07.1.0.00;DEPTO DE MARKETING;DRMK;Administrativo;2019-02-01;2019-05-31;C081-Administração;False;Inativo
1.07.2;DEPTO DE ATENDIMENTO;DRRA;Administrativo;2019-02-01;2019-07-31;C081-Administração;False;Inativo
5.06.2.1.02;ESTAÇÃO PALMEIRAS-BARRA FUNDA;BFU;Operacional;2019-04-01;2022-02-28;C008-Linha: 8 - Diamante;False;Inativo
6.06.3.5;EQUIPE - SISTEMAS ELÉTRICOS LINHAS;DOFA;Manutenção;2019-05-01;;C041-Todas as Linhas Operacionais;True;Ativo
6.06.3.5.02;EQUIPE - SISTEMAS ELÉTRICOS LINHA 10;DOFA;Manutenção;2019-05-01;2026-04-30;C031-Linhas: 7/10 - Rubi/Turquesa;False;Inativo
2.08.1.0.00;DEPTO DE ADMINISTRAÇÃO DE PESSOAL;DFHP;Administrativo;2019-08-01;2023-02-28;C081-Administração;False;Inativo
6.07.1.1.00;EQUIPE DE ALMOXARIFADO - LAPA;DOLA;Manutenção;2019-11-01;;C041-Todas as Linhas Operacionais;True;Ativo
1.09;GERÊNCIA DE GOVERNANÇA CORPORATIVA;GRG;Administrativo;2021-11-01;;C081-Administração;True;Ativo
5.06.2.0;DEPTO DE ESTAÇÕES E SERVIÇOS - L 8/9;DOE2;Operacional;2019-04-01;2022-02-28;C032-Linhas: 8/9 - Diamante/Esmeralda;False;Inativo
5.06.2.1.01;ESTAÇÃO JÚLIO PRESTES;JPR;Operacional;2019-04-01;2022-02-28;C008-Linha: 8 - Diamante;False;Inativo
5.06.2.1.04;ESTAÇÃO DOMINGOS DE MORAES;DMO;Operacional;2019-04-01;2022-02-28;C008-Linha: 8 - Diamante;False;Inativo
6.04.1.2.56;EQUIPE DE VIA PERMANENTE - LINHA 13;DOTV;Manutenção;2019-09-01;2023-11-30;C013-Linha: 13 - Jade;False;Inativo
1.01.5;DEPTO JURID CRIMIN E PROCED INQUISITIVOS;DRJI;Administrativo;2020-11-01;;C081-Administração;True;Ativo
1.07.1.0;DEPTO DE MARKETING;DRMK;Administrativo;2019-02-01;2019-05-31;C081-Administração;False;Inativo
3.06.0.0;GERÊNCIA DE ESTRATÉGIA EMPRESARIAL;GPE;Administrativo;2019-02-01;2020-05-31;C081-Administração;False;Inativo
6.05.5;DEPTO DE MANUTENÇÃO DE VIA PERMANTE;DOVL;Manutenção;2019-04-01;;C036-Linhas: 10/11/12/13 - Turquesa/Coral/Safira/Jade;True;Ativo
5.06.1.1.09;ESTAÇÃO CAIEIRAS;CAI;Operacional;2019-04-01;2025-10-31;C007-Linha: 7 - Rubi;False;Inativo
6.05.7.1.00;BASE DE MANUTENÇÃO CIVIL - LINHA 7;DOVC;Manutenção;2020-11-01;2024-08-31;C007-Linha: 7 - Rubi;False;Inativo
6.05.8.1.00;BASE DE MANUTENÇÃO CIVIL - LINHA 10;DOVD;Manutenção;2020-11-01;2022-02-28;C010-Linha: 10 - Turquesa;False;Inativo
6.06.1.1.06;SUBESTAÇÕES - LINHA 10;DOFE;Manutenção;2022-04-01;;C051-Linhas: 7/10 - Sistema de Energia;True;Ativo
4.21.1.0;DEPARTAMENTO OBRAS CIVIS;DEFC;Administrativo;2022-06-01;;C081-Administração;True;Ativo
4.10.1.0.00;DEPTO DE SINALIZAÇÃO E TELECOMUNICAÇÕES;DETA;Administrativo;2019-02-01;;C081-Administração;True;Ativo
4.10.0;GERÊNCIA DE EMPREENDIMENTOS - SISTEMAS;GET;Administrativo;2019-02-01;;C081-Administração;True;Ativo
5.06.1.1.07;ESTAÇÃO VILA AURORA;VAU;Operacional;2019-04-01;2025-10-31;C007-Linha: 7 - Rubi;False;Inativo
1.07.4.0;DEPTO DE RELACIONAMENTO COM O PASSAGEIRO;DRMP;Administrativo;2020-09-01;;C081-Administração;True;Ativo
6.03.5.3;MANUTENÇÃO INDUSTRIAL - LAPA;DORV;Manutenção;2022-04-01;;C041-Todas as Linhas Operacionais;True;Ativo
6.03.5.4;MANUTENÇÃO INDUSTRIAL - ROOSEVELT;DORV;Manutenção;2022-04-01;;C041-Todas as Linhas Operacionais;True;Ativo
6.04.2.4.00;EQUIPE PROG. ESPECIAIS MAT. RODANTE;DOTM;Manutenção;2019-09-01;;C041-Todas as Linhas Operacionais;True;Ativo
6.04.2.5.00;EQUIPE ENG. DE PROJ. DO MATERIAL RODANTE;DOTM;Manutenção;2019-12-01;;C041-Todas as Linhas Operacionais;True;Ativo
6.05.8;DEPTO MANUT DE ESTRUT CIVIL-10/11/12/13;DOVD;Manutenção;2020-11-01;2022-02-28;C036-Linhas: 10/11/12/13 - Turquesa/Coral/Safira/Jade;False;Inativo
6.03.4.8.62;LABORATÓRIO - TELECOMUNICAÇÕES - L11;DORO;Manutenção;2022-03-01;2022-03-31;C011-Linha: 11 - Coral;False;Inativo
5.06.2.1.13;ESTAÇÃO ANTONIO JOÃO;AJO;Operacional;2019-04-01;2022-02-28;C008-Linha: 8 - Diamante;False;Inativo
6.06.2.5.02;MANUTENÇÃO DO CCO BRAS;DOFS;Manutenção;2019-05-01;;C041-Todas as Linhas Operacionais;True;Ativo
6.03.4.8.50;LABORATÓRIO - SISTEMAS ELETRÔNICOS - L7;DORO;Manutenção;2022-03-01;2022-03-31;C007-Linha: 7 - Rubi;False;Inativo
6.06.1.5;TELECOMAN. SUBEST. E CABIN. SECCIONADORA;DOFE;Manutenção;2022-04-01;;C056-Todas as Linhas Operacionais - Sistema de Energia;True;Ativo
5.06.3.2.08;ESTAÇÃO ITAIM PAULISTA;ITI;Operacional;2019-04-01;2025-10-31;C012-Linha: 12 - Safira;False;Inativo
5.06.3.2.09;ESTAÇÃO JARDIM ROMANO;JRO;Operacional;2019-04-01;2025-10-31;C012-Linha: 12 - Safira;False;Inativo
5.06.3.2.11;ESTAÇÃO ITAQUAQUECETUBA;IQC;Operacional;2019-04-01;2025-10-31;C012-Linha: 12 - Safira;False;Inativo
5.06.3.3.03;ESTAÇÃO AEROPORTO - GUARULHOS LINHA 13;AGU;Operacional;2019-04-01;2025-10-31;C013-Linha: 13 - Jade;False;Inativo
6.07.1.0;DEPTO DE ALMOXARIFADOS;DOLA;Manutenção;2019-08-01;;C041-Todas as Linhas Operacionais;True;Ativo
1.09.1.0.00;DEPTO DE GOVERNANÇA INSTITUCIONAL;DRGG;Administrativo;2021-11-01;2024-09-30;C081-Administração;False;Inativo
5.90.0.0.56;ENERGIA ELÉTRICA DE TRAÇÃO -LINHA 13;EETF;Operacional;2018-06-01;;C013-Linha: 13 - Jade;True;Ativo
5.91.1.0.56;DEPRECIAÇÃO - ESTAÇÕES - LINHA 13;DEEST;Operacional;2018-06-01;;C013-Linha: 13 - Jade;True;Ativo
5.91.2.0.61;DEPRECIAÇÃO - TUE´S E LOCOM. - LINHA 13;DETUEL;Operacional;2018-06-01;;C013-Linha: 13 - Jade;True;Ativo
6.91.1.0.56;DEPRECIAÇÃO - EDIF. DEPEND. - LINHA 13;DEEDF;Manutenção;2018-06-01;;C013-Linha: 13 - Jade;True;Ativo
6.91.2.0.56;DEPRECIAÇÃO - EQUIP. MÁQ. FERRAM. - 13;DEEQP;Manutenção;2018-06-01;;C013-Linha: 13 - Jade;True;Ativo
6.91.3.0.56;DEPRECIAÇÃO - SIST. ELÉTR. ELETRÔN. - 13;DESEL;Manutenção;2018-06-01;;C013-Linha: 13 - Jade;True;Ativo
6.91.4.0.56;DEPRECIAÇÃO - SUPERESTR. V. P. - 13;DESVP;Manutenção;2018-06-01;;C013-Linha: 13 - Jade;True;Ativo
1.07.2.2.50;ATENDIMENTO EMERGENCIAL;DRRA;Administrativo;2019-02-01;2019-07-31;C081-Administração;False;Inativo
6.06.3.5.04;EQUIPE - CD 90 HZ;DOFA;Manutenção;2019-05-01;2022-03-31;C032-Linhas: 8/9 - Diamante/Esmeralda;False;Inativo
6.07.2;DEPTO DE GESTÃO E CADASTRO DE MATERIAIS;DOLM;Manutenção;2019-08-01;;C041-Todas as Linhas Operacionais;True;Ativo
6.06.2.5.03;CLIMATIZAÇÃO - BRÁS;DOFS;Manutenção;2020-06-01;2020-06-30;C041-Todas as Linhas Operacionais;False;Inativo
5.06.1.1.01;ESTAÇÃO ÁGUA BRANCA;ABR;Operacional;2019-04-01;2025-10-31;C007-Linha: 7 - Rubi;False;Inativo
5.06.2.2.02;ESTAÇÃO PRESIDENTE ALTINO;PAL;Operacional;2019-04-01;2022-02-28;C009-Linha: 9 - Esmeralda;False;Inativo
6.05.7;DEPTO DE MANUT. DE ESTRUT. CIVIL;DOVC;Manutenção;2020-11-01;;C035-Linhas: 7/8/9 - Rubi/Diamante/Esmeralda;True;Ativo
4.19.3.0;DEPTO DE PROJETOS DE INSTAL E SISTEMAS;DEPS;Administrativo;2019-02-01;;C081-Administração;True;Ativo
5.06.1.1.16;ESTAÇÃO JUNDIAÍ;JUN;Operacional;2019-04-01;2025-10-31;C007-Linha: 7 - Rubi;False;Inativo
5.06.1.2.07;ESTAÇÃO PREFEITO SALADINO;PSA;Operacional;2019-04-01;2025-10-31;C010-Linha: 10 - Turquesa;False;Inativo
5.06.1.2.08;ESTAÇÃO PREF. CELSO DANIEL-SANTO ANDRÉ;SAN;Operacional;2019-04-01;2025-10-31;C010-Linha: 10 - Turquesa;False;Inativo
5.06.3.1.05;ESTAÇÃO ANTONIO GIANETTI NETO;AGN;Operacional;2019-04-01;2025-10-31;C011-Linha: 11 - Coral;False;Inativo
5.06.3.2.12;ESTAÇÃO ARACARÉ;ARC;Operacional;2019-04-01;2025-10-31;C012-Linha: 12 - Safira;False;Inativo
6.05.5.1.03;CORRECAO GEOMETRICA - CALMON VIANA;DOVL;Manutenção;2019-04-01;2023-02-28;C038-Linhas: 11/12/13 - Coral/Safira/Jade;False;Inativo
6.07.2.0.00;DEPTO DE GESTÃO E CADASTRO DE MATERIAIS;DOLM;Manutenção;2019-08-01;;C041-Todas as Linhas Operacionais;True;Ativo
6.03.2.1.52;ABRIGO PRES. ALTINO - LINHA 8 - PPP;DORB;Manutenção;2020-01-01;2022-03-31;C014-Linha: 8 - Diamante - PPP;False;Inativo
6.03.2.1.53;ABRIGO PRES. ALTINO - LINHA 9 - PPP;DORB;Manutenção;2020-01-01;2022-03-31;C015-Linha: 9 - Esmeralda - PPP;False;Inativo
6.03.4.0.50;EQUIPE MAN.E OPE DE MAQ E EQUIPAM VP-L7;DORO;Manutenção;2022-03-01;2022-03-31;C007-Linha: 7 - Rubi;False;Inativo
5.06.2.1.15;ESTAÇÃO JARDIM BELVAL;JBE;Operacional;2019-04-01;2022-02-28;C008-Linha: 8 - Diamante;False;Inativo
5.06.3.2.05;ESTAÇÃO COMENDADOR ERMELINO;ERM;Operacional;2019-04-01;2025-10-31;C012-Linha: 12 - Safira;False;Inativo
6.03.4.8.04;OFICINA - ELETRÔNICA - P. ALTINO;DORO;Manutenção;2020-04-01;2022-03-31;C041-Todas as Linhas Operacionais;False;Inativo
3.03.1;DEPARTAMENTO COMERCIAL;DPNC;Administrativo;2021-11-01;;C081-Administração;True;Ativo
6.03.6.1.00;MANUTENÇÃO DE SISTEMAS MECÂNICOS;DORO;Manutenção;2022-04-01;;C041-Todas as Linhas Operacionais;True;Ativo
6.05.6.0;DEPTO DE MANUTENÇÃO CIVIL;DOVC;Manutenção;2019-04-01;2020-10-31;C041-Todas as Linhas Operacionais;False;Inativo
5.06.2.0.00;DEPTO DE ESTAÇÕES E SERVIÇOS - L 8/9;DOE2;Operacional;2019-04-01;2022-02-28;C032-Linhas: 8/9 - Diamante/Esmeralda;False;Inativo
5.06.2.1.14;ESTAÇÃO BARUERI;BRU;Operacional;2019-04-01;2022-02-28;C008-Linha: 8 - Diamante;False;Inativo
5.06.3.2.07;ESTAÇÃO JARDIM HELENA-VILA MARA;JHE;Operacional;2019-04-01;2025-10-31;C012-Linha: 12 - Safira;False;Inativo
5.06.2.2.19;ESTAÇÃO JOÃO DIAS;JOD;Operacional;2021-06-01;2022-02-28;C009-Linha: 9 - Esmeralda;False;Inativo
5.06.2.2.20;ESTAÇÃO MENDES - VILA NATAL;MVN;Operacional;2021-06-01;2022-02-28;C009-Linha: 9 - Esmeralda;False;Inativo
9.05.1.1;BILHETERIAS - LINHAS 8 / 9;PPP-8/9;Operacional;2022-02-01;2024-06-30;C090-BILHETERIAS  - LINHAS 8 / 9;False;Inativo
5.01.0.3.00;NÚCLEO DE GESTÃO DE AVCB;GOO;Operacional;2020-08-01;;C071-Custos Indiretos - Operação;True;Ativo
5.01.0.4;EQUIPE DE GESTÃO DE CONTRATO;GOO;Operacional;2020-08-01;;C071-Custos Indiretos - Operação;True;Ativo
5.06.3.2.04;ESTAÇÃO USP LESTE;USL;Operacional;2019-04-01;2025-10-31;C012-Linha: 12 - Safira;False;Inativo
6.03.3.2.52;PÓRTICOS ROOSEVELT - LINHA 13;DORE;Manutenção;2019-06-01;2019-06-30;C013-Linha: 13 - Jade;False;Inativo
3.03.2;DEPARTAMENTO DE GESTÃO DE NEGÓCIOS;DPNG;Administrativo;2021-11-01;;C081-Administração;True;Ativo
6.06.2.4.04;OFICINA - ELETRÔNICA - P. ALTINO;DOFS;Manutenção;2019-05-01;2020-03-31;C041-Todas as Linhas Operacionais;False;Inativo
1.08.0.0.00;GER. DE GOVERNANÇA, CONTROLES INTERNOS E GESTÃO DE RISCOS;GRI;Administrativo;2019-02-01;;C081-Administração;True;Ativo
1.00.7;ASSESSORIA DE GESTÃO ESTRAT. EMPRESARIAL;ARE;Administrativo;2020-06-01;;C081-Administração;True;Ativo
6.05.7.1;BASE DE MANUTENÇÃO CIVIL - LINHA 7;DOVC;Manutenção;2020-11-01;2024-08-31;C007-Linha: 7 - Rubi;False;Inativo
6.05.5.5.05;MAN PREVENT DE AMV/MAQ DE CHAVE-11/12/13;DOVL;Manutenção;2022-06-01;2026-04-30;C038-Linhas: 11/12/13 - Coral/Safira/Jade;False;Inativo
6.06.1.2.05;SUBESTAÇÕES - LINHAS 9;DOFE;Manutenção;2018-03-01;2022-03-31;C009-Linha: 9 - Esmeralda;False;Inativo
6.06.1.2.04;SUBESTAÇÕES - LINHAS 8;DOFE;Manutenção;2018-03-01;2022-03-31;C008-Linha: 8 - Diamante;False;Inativo
4.09.0.0.00;GERÊNCIA DE EMPREENDIMENTOS-EXPANSÃO;GED;Administrativo;2019-02-01;;C081-Administração;True;Ativo
4.09.1.0;DEPTO DE OBRAS CIVIS - EXPANSÃO;DEDC;Administrativo;2019-02-01;;C081-Administração;True;Ativo
5.06.2.2.04;ESTAÇÃO VILLA LOBOS-JAGUARÉ;JAG;Operacional;2019-04-01;2022-02-28;C009-Linha: 9 - Esmeralda;False;Inativo
5.06.3;DEPTO DE ESTAÇÕES E SERVIÇOS - 11/12/13;DOE3;Operacional;2019-04-01;;C038-Linhas: 11/12/13 - Coral/Safira/Jade;True;Ativo
5.06.3.2;DEPTO DE ESTAÇÕES E SERVIÇOS - LINHA 12;DOE3;Operacional;2019-04-01;;C012-Linha: 12 - Safira;True;Ativo
6.05.5.2;EQUIPE DE INFRA E SUPEREST. VP - S. CAET;DOVL;Manutenção;2019-04-01;;C010-Linha: 10 - Turquesa;True;Ativo
6.05.5.2.01;CORRECAO GEOMETRICA - SÃO CAETANO;DOVL;Manutenção;2019-04-01;2022-05-31;C010-Linha: 10 - Turquesa;False;Inativo
2.08.0.0;GERÊNCIA DE DESENV. ORGANIZ. E RH;GFH;Administrativo;2019-08-01;2023-02-28;C081-Administração;False;Inativo
2.08.1;DEPTO DE ADMINISTRAÇÃO DE PESSOAL;DFHP;Administrativo;2019-08-01;2023-02-28;C081-Administração;False;Inativo
2.08.1.0;DEPTO DE ADMINISTRAÇÃO DE PESSOAL;DFHP;Administrativo;2019-08-01;2023-02-28;C081-Administração;False;Inativo
6.05.7.2;BASE DE MANUTENÇÃO CIVIL - LINHA 8;DOVC;Manutenção;2020-11-01;2022-02-28;C008-Linha: 8 - Diamante;False;Inativo
9.06.2.1;ESTRUTURAS DESATIVADAS - DESPESAS;MEDD;Administrativo;2022-04-01;;C092-ESTRUTURAS DESATIVADAS;True;Ativo
6.05.7.3;BASE DE MANUTENÇÃO CIVIL - LINHA 9;DOVC;Manutenção;2020-11-01;2022-02-28;C009-Linha: 9 - Esmeralda;False;Inativo
6.05.5.2.03;CORREÇÃO GEOMETRICA-SÃO CAETANO - L 7/10;DOVL;Manutenção;2022-06-01;2023-02-28;C031-Linhas: 7/10 - Rubi/Turquesa;False;Inativo
2.03.1.0.01;DEPTO DE DES. E APLIC. SISTEM - DEPREC;DFIS;Administrativo;2019-05-01;;C081-Administração;True;Ativo
6.03.6.2;MANUTENÇÃO DE SISTEMAS ELETROMECÂNICOS;DORO;Manutenção;2022-04-01;;C041-Todas as Linhas Operacionais;True;Ativo
1.01.4.0.00;DEPTO JURÍDICO LICITAÇÕES E CONTR EXTERN;DRJL;Administrativo;2019-03-01;2026-04-30;C081-Administração;False;Inativo
5.06.3.2.10;ESTAÇÃO ENG. MANOEL FEIO;EMF;Operacional;2019-04-01;2025-10-31;C012-Linha: 12 - Safira;False;Inativo
2.08.3;DEPTO DE SAÚDE OCUPACIONAL INTEGRAL;DFHO;Administrativo;2019-08-01;2020-10-31;C081-Administração;False;Inativo
4.21.0.0;GERÊNCIA DE EMPREENDIMENTOS;GEF;Administrativo;2022-06-01;;C081-Administração;True;Ativo
3.07;GERÊNCIA GESTÃO TERRIT - REGULARIZ FUNDI;GPR;Administrativo;2019-02-01;2022-05-31;C081-Administração;False;Inativo
6.03.4.8.53;LABORATÓRIO - SISTEMAS ELETRÔNICOS - L12;DORO;Manutenção;2022-03-01;2022-03-31;C012-Linha: 12 - Safira;False;Inativo
4.21.0;GERÊNCIA DE EMPREENDIMENTOS;GEF;Administrativo;2022-06-01;;C081-Administração;True;Ativo
3.07.1.0;DEPTO DE GESTÃO DO TERRITÓRIO;DPRG;Administrativo;2019-02-01;2022-05-31;C081-Administração;False;Inativo
5.06.1.2.13;ESTAÇÃO RIO GRANDE DA SERRA;RGS;Operacional;2019-04-01;2025-10-31;C010-Linha: 10 - Turquesa;False;Inativo
6.06.2.4.03;OFICINA - SINALIZAÇÃO;DOFS;Manutenção;2019-05-01;2020-03-31;C041-Todas as Linhas Operacionais;False;Inativo
3.08.2.0;DEPARTAMENTO DE GESTÃO DE TERRITÓRIO;DPMT;Administrativo;2022-06-01;;C081-Administração;True;Ativo
1.08.1;DEPTO DE CONFORMIDADES E CONTROL INTERNO;DRIC;Administrativo;2019-02-01;2022-05-31;C081-Administração;False;Inativo
5.06.2.1.19;ESTAÇÃO ENG. CARDOSO;ECD;Operacional;2019-04-01;2022-02-28;C008-Linha: 8 - Diamante;False;Inativo
6.05.7.2.00;BASE DE MANUTENÇÃO CIVIL - LINHA 8;DOVC;Manutenção;2020-11-01;2022-02-28;C008-Linha: 8 - Diamante;False;Inativo
3.03.2.0;DEPARTAMENTO DE GESTÃO DE NEGÓCIOS;DPNG;Administrativo;2021-11-01;;C081-Administração;True;Ativo
1.07.2.0;DEPTO DE ATENDIMENTO;DRRA;Administrativo;2019-02-01;2019-07-31;C081-Administração;False;Inativo
6.05.5.0.00;DEPTO DE MANUTENÇÃO DE VIA PERMANTE;DOVL;Manutenção;2019-04-01;2026-04-30;C041-Todas as Linhas Operacionais;False;Inativo
5.01.0.2.00;NÚCLEO DE INTELIGÊNCIA;GOO;Operacional;2020-08-01;2025-10-31;C071-Custos Indiretos - Operação;False;Inativo
4.09.1;DEPTO DE OBRAS CIVIS - EXPANSÃO;DEDC;Administrativo;2019-02-01;;C081-Administração;True;Ativo
4.09.1.0.00;DEPTO DE OBRAS CIVIS - EXPANSÃO;DEDC;Administrativo;2019-02-01;;C081-Administração;True;Ativo
6.05.4.2.03;CORREÇÃO GEOMÉTRICA - PRESIDENTE ALTINO;DOVF;Manutenção;2019-04-01;2022-03-31;C032-Linhas: 8/9 - Diamante/Esmeralda;False;Inativo
6.05.6.1.04;OFICINA CIVIL - CALMON VIANA;DOVC;Manutenção;2019-04-01;2020-10-31;C041-Todas as Linhas Operacionais;False;Inativo
6.07.1.1;EQUIPE DE ALMOXARIFADO - LAPA;DOLA;Manutenção;2019-11-01;;C041-Todas as Linhas Operacionais;True;Ativo
6.05.5.5.04;MANUT PREVENT DE AMV/MAQ DE CHAVE-L 7/10;DOVL;Manutenção;2022-06-01;2026-04-30;C031-Linhas: 7/10 - Rubi/Turquesa;False;Inativo
5.06.3.2.02;ESTAÇÃO TATUAPÉ;TAT;Operacional;2019-04-01;2025-10-31;C033-Linhas: 11/12 - Coral/Safira;False;Inativo
6.06.2.4.01;LABORATÓRIO - SISTEMAS ELETRÔNICOS;DOFS;Manutenção;2019-05-01;2020-03-31;C041-Todas as Linhas Operacionais;False;Inativo
6.06.1.4.00;EQUIPE DE IMPLANTAÇÃO DE ENERGIA;DOFE;Manutenção;2019-11-01;2026-03-31;C056-Todas as Linhas Operacionais - Sistema de Energia;False;Inativo
1.07.4.0.00;DEPTO DE RELACIONAMENTO COM O PASSAGEIRO;DRMP;Administrativo;2020-09-01;;C081-Administração;True;Ativo
9.05.2.1.01;CONCESSÃO - LINHAS 8 / 9 - OPERAÇÃO;PPP-8/9;Operacional;2020-01-01;;C091-Concessão - PPP;True;Ativo
6.06.1.3.50;SUBESTAÇÕES - LINHAS 13;DOFE;Manutenção;2018-12-01;;C013-Linha: 13 - Jade;True;Ativo
1.07.3.0;DEPTO DE IMPRENSA;DRMI;Administrativo;2019-10-01;;C081-Administração;True;Ativo
6.03.6.3;MANUTENÇÃO DE SISTEMAS ELETRÔNICOS;DORO;Manutenção;2022-04-01;;C041-Todas as Linhas Operacionais;True;Ativo
6.05.4.7.00;EQUIPE DE LOCOMOTIVAS - LINHAS 11/12/13;DOVF;Manutenção;2022-06-01;2024-12-31;C038-Linhas: 11/12/13 - Coral/Safira/Jade;False;Inativo
6.05.5.1.05;MANUT. DE INFRA E SUPERESTRUT. - L11/13;DOVL;Manutenção;2022-06-01;2026-04-30;C042-Linhas: 11/13 - Coral/Jade;False;Inativo
4.09.0.0;GERÊNCIA DE EMPREENDIMENTOS-EXPANSÃO;GED;Administrativo;2019-02-01;;C081-Administração;True;Ativo
6.05.4.2.00;EQUIPE - INFRA E SUPEREST. VP - P. ALTIN;DOVF;Manutenção;2019-04-01;2022-03-31;C032-Linhas: 8/9 - Diamante/Esmeralda;False;Inativo
4.18.1;DEPTO DE MEIO AMBIENTE - EMPREENDIMENTOS;DEAE;Administrativo;2019-02-01;;C081-Administração;True;Ativo
4.18.1.0;DEPTO DE MEIO AMBIENTE - EMPREENDIMENTOS;DEAE;Administrativo;2019-02-01;;C081-Administração;True;Ativo
1.01.4.0;DEPTO JURÍDICO LICITAÇÕES E CONTR EXTERN;DRJL;Administrativo;2019-03-01;;C081-Administração;True;Ativo
5.06.1.2.11;ESTAÇÃO GUAPITUBA;GPT;Operacional;2019-04-01;2025-10-31;C010-Linha: 10 - Turquesa;False;Inativo
5.06.2.2.11;ESTAÇÃO MORUMBI;MRB;Operacional;2019-04-01;2022-02-28;C009-Linha: 9 - Esmeralda;False;Inativo
6.07.1.2.00;EQUIPE DE ALMOXARIFADO - PRES ALTINO;DOLA;Manutenção;2019-11-01;;C041-Todas as Linhas Operacionais;True;Ativo
6.03.4.6.50;EQUIPE OFICINA LAPA - LINHA 7;DORO;Manutenção;2022-03-01;2022-03-31;C007-Linha: 7 - Rubi;False;Inativo
5.02.4.3;EQUIPE FISCALIZAÇÃO DE LIMPEZA DE TREM;DOC1;Operacional;2022-09-01;;C041-Todas as Linhas Operacionais;True;Ativo
5.06.1.1.15;ESTAÇÃO VÁRZEA PAULISTA;VLP;Operacional;2019-04-01;2025-10-31;C007-Linha: 7 - Rubi;False;Inativo
5.06.3.2.13;ESTAÇÃO CALMON VIANA;CVN;Operacional;2019-04-01;2025-10-31;C033-Linhas: 11/12 - Coral/Safira;False;Inativo
2.08.3.0;DEPTO DE SAÚDE OCUPACIONAL INTEGRAL;DFHO;Administrativo;2019-08-01;2020-10-31;C081-Administração;False;Inativo
1.00.8.0.00;DEPTO DE PRIVACIDADE E PROTEÇÃO DE DADOS;DRPD;Administrativo;2021-11-01;2024-09-30;C081-Administração;False;Inativo
6.06.2;DEP MANUT DE SIST ELETR E RESTAB DE SERV;DOFS;Manutenção;2017-11-01;;C041-Todas as Linhas Operacionais;True;Ativo
3.03.1.0.00;DEPARTAMENTO COMERCIAL;DPNC;Administrativo;2021-11-01;;C081-Administração;True;Ativo
9.05.2.2.01;CONCESSÃO - LINHAS 8 / 9 - MANUTENÇÃO;PPP-8/9;Manutenção;2020-01-01;;C091-Concessão - PPP;True;Ativo
6.06.1.3.08;SUBESTAÇÕES - LINHAS 11 / 12 / 13;DOFE;Manutenção;2022-04-01;;C055-Linhas: 11/12/13 - Sistema de Energia;True;Ativo
4.18;GERÊNCIA DE MEIO AMBIENTE;GEA;Administrativo;2019-02-01;;C081-Administração;True;Ativo
4.18.2.0.00;DEPTO DE MEIO AMBIENTE - OPERAÇÃO;DEAO;Administrativo;2019-02-01;;C081-Administração;True;Ativo
4.19.0;GERÊNCIA DE PROJETOS;GEP;Administrativo;2019-02-01;;C081-Administração;True;Ativo
4.19.1;DEPTO DE PROJETOS DE INFRAESTRUTURA;DEPI;Administrativo;2019-02-01;;C081-Administração;True;Ativo
1.07.4.1.50;ATENDIMENTO EMERGENCIAL;DRMP;Administrativo;2020-09-01;;C081-Administração;True;Ativo
5.02.4.3.03;LAVADOR CARROS - JUNDIAPEBA - L11/12/13;DOC1;Operacional;2022-09-01;2025-10-31;C038-Linhas: 11/12/13 - Coral/Safira/Jade;False;Inativo
4.19.3.0.00;DEPTO DE PROJETOS DE INSTAL E SISTEMAS;DEPS;Administrativo;2019-02-01;;C081-Administração;True;Ativo
4.19.4.0;DEPTO DE CONSIST E INOVAÇÃO DE PROJETOS;DEPG;Administrativo;2019-02-01;;C081-Administração;True;Ativo
4.19.4.0.00;DEPTO DE CONSIST E INOVAÇÃO DE PROJETOS;DEPG;Administrativo;2019-02-01;;C081-Administração;True;Ativo
6.05.7.4.00;BASE DE MANUTENÇÃO CIVIL - LINHA 10;DOVC;Manutenção;2022-03-01;2024-08-31;C010-Linha: 10 - Turquesa;False;Inativo
6.05.7.6;BASE DE MANUTENÇÃO CIVIL - LINHA 12/13;DOVC;Manutenção;2022-03-01;2024-08-31;C034-Linhas: 12/13 - Safira/Jade;False;Inativo
5.01.0.5;NUCLEO DA GESTÃO DA QUALIDADE;GOO;Operacional;2022-03-01;;C071-Custos Indiretos - Operação;True;Ativo
5.06.0.0;GERÊNCIA DE ESTAÇÕES E SERVIÇOS;GOE;Operacional;2019-04-01;;C071-Custos Indiretos - Operação;True;Ativo
2.08.2.0;DEPTO DE PROVIMENTO E DESENV. DE PESSOAL;DFHD;Administrativo;2019-08-01;2023-02-28;C081-Administração;False;Inativo
2.08.3.0.00;DEPTO DE SAÚDE OCUPACIONAL INTEGRAL;DFHO;Administrativo;2019-08-01;2020-10-31;C081-Administração;False;Inativo
2.08.4.0;DEPTO DE SEG. DO TRAB. E RELAÇÕES SINDIC;DFHR;Administrativo;2019-08-01;2020-10-31;C081-Administração;False;Inativo
6.06.1.3.06;SUBESTAÇÕES - LINHAS 12 / 13;DOFE;Manutenção;2018-06-01;;C054-Linhas: 12/13 - Sistema de Energia;True;Ativo
1.03.2;DEPTO DE CUSTOS DE SISTEMAS E SERVIÇOS;DRCS;Administrativo;2019-06-01;;C081-Administração;True;Ativo
4.19.0.0.00;GERÊNCIA DE PROJETOS;GEP;Administrativo;2019-02-01;;C081-Administração;True;Ativo
6.05.4;DEPTO PLANEJ CONTROLE DE MAN DE VIA PERM;DOVF;Manutenção;2019-04-01;;C035-Linhas: 7/8/9 - Rubi/Diamante/Esmeralda;True;Ativo
6.03.6.0;DEPTO DE OFICINAS DE MANUTENÇÃO DE EQUIP;DORO;Manutenção;2022-04-01;;C041-Todas as Linhas Operacionais;True;Ativo
1.00.5.0;DEPTO DE MARKETING;DRMK;Administrativo;2019-06-01;2019-09-30;C081-Administração;False;Inativo
1.07.2.0.00;DEPTO DE ATENDIMENTO;DRRA;Administrativo;2019-02-01;2019-07-31;C081-Administração;False;Inativo
4.20.2.0;DEPARTAMENTO DE OBRAS CIVIS;DEOC;Administrativo;2019-02-01;2022-05-31;C081-Administração;False;Inativo
4.18.2;DEPTO DE MEIO AMBIENTE - OPERAÇÃO;DEAO;Administrativo;2019-02-01;;C081-Administração;True;Ativo
1.00.4.0.00;ASSESSORIA DE CONCESSÕES E PARCERIAS;ARC;Administrativo;2019-02-01;2024-09-30;C081-Administração;False;Inativo
5.06.1.2.06;ESTAÇÃO UTINGA;UTG;Operacional;2019-04-01;2025-10-31;C010-Linha: 10 - Turquesa;False;Inativo
6.03.5.1.00;MAN. LOCOMOTIVAS, VAGÕES E TREM TURÍSTIC;DORV;Manutenção;2022-04-01;2026-04-30;C039-Linhas: 7/10/11/12 - Rubi/Turquesa/Coral/Safira;False;Inativo
1.08;GER. DE GOVERNANÇA, CONTROLES INTERNOS E GESTÃO DE RISCOS;GRI;Administrativo;2019-02-01;;C081-Administração;True;Ativo
3.06.1;DEPTO DE MONITORAMENTO ESTRATÉGICO;DPEM;Administrativo;2019-02-01;2020-05-31;C081-Administração;False;Inativo
4.09.3.0;DEPTO IMPLANTAÇÃO DE SISTEMA-EXPANSÃO;DEDS;Administrativo;2019-02-01;;C081-Administração;True;Ativo
5.06.2.1.05;ESTAÇÃO IMPERATRIZ LEOPOLDINA;ILE;Operacional;2019-04-01;2022-02-28;C008-Linha: 8 - Diamante;False;Inativo
5.06.2.2.16;ESTAÇÃO AUTÓDROMO;AUT;Operacional;2019-04-01;2022-02-28;C009-Linha: 9 - Esmeralda;False;Inativo
5.06.2.2.18;ESTAÇÃO GRAJAÚ;GRA;Operacional;2019-04-01;2022-02-28;C009-Linha: 9 - Esmeralda;False;Inativo
5.06.3.1.11;ESTAÇÃO MOGI DAS CRUZES;MDC;Operacional;2019-04-01;2025-10-31;C011-Linha: 11 - Coral;False;Inativo
5.06.3.1.12;ESTAÇÃO ESTUDANTES;EST;Operacional;2019-04-01;2025-10-31;C011-Linha: 11 - Coral;False;Inativo
6.04.0.4.00;EQUIPE DE ADMINISTRAÇÃO E GESTÃO;GOT;Manutenção;2020-07-01;;C041-Todas as Linhas Operacionais;True;Ativo
4.18.2.0;DEPTO DE MEIO AMBIENTE - OPERAÇÃO;DEAO;Administrativo;2019-02-01;;C081-Administração;True;Ativo
6.07;GERÊNCIA DE LOGÍSTICA;GOL;Manutenção;2019-08-01;;C041-Todas as Linhas Operacionais;True;Ativo
6.05.7.6.00;BASE DE MANUTENÇÃO CIVIL - LINHA 12/13;DOVC;Manutenção;2022-03-01;2024-08-31;C034-Linhas: 12/13 - Safira/Jade;False;Inativo
5.01.0.5.00;NUCLEO DA GESTÃO DA QUALIDADE;GOO;Operacional;2022-03-01;2025-10-31;C071-Custos Indiretos - Operação;False;Inativo
6.06.3.4;EQUIPE - MAN E OPER DE MAQ. E EQUP - VP;DOFA;Manutenção;2019-04-01;2019-04-30;C041-Todas as Linhas Operacionais;False;Inativo
6.05.4.4;EQUIPE DE LOCOMOTIVAS - LINHAS 7/10;DOVF;Manutenção;2021-02-01;;C031-Linhas: 7/10 - Rubi/Turquesa;True;Ativo
9.06.1;ESTRUTURAS DESATIVADAS - CUSTOS;MEDC;Produtivo;2022-04-01;;C092-ESTRUTURAS DESATIVADAS;True;Ativo
9.05.2;CONCESSÃO - LINHAS 8 / 9;PPP-8/9;Produtivo;2022-02-01;;C091-Concessão - PPP;True;Ativo
1.00.4;ASSESSORIA DE CONCESSÕES E PARCERIAS;ARC;Administrativo;2019-02-01;;C081-Administração;True;Ativo
1.00.4.0;ASSESSORIA DE CONCESSÕES E PARCERIAS;ARC;Administrativo;2019-02-01;;C081-Administração;True;Ativo
1.01.4;DEPTO JURÍDICO LICITAÇÕES E CONTR EXTERN;DRJL;Administrativo;2019-03-01;;C081-Administração;True;Ativo
5.06.2.2;DEPTO DE ESTAÇÕES E SERVIÇOS - LINHA 9;DOE2;Operacional;2019-04-01;2022-02-28;C009-Linha: 9 - Esmeralda;False;Inativo
4.19.0.0;GERÊNCIA DE PROJETOS;GEP;Administrativo;2019-02-01;;C081-Administração;True;Ativo
6.06.3.5.07;EQUIPE - IMPLANTAÇÃO DE SIST. AUXILIARES;DOFA;Manutenção;2019-11-01;2026-03-31;C041-Todas as Linhas Operacionais;False;Inativo
6.05.8.1;BASE DE MANUTENÇÃO CIVIL - LINHA 10;DOVD;Manutenção;2020-11-01;2022-02-28;C010-Linha: 10 - Turquesa;False;Inativo
6.03.4.8.01;LABORATÓRIO - SISTEMAS ELETRÔNICOS;DORO;Manutenção;2020-04-01;2022-03-31;C041-Todas as Linhas Operacionais;False;Inativo
6.03.4.8.63;LABORATÓRIO - TELECOMUNICAÇÕES - L12;DORO;Manutenção;2022-03-01;2022-03-31;C012-Linha: 12 - Safira;False;Inativo
9.05.2.1;CONCESSÃO - LINHAS 8 / 9 - OPERAÇÃO;PPP-8/9;Operacional;2022-02-01;;C091-Concessão - PPP;True;Ativo
4.09.2;DEPTO MONT. VP. E REDE AÉREA-EXPANSÃO;DEDM;Administrativo;2019-02-01;;C081-Administração;True;Ativo
4.21.2;DEPARTAMENTO OBRAS DE SISTEMA;DEFS;Administrativo;2022-06-01;;C081-Administração;True;Ativo
5.06.2.1.09;ESTAÇÃO QUITAUNA;QTU;Operacional;2019-04-01;2022-02-28;C008-Linha: 8 - Diamante;False;Inativo
6.06.2.6.00;EQUIPE IMPLANTAÇÃO DE SINALIZ. E TELECON;DOFS;Manutenção;2019-11-01;2026-03-31;C041-Todas as Linhas Operacionais;False;Inativo
6.05.5.5.02;MANUT PREVENT AMV/MAQ CHAVE L10/11/12/13;DOVL;Manutenção;2021-09-01;2022-05-31;C036-Linhas: 10/11/12/13 - Turquesa/Coral/Safira/Jade;False;Inativo
6.05.5.5.03;EQUIPE MANUT MÁQUINAS DE CHAVE-L11/12/13;DOVL;Manutenção;2021-09-01;2021-09-30;C038-Linhas: 11/12/13 - Coral/Safira/Jade;False;Inativo
1.01.5.0;DEPTO JURID CRIMIN E PROCED INQUISITIVOS;DRJI;Administrativo;2020-11-01;;C081-Administração;True;Ativo
1.07.5.0;DEPTO DE MARKETING;DRMK;Administrativo;2020-11-01;;C081-Administração;True;Ativo
1.07.2.1.00;SERVIÇO ATEND AO USUÁRIO-EQUIPES;SAU;Administrativo;2019-02-01;2019-02-28;C081-Administração;False;Inativo
1.07.2.2;ATENDIMENTO EMERGENCIAL;DRRA;Administrativo;2019-02-01;2019-07-31;C081-Administração;False;Inativo
1.07.4;DEPTO DE RELACIONAMENTO COM O PASSAGEIRO;DRMP;Administrativo;2020-09-01;;C081-Administração;True;Ativo
5.06.3.1;DEPTO DE ESTAÇÕES E SERVIÇOS - LINHA 11;DOE3;Operacional;2019-04-01;;C011-Linha: 11 - Coral;True;Ativo
2.08;GERÊNCIA DE DESENV. ORGANIZ. E RH;GFH;Administrativo;2019-08-01;2023-02-28;C081-Administração;False;Inativo
2.08.0;GERÊNCIA DE DESENV. ORGANIZ. E RH;GFH;Administrativo;2019-08-01;2023-02-28;C081-Administração;False;Inativo
6.04.2.5;EQUIPE ENG. DE PROJ. DO MATERIAL RODANTE;DOTM;Manutenção;2019-12-01;;C041-Todas as Linhas Operacionais;True;Ativo
6.05.5.5.00;EQUIPE DE MANUT DE MÁQUINAS DE CHAVE;DOVL;Manutenção;2021-09-01;2026-04-30;C041-Todas as Linhas Operacionais;False;Inativo
3.06.2;DEPTO DE PESQUISA E MOBILIDADE;DPEP;Administrativo;2019-02-01;2020-05-31;C081-Administração;False;Inativo
3.06.2.0.00;DEPTO DE PESQUISA E MOBILIDADE;DPEP;Administrativo;2019-02-01;2020-05-31;C081-Administração;False;Inativo
4.19.2.0;DEPTO DE PROJETOS DE EDIFICAÇÕES;DEPE;Administrativo;2019-02-01;;C081-Administração;True;Ativo
6.03.5.2;MAN. MÁQ., VEÍC. E COMPON. AUXI. VP / VA;DORV;Manutenção;2022-04-01;;C041-Todas as Linhas Operacionais;True;Ativo
1.07.2.1;SERVIÇO ATEND AO USUÁRIO-EQUIPES;SAU;Administrativo;2019-02-01;2019-02-28;C081-Administração;False;Inativo
6.04.2.2;EQUIPE ENG. MANUT. TRENS;DOTM;Manutenção;2019-09-01;;C041-Todas as Linhas Operacionais;True;Ativo
4.19.2.0.00;DEPTO DE PROJETOS DE EDIFICAÇÕES;DEPE;Administrativo;2019-02-01;;C081-Administração;True;Ativo
6.05.6.1.02;EDIFICAÇÕES - PRESIDENTE ALTINO;DOVC;Manutenção;2019-04-01;2020-10-31;C041-Todas as Linhas Operacionais;False;Inativo
6.05.6.1.05;OFICINA CIVIL - LAPA L 7/8/9/10/11/12/13;DOVC;Manutenção;2019-04-01;2020-10-31;C041-Todas as Linhas Operacionais;False;Inativo
6.05.5.1.00;VIA PERMANENTE - LINHAS 11/12/13;DOVL;Manutenção;2019-04-01;2026-04-30;C038-Linhas: 11/12/13 - Coral/Safira/Jade;False;Inativo
1.09.1;DEPTO DE GOVERNANÇA INSTITUCIONAL;DRGG;Administrativo;2021-11-01;;C081-Administração;True;Ativo
1.07.4.1;ATENDIMENTO EMERGENCIAL;DRMP;Administrativo;2020-09-01;;C081-Administração;True;Ativo
6.03.6;DEPTO DE OFICINAS DE MANUTENÇÃO DE EQUIP;DORO;Manutenção;2022-04-01;;C041-Todas as Linhas Operacionais;True;Ativo
6.07.1.0.00;DEPTO DE ALMOXARIFADOS;DOLA;Manutenção;2019-08-01;;C041-Todas as Linhas Operacionais;True;Ativo
6.07.2.0;DEPTO DE GESTÃO E CADASTRO DE MATERIAIS;DOLM;Manutenção;2019-08-01;;C041-Todas as Linhas Operacionais;True;Ativo
6.05.7.5.00;BASE DE MANUTENÇÃO CIVIL - LINHA 11;DOVC;Manutenção;2022-03-01;2024-08-31;C011-Linha: 11 - Coral;False;Inativo
5.06.1.1.17;ESTAÇÃO PALMEIRAS-BARRA FUNDA;BFU;Operacional;2022-03-01;2025-10-31;C007-Linha: 7 - Rubi;False;Inativo
6.05.5.4.00;OPERAÇÃO MECANIZADA INFRAESTRUTURA DE VP;DOVL;Manutenção;2019-10-01;2023-02-28;C041-Todas as Linhas Operacionais;False;Inativo
6.07.0.0;GERÊNCIA DE LOGÍSTICA;GOL;Manutenção;2019-08-01;;C041-Todas as Linhas Operacionais;True;Ativo
3.00.3.0.00;ASSESSORIA DE REGULARIZ. DO TERRITÓRIO;APR;Administrativo;2022-06-01;2024-10-31;C081-Administração;False;Inativo
1.09.0.1;CONSELHOS E COMITÊ DE AUDITORIA ESTATUT.;GRG;Administrativo;2022-08-01;;C081-Administração;True;Ativo
6.05.8.0;DEPTO MANUT DE ESTRUT CIVIL-10/11/12/13;DOVD;Manutenção;2020-11-01;2022-02-28;C036-Linhas: 10/11/12/13 - Turquesa/Coral/Safira/Jade;False;Inativo
6.05.8.0.00;DEPTO MANUT DE ESTRUT CIVIL-10/11/12/13;DOVD;Manutenção;2020-11-01;2022-02-28;C036-Linhas: 10/11/12/13 - Turquesa/Coral/Safira/Jade;False;Inativo
1.00.8.0;DEPTO DE PRIVACIDADE E PROTEÇÃO DE DADOS;DRPD;Administrativo;2021-11-01;;C081-Administração;True;Ativo
1.06.1;DEPTO DE CONFORMIDADE E CONTROLE INTERNO;DREC;Administrativo;2018-11-01;2019-01-31;C081-Administração;False;Inativo
1.06.1.0;DEPTO DE CONFORMIDADE E CONTROLE INTERNO;DREC;Administrativo;2018-11-01;2019-01-31;C081-Administração;False;Inativo
1.06.1.0.00;DEPTO DE CONFORMIDADE E CONTROLE INTERNO;DREC;Administrativo;2018-11-01;2019-01-31;C081-Administração;False;Inativo
9.06.2;ESTRUTURAS DESATIVADAS - DESPESAS;MEDD;Administrativo;2022-04-01;;C092-ESTRUTURAS DESATIVADAS;True;Ativo
1.09.1.0;DEPTO DE GOVERNANÇA INSTITUCIONAL;DRGG;Administrativo;2021-11-01;;C081-Administração;True;Ativo
3.03.1.0;DEPARTAMENTO COMERCIAL;DPNC;Administrativo;2021-11-01;;C081-Administração;True;Ativo
5.02.1.4;CONTROLE DE TRÁFEGO-CCO LINHAS 11/12/13;DOCP;Operacional;2018-03-01;;C038-Linhas: 11/12/13 - Coral/Safira/Jade;True;Ativo
6.05.4.3;OPER MECANIZADA DE INFRA E SUPERESTR VP;DOVF;Manutenção;2019-10-01;;C041-Todas as Linhas Operacionais;True;Ativo
6.06.2.5;CIM - MANUTENÇÃO DO CCO BRAS;DOFS;Manutenção;2019-05-01;;C041-Todas as Linhas Operacionais;True;Ativo
6.06.3.5.01;EQUIPE - SISTEMAS ELÉTRICOS L 11/12/13;DOFA;Manutenção;2019-05-01;2026-04-30;C038-Linhas: 11/12/13 - Coral/Safira/Jade;False;Inativo
6.06.3.5.03;EQUIPE - SISTEMAS ELÉTRICOS LINHAS 8/9;DOFA;Manutenção;2019-05-01;2022-03-31;C032-Linhas: 8/9 - Diamante/Esmeralda;False;Inativo
6.05.6.1.00;EQUIPE DE MANUTENÇÃO;DOVC;Manutenção;2019-04-01;2020-10-31;C041-Todas as Linhas Operacionais;False;Inativo
6.05.6.1.03;EDIFICAÇÕES - BRAS;DOVC;Manutenção;2019-04-01;2020-10-31;C041-Todas as Linhas Operacionais;False;Inativo
1.07.0.0.00;GERÊNCIA DE MARKETING E COMUNICAÇÃO;GRM;Administrativo;2019-02-01;;C081-Administração;True;Ativo
1.07.1;DEPTO DE MARKETING;DRMK;Administrativo;2019-02-01;2019-05-31;C081-Administração;False;Inativo
4.09;GERÊNCIA DE EMPREENDIMENTOS-EXPANSÃO;GED;Administrativo;2019-02-01;;C081-Administração;True;Ativo
4.10.2.0.00;DEPTO DE PROJETOS DE IMPLANTAÇÃO DE SIST;DETO;Administrativo;2019-02-01;;C081-Administração;True;Ativo
4.19.1.0.00;DEPTO DE PROJETOS DE INFRAESTRUTURA;DEPI;Administrativo;2019-02-01;;C081-Administração;True;Ativo
4.19.2;DEPTO DE PROJETOS DE EDIFICAÇÕES;DEPE;Administrativo;2019-02-01;;C081-Administração;True;Ativo
4.20;GERÊNCIA DE EMPREENDIMENTOS-MODERNIZAÇÃO;GEO;Administrativo;2019-02-01;;C081-Administração;True;Ativo
4.20.0.0.00;GERÊNCIA DE EMPREENDIMENTOS-MODERNIZAÇÃO;GEO;Administrativo;2019-02-01;;C081-Administração;True;Ativo
5.06.2.1.21;ESTAÇÃO SANTA RITA;SRT;Operacional;2019-04-01;2022-02-28;C008-Linha: 8 - Diamante;False;Inativo
1.03.2.0.00;DEPTO DE CUSTOS DE SISTEMAS E SERVIÇOS;DRCS;Administrativo;2019-06-01;;C081-Administração;True;Ativo
6.06.2.4;EQUIPE - LABORATÓRIOS E OFICINAS;DOFS;Manutenção;2019-05-01;2020-03-31;C041-Todas as Linhas Operacionais;False;Inativo
1.00.8;DEPTO DE PRIVACIDADE E PROTEÇÃO DE DADOS;DRPD;Administrativo;2021-11-01;;C081-Administração;True;Ativo
3.00.2.0;DEPTO DE PLANEJ DA MOBILIDADE E PESQUISA;DPEP;Administrativo;2020-06-01;2022-05-31;C081-Administração;False;Inativo
6.03.5.0;DEPTO MAN IND, LOCOM, VEIC FERROV E AUXI;DORV;Manutenção;2022-03-01;;C041-Todas as Linhas Operacionais;True;Ativo
4.09.3.0.00;DEPTO IMPLANTAÇÃO DE SISTEMA-EXPANSÃO;DEDS;Administrativo;2019-02-01;;C081-Administração;True;Ativo
3.06.0;GERÊNCIA DE ESTRATÉGIA EMPRESARIAL;GPE;Administrativo;2019-02-01;2020-05-31;C081-Administração;False;Inativo
5.06.0.0.00;GERÊNCIA DE ESTAÇÕES E SERVIÇOS;GOE;Operacional;2019-04-01;2025-10-31;C071-Custos Indiretos - Operação;False;Inativo
5.06.2.2.10;ESTAÇÃO BERRINI;BRR;Operacional;2019-04-01;2022-02-28;C009-Linha: 9 - Esmeralda;False;Inativo
3.08.1.0.00;DEP. DE PLANEJ. DA MOBILIDADE E PESQUISA;DPMP;Administrativo;2022-06-01;;C081-Administração;True;Ativo
3.08.2.0.00;DEPARTAMENTO DE GESTÃO DE TERRITÓRIO;DPMT;Administrativo;2022-06-01;;C081-Administração;True;Ativo
6.04.1.2.50;EQUIPE DE VIA PERMANENTE - LINHA 7;DOTV;Manutenção;2019-09-01;2023-11-30;C007-Linha: 7 - Rubi;False;Inativo
1.08.1.0.00;DEPTO DE CONFORMIDADES E CONTROL INTERNO;DRIC;Administrativo;2019-02-01;2022-05-31;C081-Administração;False;Inativo
1.00.5;DEPTO DE MARKETING;DRMK;Administrativo;2019-06-01;2019-09-30;C081-Administração;False;Inativo
6.04.0.5;EQUIPE DE ENGENHARIA DE CAMPO;GOT;Manutenção;2022-03-01;;C041-Todas as Linhas Operacionais;True;Ativo
3.06;GERÊNCIA DE ESTRATÉGIA EMPRESARIAL;GPE;Administrativo;2019-02-01;2020-05-31;C081-Administração;False;Inativo
5.06.1.2.09;ESTAÇÃO CAPUAVA;CPV;Operacional;2019-04-01;2025-10-31;C010-Linha: 10 - Turquesa;False;Inativo
6.06.2.3.07;SINALIZAÇÃO - LINHAS 11 / 12 / 13;DOFS;Manutenção;2019-05-01;;C038-Linhas: 11/12/13 - Coral/Safira/Jade;True;Ativo
4.20.1.0.00;DEPTO MONTAG DE VIA PERMAN E REDE AÉREA;DEOV;Administrativo;2019-02-01;2022-05-31;C081-Administração;False;Inativo
5.06.1.2.05;ESTAÇÃO SÃO CAETANO;SCT;Operacional;2019-04-01;2025-10-31;C010-Linha: 10 - Turquesa;False;Inativo
5.06.3.1.04;ESTAÇÃO GUAIANAZES(EXPRESSO LESTE);GUA;Operacional;2019-04-01;2025-10-31;C011-Linha: 11 - Coral;False;Inativo
5.01.1.1.50;ATENDIMENTO EMERGENCIAL;DOOP;Operacional;2019-08-01;2020-08-31;C041-Todas as Linhas Operacionais;False;Inativo
5.03.3.0;DEPARTAMENTO DE SEGURANÇA PATRIMONIAL;DOSP;Operacional;2022-03-01;;C041-Todas as Linhas Operacionais;True;Ativo
6.03.5.0.00;DEPTO MAN IND, LOCOM, VEIC FERROV E AUXI;DORV;Manutenção;2022-03-01;2026-04-30;C041-Todas as Linhas Operacionais;False;Inativo
1.04.2.9;DEPTO DE ADM. DE PESSOAL-DESAPOSENTAÇÃO;DRHP;Administrativo;2018-06-01;2019-07-31;C081-Administração;False;Inativo
1.04.2.9.00;DEPTO DE ADM. DE PESSOAL-DESAPOSENTAÇÃO;DRHP;Administrativo;2018-06-01;2019-07-31;C081-Administração;False;Inativo
6.03.6.0.00;DEPTO DE OFICINAS DE MANUTENÇÃO DE EQUIP;DORO;Manutenção;2022-04-01;;C041-Todas as Linhas Operacionais;True;Ativo
1.00.7.0.00;ASSESSORIA DE GESTÃO ESTRAT. EMPRESARIAL;ARE;Administrativo;2020-06-01;2024-09-30;C081-Administração;False;Inativo
4.21.2.0.00;DEPARTAMENTO OBRAS DE SISTEMA;DEFS;Administrativo;2022-06-01;;C081-Administração;True;Ativo
5.06.0;GERÊNCIA DE ESTAÇÕES E SERVIÇOS;GOE;Operacional;2019-04-01;;C071-Custos Indiretos - Operação;True;Ativo
6.05.5.1.04;SOLDAS E EQUIPAMENTOS - LINHAS 11/12/13;DOVL;Manutenção;2019-04-01;2026-04-30;C038-Linhas: 11/12/13 - Coral/Safira/Jade;False;Inativo
1.09.0.0.00;GERÊNCIA DE GOVERNANÇA CORPORATIVA;GRG;Administrativo;2021-11-01;2024-09-30;C081-Administração;False;Inativo
4.10.0.0.00;GERÊNCIA DE EMPREENDIMENTOS - SISTEMAS;GET;Administrativo;2019-02-01;;C081-Administração;True;Ativo
6.06.3.5.06;EQUIPE - GERADORES;DOFA;Manutenção;2019-05-01;2026-04-30;C041-Todas as Linhas Operacionais;False;Inativo
6.04.1.2.55;EQUIPE DE VIA PERMANENTE - LINHA 12;DOTV;Manutenção;2019-09-01;2023-11-30;C012-Linha: 12 - Safira;False;Inativo
1.07.0.0;GERÊNCIA DE MARKETING E COMUNICAÇÃO;GRM;Administrativo;2019-02-01;;C081-Administração;True;Ativo
1.08.0;GER. DE GOVERNANÇA, CONTROLES INTERNOS E GESTÃO DE RISCOS;GRI;Administrativo;2019-02-01;;C081-Administração;True;Ativo
1.08.2.0.00;DEPTO DE GESTÃO DE RISCOS E CONTROLE INTERNO;DRIR;Administrativo;2019-02-01;;C081-Administração;True;Ativo
3.07.0;GERÊNCIA GESTÃO TERRIT - REGULARIZ FUNDI;GPR;Administrativo;2019-02-01;2022-05-31;C081-Administração;False;Inativo
5.06.1.1.11;ESTAÇÃO BALTAZAR FIDELIS;BFI;Operacional;2019-04-01;2025-10-31;C007-Linha: 7 - Rubi;False;Inativo
1.07.3;DEPTO DE IMPRENSA;DRMI;Administrativo;2019-10-01;;C081-Administração;True;Ativo
6.04.0.3;EQUIPE DE APOIO TÉCNICO;GOT;Manutenção;2020-07-01;;C041-Todas as Linhas Operacionais;True;Ativo
5.06.3.1.09;ESTAÇÃO JUNDIAPEBA;JPB;Operacional;2019-04-01;2025-10-31;C011-Linha: 11 - Coral;False;Inativo
5.06.3.3;DEPTO DE ESTAÇÕES E SERVIÇOS - LINHA 13;DOE3;Operacional;2019-04-01;;C013-Linha: 13 - Jade;True;Ativo
5.06.3.3.02;ESTAÇÃO GUARULHOS - CECAP LINHA 13;GCE;Operacional;2019-04-01;2025-10-31;C013-Linha: 13 - Jade;False;Inativo
6.06.3.5.05;EQUIPE - ESCADAS ROLANTES E ELEVADORES;DOFA;Manutenção;2019-05-01;2026-04-30;C041-Todas as Linhas Operacionais;False;Inativo
6.06.2.6;EQUIPE IMPLANTAÇÃO DE SINALIZ. E TELECON;DOFS;Manutenção;2019-11-01;;C041-Todas as Linhas Operacionais;True;Ativo
6.05.5.3.00;USINA DE SOLDA DE TRILHOS - PIRITUBA;DOVL;Manutenção;2019-10-01;2023-02-28;C041-Todas as Linhas Operacionais;False;Inativo
6.05.0.0.01;OPERAÇÃO DE MAQ. ESPECIAIS PLASSER;GOV;Manutenção;2019-04-01;2019-09-30;C041-Todas as Linhas Operacionais;False;Inativo
6.05.8.3.00;BASE DE MANUTENÇÃO CIVIL - LINHA 12/13;DOVD;Manutenção;2020-11-01;2022-02-28;C034-Linhas: 12/13 - Safira/Jade;False;Inativo
4.10.3.0.00;DEPARTAMENTO DE SISTEMAS DE ENERGIA;DETE;Administrativo;2019-02-01;;C081-Administração;True;Ativo
6.05.8.2.00;BASE DE MANUTENÇÃO CIVIL - LINHA 11;DOVD;Manutenção;2020-11-01;2022-02-28;C011-Linha: 11 - Coral;False;Inativo
1.07;GERÊNCIA DE MARKETING E COMUNICAÇÃO;GRM;Administrativo;2019-02-01;;C081-Administração;True;Ativo
4.19;GERÊNCIA DE PROJETOS;GEP;Administrativo;2019-02-01;;C081-Administração;True;Ativo
5.06.2;DEPTO DE ESTAÇÕES E SERVIÇOS - L 8/9;DOE2;Operacional;2019-04-01;2022-02-28;C032-Linhas: 8/9 - Diamante/Esmeralda;False;Inativo
5.01.1;DEPTO DE RELACIONAMENTO COM O PASSAGEIRO;DOOP;Operacional;2019-08-01;2020-08-31;C041-Todas as Linhas Operacionais;False;Inativo
5.06.1.1;DEPTO DE ESTAÇÕES E SERVIÇOS - LINHA 7;DOE1;Operacional;2019-04-01;;C007-Linha: 7 - Rubi;True;Ativo
5.06.1.1.03;ESTAÇÃO PIQUERI;PQR;Operacional;2019-04-01;2025-10-31;C007-Linha: 7 - Rubi;False;Inativo
3.06.0.0.00;GERÊNCIA DE ESTRATÉGIA EMPRESARIAL;GPE;Administrativo;2019-02-01;2020-05-31;C081-Administração;False;Inativo
4.10.1;DEPTO DE SINALIZAÇÃO E TELECOMUNICAÇÕES;DETA;Administrativo;2019-02-01;;C081-Administração;True;Ativo
6.05.4.4.00;EQUIPE DE LOCOMOTIVAS - LINHAS 7/10;DOVF;Manutenção;2021-02-01;2024-12-31;C031-Linhas: 7/10 - Rubi/Turquesa;False;Inativo
6.03.5.4.00;MANUTENÇÃO INDUSTRIAL - ROOSEVELT;DORV;Manutenção;2022-04-01;2026-04-30;C041-Todas as Linhas Operacionais;False;Inativo
5.06.1.1.04;ESTAÇÃO PIRITUBA;PRT;Operacional;2019-04-01;2025-10-31;C007-Linha: 7 - Rubi;False;Inativo
5.06.1.1.06;ESTAÇÃO JARAGUÁ;JRG;Operacional;2019-04-01;2025-10-31;C007-Linha: 7 - Rubi;False;Inativo
6.05.7.0.00;DEPTO DE MANUT. DE ESTRUT. CIVIL;DOVC;Manutenção;2020-11-01;;C041-Todas as Linhas Operacionais;True;Ativo
5.06.1.1.05;ESTAÇÃO VILA CLARICE;VCL;Operacional;2019-04-01;2025-10-31;C007-Linha: 7 - Rubi;False;Inativo
5.06.1.1.08;ESTAÇÃO PERUS;PRU;Operacional;2019-04-01;2025-10-31;C007-Linha: 7 - Rubi;False;Inativo
6.05.7.7.00;BASE DE PRONTIDÃO CIVIL;DOVC;Manutenção;2022-03-01;2024-08-31;C041-Todas as Linhas Operacionais;False;Inativo
2.08.4;DEPTO DE SEG. DO TRAB. E RELAÇÕES SINDIC;DFHR;Administrativo;2019-08-01;2020-10-31;C081-Administração;False;Inativo
4.19.3;DEPTO DE PROJETOS DE INSTAL E SISTEMAS;DEPS;Administrativo;2019-02-01;;C081-Administração;True;Ativo
4.20.1.0;DEPTO MONTAG DE VIA PERMAN E REDE AÉREA;DEOV;Administrativo;2019-02-01;2022-05-31;C081-Administração;False;Inativo
5.06.1.2.03;ESTAÇÃO IPIRANGA;IPG;Operacional;2019-04-01;2025-10-31;C010-Linha: 10 - Turquesa;False;Inativo
5.07.3.4.10;ESTAÇÃO ENG. MANOEL FEIO;EMF;Operacional;2025-11-01;;C012-Linha: 12 - Safira;True;Ativo
5.07.3.0.01;CENTRO DE MONITORAMENTO DE ESTACOES;DOAE;Operacional;2025-11-01;;C041-Todas as Linhas Operacionais;True;Ativo
6.03.6.5.00;MANUTENÇÃO DAS LOCOMOTIVAS, VAGÕES E TREM TURÍSTICO;DORO;Manutenção;2026-05-01;;C041-Todas as Linhas Operacionais;True;Ativo
5.07.3.1.17;ESTAÇÃO JUNDIAÍ;JUN;Operacional;2025-11-01;;C007-Linha: 7 - Rubi;True;Ativo
9.05.3.1;CONCESSÃO - LINHA 7 - OPERAÇÃO;PPP-7;Operacional;2025-12-01;;C091-Concessão - PPP;True;Ativo
5.07.3.4.03;ESTAÇÃO ENG. GOULART (12/13);EGO;Operacional;2025-11-01;;C034-Linhas: 12/13 - Safira/Jade;True;Ativo
5.07.3.4.04;ESTAÇÃO USP LESTE;USL;Operacional;2025-11-01;;C012-Linha: 12 - Safira;True;Ativo
5.07.0.0.00;GERÊNCIA DE ATENDIMENTO;GOA;Operacional;2025-11-01;;C071-Custos Indiretos - Operação;True;Ativo
5.07.3.2.13;ESTAÇÃO RIO GRANDE DA SERRA;RGS;Operacional;2025-11-01;;C010-Linha: 10 - Turquesa;True;Ativo
6.03.7.3.00;ABRIGO ENG SP FISCALIZACAO E QUALIDADE;DORR;Manutenção;2026-05-01;;C041-Todas as Linhas Operacionais;True;Ativo
6.03.7.2.00;ABRIGO ENG SP CORRETIVA E MANOBRA;DORR;Manutenção;2026-05-01;;C041-Todas as Linhas Operacionais;True;Ativo
1.15.0.0.00;GERÊNCIA DESENV ORG E RH;GRH;Administrativo;2023-03-01;2023-11-30;C081-Administração;False;Inativo
5.07.3.1.11;ESTAÇÃO FRANCO DA ROCHA;FDR;Operacional;2025-11-01;;C007-Linha: 7 - Rubi;True;Ativo
6.05.9.2;VIA PERMANENTE - LINHAS 11/12/13;DOVP;Manutenção;2026-05-01;;C038-Linhas: 11/12/13 - Coral/Safira/Jade;True;Ativo
5.07.1.0;DEPTO DE ATENDIMENTO E SEGURANÇA PATRIMONIAL;DOAP;Operacional;2025-11-01;;C041-Todas as Linhas Operacionais;True;Ativo
5.07.3.4.02;ESTAÇÃO TATUAPÉ;TAT;Operacional;2025-11-01;;C033-Linhas: 11/12 - Coral/Safira;True;Ativo
6.06.1.7;GERADORES;DOFE;Manutenção;2026-05-01;;C041-Todas as Linhas Operacionais;True;Ativo
2.09.0;GERÊNCIA DE DESENVOLVIMENTO ORGANIZACIONAL E RECURSOS HUMANOS;GFH;Administrativo;2023-12-01;;C081-Administração;True;Ativo
5.07.3.3.04;ESTAÇÃO GUAIANASES;GUA;Operacional;2025-11-01;;C011-Linha: 11 - Coral;True;Ativo
5.07.3.3.12;ESTAÇÃO ESTUDANTES;EST;Operacional;2025-11-01;;C011-Linha: 11 - Coral;True;Ativo
5.02.8.1.05;LAVADOR CARROS BARRA FUNDA-LINHAS 7 / 10;DOCC;Operacional;2025-11-01;2025-11-30;C031-Linhas: 7/10 - Rubi/Turquesa;False;Inativo
6.05.9;DEPTO DE MANUTENÇÃO DE VIA PERMANENTE;DOVP;Manutenção;2026-05-01;;C041-Todas as Linhas Operacionais;True;Ativo
6.05.9.2.01;MANUTENCAO DE INFRA E SUPERESTRUTURA - LINHA 11/13;DOVP;Manutenção;2026-05-01;;C042-Linhas: 11/13 - Coral/Jade;True;Ativo
6.05.9.2.02;MANUTENCAO DE INFRA E SUPERESTRUTURA - LINHA 11;DOVP;Manutenção;2026-05-01;;C011-Linha: 11 - Coral;True;Ativo
1.15.2.0;DEPTO DE ADMINISTRAÇÃO DE PESSOAL;DRHP;Administrativo;2023-03-01;2023-11-30;C081-Administração;False;Inativo
5.07.3.2.09;ESTAÇÃO CAPUAVA;CPV;Operacional;2025-11-01;;C010-Linha: 10 - Turquesa;True;Ativo
5.07.3.4.08;ESTAÇÃO ITAIM PAULISTA;ITI;Operacional;2025-11-01;;C012-Linha: 12 - Safira;True;Ativo
9.05.2.2.02;CONCESSÃO - LINHAS 8 / 9 - TRANSITÓRIO MANUTENÇÃO;PPP-8/9;Manutenção;2020-01-01;;C091-Concessão - PPP;True;Ativo
7.01.2.0.05;EMPREGADOS CEDIDOS - ESFERA ESTADUAL - ARTESP;ECE;Administrativo;2025-03-01;;C081-Administração;True;Ativo
9.05.4.1.01;CONCESSÃO - LINHAS 11/12/13 - OPERAÇÃO;PPP-11/12/13;Operacional;2026-06-01;;C091-Concessão - PPP;True;Ativo
5.07.1;DEPTO DE ATENDIMENTO E SEGURANÇA PATRIMONIAL;DOAP;Operacional;2025-11-01;;C041-Todas as Linhas Operacionais;True;Ativo
5.07.3.2.00;DEPTO ATENDIMENTO EM ESTAÇÃO - LINHA 10;DOAE;Operacional;2025-11-01;2025-12-31;C010-Linha: 10 - Turquesa;False;Inativo
6.05.9.4.02;MANUT PREV AMVs/MAQUINAS DE CHAVE - LINHAS 11/12/13;DOVP;Manutenção;2026-05-01;;C038-Linhas: 11/12/13 - Coral/Safira/Jade;True;Ativo
5.02.8.2.01;EQUIPE TRAÇÃO - LINHAS 11/12/13;DOCC;Operacional;2025-11-01;;C038-Linhas: 11/12/13 - Coral/Safira/Jade;True;Ativo
6.03.3.4.01;MAN. CORRET E MANOB - ENG. SP L.11-12-13;DORE;Manutenção;2023-07-01;2026-04-30;C062-Linhas: 11/12/13 - Carro.Km;False;Inativo
6.03.3.5;ABRIGO EG. S. PAULO - LINHAS 11/12/13;DORE;Manutenção;2023-07-01;;C058-Linhas 11/12/13 - Abrigo Eng. S.Paulo/Pórticos Roosevelt;True;Ativo
5.07.3.1.15;ESTAÇÃO CAMPO LIMPO PAULISTA;CLP;Operacional;2025-11-01;;C007-Linha: 7 - Rubi;True;Ativo
9.05.3;CONCESSÃO - LINHA 7;PPP-7;Operacional;2025-12-01;;C091-Concessão - PPP;True;Ativo
9.05.2.1.02;CONCESSÃO - LINHAS 8 / 9 TRANSITÓRIO - OPERAÇÃO;PPP-8/9;Operacional;2020-01-01;;C091-Concessão - PPP;True;Ativo
2.07.0.2.00;NÚCLEO DO PATRIMÔMINO;GFS;Administrativo;2024-10-01;;C081-Administração;True;Ativo
5.07.3.2.11;ESTAÇÃO GUAPITUBA;GPT;Operacional;2025-11-01;;C010-Linha: 10 - Turquesa;True;Ativo
6.03.3.4;ABRIGO EG. S. PAULO - LINHAS 11/12/13;DORE;Manutenção;2023-07-01;;C058-Linhas 11/12/13 - Abrigo Eng. S.Paulo/Pórticos Roosevelt;True;Ativo
5.07.3.1.14;ESTAÇÃO BOTUJURU;BTJ;Operacional;2025-11-01;;C007-Linha: 7 - Rubi;True;Ativo
5.07.3.4.13;ESTAÇÃO CALMON VIANA;CVN;Operacional;2025-11-01;;C033-Linhas: 11/12 - Coral/Safira;True;Ativo
6.05.4.0.01;PLANEJAMENTO, PROGRAMAÇÃO E CONTROLE VP;DOVF;Manutenção;2023-03-01;2026-04-30;C041-Todas as Linhas Operacionais;False;Inativo
2.09.1.0;DEPTO DE ADMINISTRAÇÃO DE PESSOAL;DFHP;Administrativo;2023-12-01;;C081-Administração;True;Ativo
2.09.3;DEPTO DE SAUDE OCUPACIONAL E SEGURANCA DO TRABALHO;DFHS;Administrativo;2023-12-01;;C081-Administração;True;Ativo
5.07.2.1.05;EQUIPE SEGURANCA - LINHA 13;DOAS;Operacional;2025-11-01;;C013-Linha: 13 - Jade;True;Ativo
6.06.2.8;CLIMATIZAÇÃO;DOFS;Manutenção;2026-05-01;;C041-Todas as Linhas Operacionais;True;Ativo
1.08.0.1;CONSELHOS E COMITÊ DE AUDITORIA ESTATUTÁRIO;GRI;Administrativo;2024-10-01;;C081-Administração;True;Ativo
5.02.7.3.00;EQUIPE DE LOCOMOTIVAS;DOC3;Operacional;2024-01-01;2025-10-31;C041-Todas as Linhas Operacionais;False;Inativo
5.07.3.1;DEPTO ATENDIMENTO EM ESTAÇÃO - LINHA 7;DOAE;Operacional;2025-11-01;;C007-Linha: 7 - Rubi;True;Ativo
5.02.8;DEPTO DE CIRCULAÇÃO;DOCC;Operacional;2025-11-01;;C041-Todas as Linhas Operacionais;True;Ativo
1.00.0.1;SECRETARIA EXECUTIVA DA PRESIDÊNCIA;SRE;Administrativo;2024-10-01;;C081-Administração;True;Ativo
1.08.3.0;DEPTO CONFORMIDADE, PROTEÇÃO DE DADOS E SEGURANÇA DA INFORMAÇÃO;DRIC;Administrativo;2024-10-01;;C081-Administração;True;Ativo
5.07.2;DEPTO DE ATENDIMENTO E SEGURANÇA;DOAS;Operacional;2025-11-01;;C041-Todas as Linhas Operacionais;True;Ativo
5.02.8.2;DEPTO DE CIRCULAÇÃO - LINHAS 11/12/13;DOCC;Operacional;2025-11-01;;C038-Linhas: 11/12/13 - Coral/Safira/Jade;True;Ativo
1.15.2;DEPTO DE ADMINISTRAÇÃO DE PESSOAL;DRHP;Administrativo;2023-03-01;2023-11-30;C081-Administração;False;Inativo
1.15.2.0.00;DEPTO DE ADMINISTRAÇÃO DE PESSOAL;DRHP;Administrativo;2023-03-01;2023-11-30;C081-Administração;False;Inativo
1.15.4;DEPARTAMENTO DE ROTINAS TRABALHISTAS;DRHT;Administrativo;2023-03-01;2023-11-30;C081-Administração;False;Inativo
5.07.3.0.00;DEPTO ATENDIMENTO EM ESTAÇÃO;DOAE;Operacional;2025-11-01;;C041-Todas as Linhas Operacionais;True;Ativo
5.07.3.1.05;ESTAÇÃO PIRITUBA;PRT;Operacional;2025-11-01;;C007-Linha: 7 - Rubi;True;Ativo
5.07.3.1.16;ESTAÇÃO VÁRZEA PAULISTA;VLP;Operacional;2025-11-01;;C007-Linha: 7 - Rubi;True;Ativo
6.05.9.4.00;MANUT PREV AMVs/MAQUINAS DE CHAVE;DOVP;Manutenção;2026-05-01;;C041-Todas as Linhas Operacionais;True;Ativo
6.03.7.1.00;ABRIGO ENG SP PREVENTIVA;DORR;Manutenção;2026-05-01;;C041-Todas as Linhas Operacionais;True;Ativo
6.03.7.3;ABRIGO ENG SP FISCALIZACAO E QUALIDADE;DORR;Manutenção;2026-05-01;;C041-Todas as Linhas Operacionais;True;Ativo
2.07.0.2;NÚCLEO DO PATRIMÔMINO;GFS;Administrativo;2024-10-01;;C081-Administração;True;Ativo
5.07.3.1.09;ESTAÇÃO PERUS;PRU;Operacional;2025-11-01;;C007-Linha: 7 - Rubi;True;Ativo
5.02.8.1;DEPTO DE CIRCULAÇÃO - LINHAS 7 / 10;DOCC;Operacional;2025-11-01;;C031-Linhas: 7/10 - Rubi/Turquesa;True;Ativo
9.05.4.2;CONCESSÃO - LINHAS 11/12/13 - MANUTENÇÃO;PPP-11/12/13;Manutenção;2026-06-01;;C091-Concessão - PPP;True;Ativo
2.09;GERÊNCIA DE DESENVOLVIMENTO ORGANIZACIONAL E RECURSOS HUMANOS;GFH;Administrativo;2023-12-01;;C081-Administração;True;Ativo
2.09.0.0.00;GERÊNCIA DE DESENVOLVIMENTO ORGANIZACIONAL E RECURSOS HUMANOS;GFH;Administrativo;2023-12-01;;C081-Administração;True;Ativo
5.07.3.3.01;ESTAÇÃO CORINTHIANS - ITAQUERA;ITQ;Operacional;2025-11-01;;C011-Linha: 11 - Coral;True;Ativo
5.02.3.6.01;EQUIPE DE FISCALIZAÇÃO DE LIMPEZA DE TRENS;DOCT;Operacional;2025-12-01;;C041-Todas as Linhas Operacionais;True;Ativo
6.05.7.8.02;BASE DE MANUTENÇÃO SERRALHERIA;DOVC;Manutenção;2024-09-01;;C041-Todas as Linhas Operacionais;True;Ativo
5.07.3.4.05;ESTAÇÃO COMENDADOR ERMELINO;ERM;Operacional;2025-11-01;;C012-Linha: 12 - Safira;True;Ativo
5.07.3.4.06;ESTAÇÃO SÃO MIGUEL PAULISTA;SMP;Operacional;2025-11-01;;C012-Linha: 12 - Safira;True;Ativo
1.15.3.0;DEPTO DE SAÚDE OCUPACIONAL E SEG DO TRAB;DRHS;Administrativo;2023-03-01;2023-11-30;C081-Administração;False;Inativo
5.07.3.2.07;ESTAÇÃO PREFEITO SALADINO;PSA;Operacional;2025-11-01;;C010-Linha: 10 - Turquesa;True;Ativo
6.05.5.6;VIA PERMANENTE - LINHAS 7/10;DOVL;Manutenção;2023-03-01;;C031-Linhas: 7/10 - Rubi/Turquesa;True;Ativo
1.00.0.2.00;ASSESSORIA DE DESENVOLVIMENTO E EXPANSÃO DE TRANSPORTE;ARE;Administrativo;2024-10-01;2025-11-30;C081-Administração;False;Inativo
5.07.3.1.03;ESTAÇÃO LAPA 7;LPA;Operacional;2025-11-01;;C007-Linha: 7 - Rubi;True;Ativo
5.07.3.2.08;ESTAÇÃO PREF. CELSO DANIEL-SANTO ANDRÉ;SAN;Operacional;2025-11-01;;C010-Linha: 10 - Turquesa;True;Ativo
6.05.9.1;VIA PERMANENTE - LINHA 10;DOVP;Manutenção;2026-05-01;;C010-Linha: 10 - Turquesa;True;Ativo
5.07.3.1.13;ESTAÇÃO FRANCISCO MORATO;FMO;Operacional;2025-11-01;;C007-Linha: 7 - Rubi;True;Ativo
5.07.3.4.11;ESTAÇÃO ITAQUAQUECETUBA;IQC;Operacional;2025-11-01;;C012-Linha: 12 - Safira;True;Ativo
1.15.0.0;GERÊNCIA DESENV ORG E RH;GRH;Administrativo;2023-03-01;2023-11-30;C081-Administração;False;Inativo
1.15.1;DEPTO DE PROVIMENTO E DESENV. DE PESSOAL;DRHD;Administrativo;2023-03-01;2023-11-30;C081-Administração;False;Inativo
5.07.3.2.10;ESTAÇÃO MAUÁ;MAU;Operacional;2025-11-01;;C010-Linha: 10 - Turquesa;True;Ativo
5.02.8.2.02;MOVIMENTO DE TRENS - LINHAS 11/12/13;DOCC;Operacional;2025-11-01;;C038-Linhas: 11/12/13 - Coral/Safira/Jade;True;Ativo
5.02.3.6.02;EQUIPE DE LIMPEZA DE TRENS;DOCT;Operacional;2025-12-01;;C041-Todas as Linhas Operacionais;True;Ativo
9.05.3.2.01;CONCESSÃO - LINHA 7 - MANUTENÇÃO;PPP-7;Manutenção;2025-12-01;;C091-Concessão - PPP;True;Ativo
9.05.3.3;CONCESSÃO - LINHA 7 - ADMINISTRAÇÃO;PPP-7;Administrativo;2025-12-01;;C091-Concessão - PPP;True;Ativo
1.15.1.0;DEPTO DE PROVIMENTO E DESENVOLVIMENTO DE;DRHD;Administrativo;2023-03-01;2023-11-30;C081-Administração;False;Inativo
3.03.1.1;DEPTO COMERCIAL - EXPRESSO TURÍSTICO;DPNC;Administrativo;2023-08-01;;C020-Expresso Turístico - Todos Roteiros;True;Ativo
9.05.2.3.01;CONCESSÃO - LINHAS 8 / 9 - ADMINISTRAÇÃO;PPP-8/9;Administrativo;2020-01-01;;C091-Concessão - PPP;True;Ativo
5.07.3.3;DEPTO ATENDIMENTO EM ESTAÇÃO - LINHA 11;DOAE;Operacional;2025-11-01;;C011-Linha: 11 - Coral;True;Ativo
6.05.9.0.00;DEPTO DE MANUTENÇÃO DE VIA PERMANENTE;DOVP;Manutenção;2026-05-01;;C041-Todas as Linhas Operacionais;True;Ativo
6.05.9.2.03;MANUTENCAO DE INFRA E SUPERESTRUTURA - LINHA 12;DOVP;Manutenção;2026-05-01;;C012-Linha: 12 - Safira;True;Ativo
6.05.9.2.04;SOLDAS E EQUIPAMENTOS - LINHAS 11/12/13;DOVP;Manutenção;2026-05-01;;C038-Linhas: 11/12/13 - Coral/Safira/Jade;True;Ativo
6.05.9.5;OPERACAO MECANIZADA DE INFRA E SUPERESTRUTURA VP;DOVP;Manutenção;2026-05-01;;C041-Todas as Linhas Operacionais;True;Ativo
6.06.1.6;SISTEMAS ELETRICOS;DOFE;Manutenção;2026-05-01;;C041-Todas as Linhas Operacionais;True;Ativo
5.07.3.3.00;DEPTO ATENDIMENTO EM ESTAÇÃO - LINHA 11;DOAE;Operacional;2025-11-01;2025-12-31;C011-Linha: 11 - Coral;False;Inativo
5.02.8.0.00;DEPTO DE CIRCULAÇÃO;DOCC;Operacional;2025-11-01;;C041-Todas as Linhas Operacionais;True;Ativo
6.03.7;DEPTO MANUT MATERIAL RODANTE;DORR;Manutenção;2026-05-01;;C041-Todas as Linhas Operacionais;True;Ativo
6.03.7.0.03;DEPTO MANUT MATERIAL RODANTE - LINHA 12;DORR;Manutenção;2026-05-01;;C012-Linha: 12 - Safira;True;Ativo
6.05.4.9.00;LOGÍSTICA E CORREÇÃO GEOMÉTRICA;DOVF;Manutenção;2023-03-01;2026-04-30;C041-Todas as Linhas Operacionais;False;Inativo
6.05.7.8.01;BASE DE MANUTENÇÃO CIVIL;DOVC;Manutenção;2024-09-01;;C041-Todas as Linhas Operacionais;True;Ativo
5.07.3.1.00;DEPTO ATENDIMENTO EM ESTAÇÃO - LINHA 7;DOAE;Operacional;2025-11-01;2025-12-31;C007-Linha: 7 - Rubi;False;Inativo
5.07.3.3.11;ESTAÇÃO MOGI DAS CRUZES;MDC;Operacional;2025-11-01;;C011-Linha: 11 - Coral;True;Ativo
6.05.5.6.00;VIA PERMANENTE - LINHAS 7/10;DOVL;Manutenção;2023-03-01;2026-04-30;C031-Linhas: 7/10 - Rubi/Turquesa;False;Inativo
8.01.0.0.53;EXPRESSO TURÍSTICO - GESTÃO;EXTGA;Administrativo;2023-06-01;;C020-Expresso Turístico - Todos Roteiros;True;Ativo
5.07.3.2;DEPTO ATENDIMENTO EM ESTAÇÃO - LINHA 10;DOAE;Operacional;2025-11-01;;C010-Linha: 10 - Turquesa;True;Ativo
5.02.3.5;EQUIPE DE LOCOMOTIVAS;DOCT;Operacional;2025-12-01;;C041-Todas as Linhas Operacionais;True;Ativo
1.15;GERÊNCIA DESENV ORG E RH;GRH;Administrativo;2023-03-01;2023-11-30;C081-Administração;False;Inativo
3.00.4.0;DEPARTAMENTO DE INOVAÇAO E NEGÓCIOS;DPIN;Administrativo;2024-11-01;;C081-Administração;True;Ativo
6.05.9.6;PRODUCAO DE TRILHOS LONGOS SOLDADOS;DOVP;Manutenção;2026-05-01;;C041-Todas as Linhas Operacionais;True;Ativo
6.05.4.9;LOGÍSTICA E CORREÇÃO GEOMÉTRICA;DOVF;Manutenção;2023-03-01;;C041-Todas as Linhas Operacionais;True;Ativo
1.00.0.2;ASSESSORIA DE DESENVOLVIMENTO E EXPANSÃO DE TRANSPORTE;ARE;Administrativo;2024-10-01;;C081-Administração;True;Ativo
6.03.6.6;MANUTENÇÃO DE MÁQUINAS, VEÍCULOS E COMPONENTES AUXILIARES VP/RA;DORO;Manutenção;2026-05-01;;C041-Todas as Linhas Operacionais;True;Ativo
9.05.4.3;CONCESSÃO - LINHAS 11/12/13 - ADMINISTRAÇÃO;PPP-11/12/13;Administrativo;2026-06-01;;C091-Concessão - PPP;True;Ativo
8.01.0.0;EXPRESSO TURÍSTICO - GESTÃO;EXTGA;Produtivo;2023-06-01;;C020-Expresso Turístico - Todos Roteiros;True;Ativo
5.00.0.2;NÚCLEO DE INTELIGÊNCIA;DO;Operacional;2025-11-01;;C072-Custos Indiretos - Diretoria de Operação;True;Ativo
6.06.1.6.01;SISTEMAS ELETRICOS - LINHA 10;DOFE;Manutenção;2026-05-01;;C010-Linha: 10 - Turquesa;True;Ativo
5.00.0.2.00;NÚCLEO DE INTELIGÊNCIA;DO;Operacional;2025-11-01;;C072-Custos Indiretos - Diretoria de Operação;True;Ativo
5.07.3.3.02;ESTAÇÃO DOM BOSCO;DOB;Operacional;2025-11-01;;C011-Linha: 11 - Coral;True;Ativo
5.02.8.3;EQUIPE DE LOCOMOTIVAS;DOCC;Operacional;2025-11-01;;C041-Todas as Linhas Operacionais;True;Ativo
6.06.2.8.00;CLIMATIZAÇÃO;DOFS;Manutenção;2026-05-01;;C041-Todas as Linhas Operacionais;True;Ativo
6.03.6.5;MANUTENÇÃO DAS LOCOMOTIVAS, VAGÕES E TREM TURÍSTICO;DORO;Manutenção;2026-05-01;;C041-Todas as Linhas Operacionais;True;Ativo
6.03.6.7;MANUTENÇÃO INDUSTRIAL;DORO;Manutenção;2026-05-01;;C041-Todas as Linhas Operacionais;True;Ativo
6.03.7.2;ABRIGO ENG SP CORRETIVA E MANOBRA;DORR;Manutenção;2026-05-01;;C041-Todas as Linhas Operacionais;True;Ativo
9.05.2.3;CONCESSÃO - LINHAS 8 / 9 - ADMINISTRAÇÃO;PPP-8/9;Administrativo;2023-09-01;;C091-Concessão - PPP;True;Ativo
1.08.3;DEPTO CONFORMIDADE, PROTEÇÃO DE DADOS E SEGURANÇA DA INFORMAÇÃO;DRIC;Administrativo;2024-10-01;;C081-Administração;True;Ativo
5.02.8.1.02;MOVIMENTO DE TRENS - LINHAS 7 / 10;DOCC;Operacional;2025-11-01;;C031-Linhas: 7/10 - Rubi/Turquesa;True;Ativo
8.01.0;EXPRESSO TURÍSTICO - GESTÃO;EXTGA;Produtivo;2023-06-01;;C020-Expresso Turístico - Todos Roteiros;True;Ativo
5.02.7.3;EQUIPE DE LOCOMOTIVAS;DOC3;Operacional;2024-12-01;;C041-Todas as Linhas Operacionais;True;Ativo
5.07.2.0.00;DEPTO DE ATENDIMENTO E SEGURANÇA;DOAS;Operacional;2025-11-01;;C041-Todas as Linhas Operacionais;True;Ativo
5.07.3.1.06;ESTAÇÃO VILA CLARICE;VCL;Operacional;2025-11-01;;C007-Linha: 7 - Rubi;True;Ativo
5.07.3.1.07;ESTAÇÃO JARAGUÁ;JRG;Operacional;2025-11-01;;C007-Linha: 7 - Rubi;True;Ativo
5.07.3.5.00;DEPTO ATENDIMENTO EM ESTAÇÃO - LINHA 13;DOAE;Operacional;2025-11-01;2025-12-31;C013-Linha: 13 - Jade;False;Inativo
1.15.1.0.00;DEPTO DE PROVIMENTO E DESENVOLVIMENTO DE;DRHD;Administrativo;2023-03-01;2023-11-30;C081-Administração;False;Inativo
5.07.2.1;EQUIPE SEGURANCA;DOAS;Operacional;2025-11-01;;C041-Todas as Linhas Operacionais;True;Ativo
5.07.2.1.04;EQUIPE SEGURANCA - LINHA 12;DOAS;Operacional;2025-11-01;;C012-Linha: 12 - Safira;True;Ativo
1.08.3.0.00;DEPTO CONFORMIDADE, PROTEÇÃO DE DADOS E SEGURANÇA DA INFORMAÇÃO;DRIC;Administrativo;2024-10-01;;C081-Administração;True;Ativo
5.07.3.3.09;ESTAÇÃO JUNDIAPEBA;JPB;Operacional;2025-11-01;;C011-Linha: 11 - Coral;True;Ativo
9.05.4.2.01;CONCESSÃO - LINHAS 11/12/13 - MANUTENÇÃO;PPP-11/12/13;Manutenção;2026-06-01;;C091-Concessão - PPP;True;Ativo
5.07.3.5;DEPTO ATENDIMENTO EM ESTAÇÃO - LINHA 13;DOAE;Operacional;2025-11-01;;C013-Linha: 13 - Jade;True;Ativo
5.07.3.5.01;ESTAÇÃO GUARULHOS - CECAP;GCE;Operacional;2025-11-01;;C013-Linha: 13 - Jade;True;Ativo
3.03.1.1.00;DEPTO COMERCIAL - EXPRESSO TURÍSTICO;DPNC;Administrativo;2023-08-01;;C020-Expresso Turístico - Todos Roteiros;True;Ativo
5.07.0.0;GERÊNCIA DE ATENDIMENTO;GOA;Operacional;2025-11-01;;C071-Custos Indiretos - Operação;True;Ativo
5.07.2.1.01;EQUIPE SEGURANCA - LINHA 7;DOAS;Operacional;2025-11-01;;C007-Linha: 7 - Rubi;True;Ativo
5.07.3.1.08;ESTAÇÃO VILA AURORA;VAU;Operacional;2025-11-01;;C007-Linha: 7 - Rubi;True;Ativo
5.02.8.1.04;EQUIPE DE LIMPEZA DE TRENS;DOCC;Operacional;2025-11-01;2025-11-30;C041-Todas as Linhas Operacionais;False;Inativo
9.05.4.1;CONCESSÃO - LINHAS 11/12/13 - OPERAÇÃO;PPP-11/12/13;Operacional;2026-06-01;;C091-Concessão - PPP;True;Ativo
9.05.4.3.01;CONCESSÃO - LINHAS 11/12/13 - ADMINISTRAÇÃO;PPP-11/12/13;Administrativo;2026-06-01;;C091-Concessão - PPP;True;Ativo
6.03.6.1.01;MANUTENÇÃO DE SISTEMAS MECÂNICOS - PRES. ALTINO;DORO;Manutenção;2026-08-01;;C041-Todas as Linhas Operacionais;True;Ativo
1.15.3;DEPTO DE SAÚDE OCUPACIONAL E SEG DO TRAB;DRHS;Administrativo;2023-03-01;2023-11-30;C081-Administração;False;Inativo
1.15.0;GERÊNCIA DESENV ORG E RH;GRH;Administrativo;2023-03-01;2023-11-30;C081-Administração;False;Inativo
6.05.5.6.02;MANUT DE INFRA E SUPERESTRUTURA - L 7;DOVL;Manutenção;2023-03-01;2026-04-30;C007-Linha: 7 - Rubi;False;Inativo
1.00.0.1.00;SECRETARIA EXECUTIVA DA PRESIDÊNCIA;SRE;Administrativo;2024-10-01;;C081-Administração;True;Ativo
1.00.0.3;ASSESSORIA DE CONCESSÕES E PARCERIAS;ARC;Administrativo;2024-10-01;;C081-Administração;True;Ativo
1.16;GERÊNCIA DE GESTÃO ESTRATÉGICA EMPRESARIAL;GRE;Administrativo;2024-10-01;;C081-Administração;True;Ativo
5.02.8.1.01;EQUIPE TRAÇÃO - LINHAS 7 / 10;DOCC;Operacional;2025-11-01;;C031-Linhas: 7/10 - Rubi/Turquesa;True;Ativo
9.05.2.2;CONCESSÃO - LINHAS 8 / 9 - MANUTENÇÃO;PPP-8/9;Manutenção;2020-01-01;;C091-Concessão - PPP;True;Ativo
5.07.3.4.12;ESTAÇÃO ARACARÉ;ARC;Operacional;2025-11-01;;C012-Linha: 12 - Safira;True;Ativo
6.03.7.0.04;DEPTO MANUT MATERIAL RODANTE - LINHA 13;DORR;Manutenção;2026-05-01;;C013-Linha: 13 - Jade;True;Ativo
6.03.7.0.05;DEPTO MANUT MATERIAL RODANTE - PPP;DORR;Manutenção;2026-05-01;;C016-Linha: 11- Coral - PPP;True;Ativo
6.05.5.6.04;SOLDAS E EQUIPAMENTOS - LINHAS 7/10;DOVL;Manutenção;2023-03-01;2026-04-30;C031-Linhas: 7/10 - Rubi/Turquesa;False;Inativo
1.15.4.0;DEPARTAMENTO DE ROTINAS TRABALHISTAS;DRHT;Administrativo;2023-03-01;2023-11-30;C081-Administração;False;Inativo
6.01.0.2;EQUIPE MAN PÁTIOS ABRIG E ESTAC DE TRENS;GOM;Manutenção;2023-07-01;;C041-Todas as Linhas Operacionais;True;Ativo
6.01.0.2.00;EQUIPE MAN PÁTIOS ABRIG E ESTAC DE TRENS;GOM;Manutenção;2023-07-01;;C041-Todas as Linhas Operacionais;True;Ativo
6.03.7.0.00;DEPTO MANUT MATERIAL RODANTE;DORR;Manutenção;2026-05-01;;C041-Todas as Linhas Operacionais;True;Ativo
6.03.7.1;ABRIGO ENG SP PREVENTIVA;DORR;Manutenção;2026-05-01;;C041-Todas as Linhas Operacionais;True;Ativo
5.07.2.1.02;EQUIPE SEGURANCA - LINHA 10;DOAS;Operacional;2025-11-01;;C010-Linha: 10 - Turquesa;True;Ativo
5.07.3.2.06;ESTAÇÃO UTINGA;UTG;Operacional;2025-11-01;;C010-Linha: 10 - Turquesa;True;Ativo
6.03.6.1.02;MANUTENÇÃO DE SISTEMAS MECÂNICOS - ROOSEVELT;DORO;Manutenção;2026-08-01;;C041-Todas as Linhas Operacionais;True;Ativo
6.05.5.6.03;MANUT DE INFRA E SUPERESTRUTURA - L 10;DOVL;Manutenção;2023-03-01;2026-04-30;C010-Linha: 10 - Turquesa;False;Inativo
5.00.0.3;NUCLEO DA GESTÃO DA QUALIDADE;DO;Operacional;2025-11-01;;C072-Custos Indiretos - Diretoria de Operação;True;Ativo
6.05.5.1.06;EQUIPE DE PRONTIDÃO VP - L 11/12/13;DOVL;Manutenção;2023-03-01;2026-04-30;C038-Linhas: 11/12/13 - Coral/Safira/Jade;False;Inativo
5.07.0;GERÊNCIA DE ATENDIMENTO;GOA;Operacional;2025-11-01;;C071-Custos Indiretos - Operação;True;Ativo
1.15.4.0.00;DEPARTAMENTO DE ROTINAS TRABALHISTAS;DRHT;Administrativo;2023-03-01;2023-11-30;C081-Administração;False;Inativo
5.07.3.3.07;ESTAÇÃO POÁ;POA;Operacional;2025-11-01;;C011-Linha: 11 - Coral;True;Ativo
5.07.3.1.12;ESTAÇÃO BALTAZAR FIDELIS;BFI;Operacional;2025-11-01;;C007-Linha: 7 - Rubi;True;Ativo
5.07.3.1.02;ESTAÇÃO ÁGUA BRANCA;ABR;Operacional;2025-11-01;;C007-Linha: 7 - Rubi;True;Ativo
5.07.3.3.08;ESTAÇÃO SUZANO;SUZ;Operacional;2025-11-01;;C011-Linha: 11 - Coral;True;Ativo
2.09.2.1;CENTRO DE FORMAÇÃO PROFISSIONAL - APRENDIZES;DFHD;Administrativo;2024-06-01;;C081-Administração;True;Ativo
5.07.3.2.03;ESTAÇÃO IPIRANGA;IPG;Operacional;2025-11-01;;C010-Linha: 10 - Turquesa;True;Ativo
5.07.3.2.04;ESTAÇÃO TAMANDUATEÍ;TMD;Operacional;2025-11-01;;C010-Linha: 10 - Turquesa;True;Ativo
5.07.3.2.05;ESTAÇÃO SÃO CAETANO;SCT;Operacional;2025-11-01;;C010-Linha: 10 - Turquesa;True;Ativo
5.07.3.3.05;ESTAÇÃO ANTONIO GIANETTI NETO;AGN;Operacional;2025-11-01;;C011-Linha: 11 - Coral;True;Ativo
9.05.2.3.02;CONCESSÃO - LINHAS 8 / 9 - TRANSITÓRIO ADMINISTRAÇÃO;PPP-8/9;Administrativo;2020-01-01;;C091-Concessão - PPP;True;Ativo
6.05.9.5.00;OPERACAO MECANIZADA DE INFRA E SUPERESTRUTURA VP;DOVP;Manutenção;2026-05-01;;C041-Todas as Linhas Operacionais;True;Ativo
5.02.3.5.00;EQUIPE DE LOCOMOTIVAS;DOCT;Operacional;2025-12-01;;C041-Todas as Linhas Operacionais;True;Ativo
5.07.3.3.10;ESTAÇÃO BRAZ CUBAS;BCB;Operacional;2025-11-01;;C011-Linha: 11 - Coral;True;Ativo
7.01.2.0.04;EMPREGADOS CEDIDOS - ESFERA ESTADUAL - SPI;ECE;Administrativo;2024-06-01;;C081-Administração;True;Ativo
5.02.8.1.00;DEPTO DE CIRCULAÇÃO - LINHAS 7 / 10;DOCC;Operacional;2025-11-01;;C031-Linhas: 7/10 - Rubi/Turquesa;True;Ativo
1.15.3.0.00;DEPTO DE SAÚDE OCUPACIONAL E SEG DO TRAB;DRHS;Administrativo;2023-03-01;2023-11-30;C081-Administração;False;Inativo
5.07.3.2.02;ESTAÇÃO MOOCA;MOC;Operacional;2025-11-01;;C010-Linha: 10 - Turquesa;True;Ativo
5.07.3.3.03;ESTAÇÃO JOSÉ BONIFÁCIO;JBO;Operacional;2025-11-01;;C011-Linha: 11 - Coral;True;Ativo
6.06.1.6.02;SISTEMAS ELETRICOS - LINHA 11/12/13;DOFE;Manutenção;2026-05-01;;C038-Linhas: 11/12/13 - Coral/Safira/Jade;True;Ativo
6.06.1.7.00;GERADORES;DOFE;Manutenção;2026-05-01;;C041-Todas as Linhas Operacionais;True;Ativo
5.02.8.1.03;EQUIPE DE FISCALIZAÇÃO DE LIMPEZA DE TRENS;DOCC;Operacional;2025-11-01;2025-11-30;C041-Todas as Linhas Operacionais;False;Inativo
5.07.2.0;DEPTO DE ATENDIMENTO E SEGURANÇA;DOAS;Operacional;2025-11-01;;C041-Todas as Linhas Operacionais;True;Ativo
5.07.3.4.07;ESTAÇÃO JARDIM HELENA-VILA MARA;JHE;Operacional;2025-11-01;;C012-Linha: 12 - Safira;True;Ativo
6.03.7.0.01;DEPTO MANUT MATERIAL RODANTE - LINHA 10;DORR;Manutenção;2026-05-01;;C010-Linha: 10 - Turquesa;True;Ativo
6.03.3.1.53;ABRIGO EG. S. PAULO - LINHA 13 - PPP;DORE;Manutenção;2023-01-01;2026-04-30;C016-Linha: 11- Coral - PPP;False;Inativo
5.07.3.4.01;ESTAÇÃO BRÁS;BAS;Operacional;2025-11-01;;C039-Linhas: 7/10/11/12 - Rubi/Turquesa/Coral/Safira;True;Ativo
6.05.9.1.02;SOLDAS E EQUIPAMENTOS - LINHA 10;DOVP;Manutenção;2026-05-01;;C010-Linha: 10 - Turquesa;True;Ativo
6.03.3.3;ABRIGO EG. S. PAULO - LINHAS 11/12/13;DORE;Manutenção;2023-07-01;;C058-Linhas 11/12/13 - Abrigo Eng. S.Paulo/Pórticos Roosevelt;True;Ativo
2.09.2.1.00;CENTRO DE FORMAÇÃO PROFISSIONAL - APRENDIZES;DFHD;Administrativo;2024-06-01;;C081-Administração;True;Ativo
6.05.7.8.03;BASE DE PRONTIDÃO SSE;DOVC;Manutenção;2024-09-01;;C041-Todas as Linhas Operacionais;True;Ativo
6.05.9.0;DEPTO DE MANUTENÇÃO DE VIA PERMANENTE;DOVP;Manutenção;2026-05-01;;C041-Todas as Linhas Operacionais;True;Ativo
9.05.3.3.01;CONCESSÃO - LINHA 7 - ADMINISTRAÇÃO;PPP-7;Administrativo;2025-12-01;;C091-Concessão - PPP;True;Ativo
6.05.9.2.00;VIA PERMANENTE - LINHAS 11/12/13;DOVP;Manutenção;2026-05-01;;C038-Linhas: 11/12/13 - Coral/Safira/Jade;True;Ativo
6.05.9.3.00;EQUIPE DE PRONTIDAO DE VIA PERMANENTE;DOVP;Manutenção;2026-05-01;;C041-Todas as Linhas Operacionais;True;Ativo
6.05.9.4.01;MANUT PREV AMVs/MAQUINAS DE CHAVE - LINHA 10;DOVP;Manutenção;2026-05-01;;C010-Linha: 10 - Turquesa;True;Ativo
6.05.4.9.01;CORRECAO GEOMETRICA - LINHAS 7/10;DOVF;Manutenção;2023-03-01;2026-04-30;C031-Linhas: 7/10 - Rubi/Turquesa;False;Inativo
6.05.7.8.00;EQUIPES DE MANUNTEÇÃO;DOVC;Manutenção;2024-09-01;;C041-Todas as Linhas Operacionais;True;Ativo
2.07.0.1;NÚCLEO DE CUSTOS;GFS;Administrativo;2024-10-01;;C081-Administração;True;Ativo
5.07.2.1.00;EQUIPE SEGURANCA;DOAS;Operacional;2025-11-01;2025-12-31;C041-Todas as Linhas Operacionais;False;Inativo
5.02.8.2.00;DEPTO DE CIRCULAÇÃO - LINHAS 11/12/13;DOCC;Operacional;2025-11-01;;C038-Linhas: 11/12/13 - Coral/Safira/Jade;True;Ativo
9.05.3.1.01;CONCESSÃO - LINHA 7 - OPERAÇÃO;PPP-7;Operacional;2025-12-01;;C091-Concessão - PPP;True;Ativo
6.03.7.0;DEPTO MANUT MATERIAL RODANTE;DORR;Manutenção;2026-05-01;;C041-Todas as Linhas Operacionais;True;Ativo
2.07.0.1.00;NÚCLEO DE CUSTOS;GFS;Administrativo;2024-10-01;;C081-Administração;True;Ativo
2.09.3.0;DEPTO DE SAUDE OCUPACIONAL E SEGURANCA DO TRABALHO;DFHS;Administrativo;2023-12-01;;C081-Administração;True;Ativo
2.09.4.0.00;DEPARTAMENTO DE ROTINAS TRABALHISTAS;DFHT;Administrativo;2023-12-01;2026-04-30;C081-Administração;False;Inativo
5.02.8.2.03;LAVADOR CARROS-JUNDIAPEBA-LINHAS 11 / 12 / 13;DOCC;Operacional;2025-11-01;2025-11-30;C038-Linhas: 11/12/13 - Coral/Safira/Jade;False;Inativo
6.05.4.8.00;PRODUÇÃO DE TRILHOS LONGOS SOLDADOS;DOVF;Manutenção;2023-03-01;2026-04-30;C041-Todas as Linhas Operacionais;False;Inativo
5.07.3;DEPTO ATENDIMENTO EM ESTAÇÃO;DOAE;Operacional;2025-11-01;;C041-Todas as Linhas Operacionais;True;Ativo
5.07.3.0;DEPTO ATENDIMENTO EM ESTAÇÃO;DOAE;Operacional;2025-11-01;;C041-Todas as Linhas Operacionais;True;Ativo
5.07.3.1.04;ESTAÇÃO PIQUERI;PQR;Operacional;2025-11-01;;C007-Linha: 7 - Rubi;True;Ativo
5.07.3.1.10;ESTAÇÃO CAIEIRAS;CAI;Operacional;2025-11-01;;C007-Linha: 7 - Rubi;True;Ativo
5.07.3.2.01;ESTAÇÃO LUZ;LUZ;Operacional;2025-11-01;;C044-Linhas: 10/11 - Turquesa/Coral;True;Ativo
5.07.3.3.06;ESTAÇÃO FERRAZ DE VASCONCELOS;FVC;Operacional;2025-11-01;;C011-Linha: 11 - Coral;True;Ativo
6.05.9.1.00;VIA PERMANENTE - LINHA 10;DOVP;Manutenção;2026-05-01;;C010-Linha: 10 - Turquesa;True;Ativo
6.05.9.1.01;MANUTENCAO DE INFRA E SUPERESTRUTURA - LINHA 10;DOVP;Manutenção;2026-05-01;;C010-Linha: 10 - Turquesa;True;Ativo
1.16.0.0;GERÊNCIA DE GESTÃO ESTRATÉGICA EMPRESARIAL;GRE;Administrativo;2024-10-01;;C081-Administração;True;Ativo
6.03.6.7.01;MANUTENÇÃO INDUSTRIAL - LAPA;DORO;Manutenção;2026-05-01;;C041-Todas as Linhas Operacionais;True;Ativo
2.09.0.0;GERÊNCIA DE DESENVOLVIMENTO ORGANIZACIONAL E RECURSOS HUMANOS;GFH;Administrativo;2023-12-01;;C081-Administração;True;Ativo
6.05.9.6.00;PRODUCAO DE TRILHOS LONGOS SOLDADOS;DOVP;Manutenção;2026-05-01;;C041-Todas as Linhas Operacionais;True;Ativo
5.07.3.4.00;DEPTO ATENDIMENTO EM ESTAÇÃO - LINHA 12;DOAE;Operacional;2025-11-01;2025-12-31;C012-Linha: 12 - Safira;False;Inativo
5.07.3.4.09;ESTAÇÃO JARDIM ROMANO;JRO;Operacional;2025-11-01;;C012-Linha: 12 - Safira;True;Ativo
5.07.3.5.02;ESTAÇÃO AEROPORTO - GUARULHOS;AGU;Operacional;2025-11-01;;C013-Linha: 13 - Jade;True;Ativo
5.02.3.6;EQUIPE DE FISCALIZAÇÃO DE LIMPEZA DE TRENS;DOCT;Operacional;2025-12-01;;C041-Todas as Linhas Operacionais;True;Ativo
2.09.2;DEPTO DE PROVIMENTO E DESENVOLVIMENTO DE PESSOAL;DFHD;Administrativo;2023-12-01;;C081-Administração;True;Ativo
2.09.2.0.00;DEPTO DE PROVIMENTO E DESENVOLVIMENTO DE PESSOAL;DFHD;Administrativo;2023-12-01;;C081-Administração;True;Ativo
1.16.0;GERÊNCIA DE GESTÃO ESTRATÉGICA EMPRESARIAL;GRE;Administrativo;2024-10-01;;C081-Administração;True;Ativo
6.05.9.4;MANUT PREV AMVs/MAQUINAS DE CHAVE;DOVP;Manutenção;2026-05-01;;C041-Todas as Linhas Operacionais;True;Ativo
6.05.4.9.02;CORRECAO GEOMETRICA - LINHAS 11/12/13;DOVF;Manutenção;2023-03-01;2026-04-30;C038-Linhas: 11/12/13 - Coral/Safira/Jade;False;Inativo
5.07.1.0.00;DEPTO DE ATENDIMENTO E SEGURANÇA PATRIMONIAL;DOAP;Operacional;2025-11-01;;C041-Todas as Linhas Operacionais;True;Ativo
5.07.2.1.03;EQUIPE SEGURANCA - LINHA 11;DOAS;Operacional;2025-11-01;;C011-Linha: 11 - Coral;True;Ativo
7.01.2.0.06;EMPREGADOS CEDIDOS - ESFERA ESTADUAL - METRÔ;ECE;Administrativo;2026-04-01;;C081-Administração;True;Ativo
2.09.1.0.00;DEPTO DE ADMINISTRAÇÃO DE PESSOAL;DFHP;Administrativo;2023-12-01;;C081-Administração;True;Ativo
2.09.4;DEPARTAMENTO DE ROTINAS TRABALHISTAS;DFHT;Administrativo;2023-12-01;;C081-Administração;True;Ativo
6.03.6.7.02;MANUTENÇÃO INDUSTRIAL - ROOSEVELT;DORO;Manutenção;2026-05-01;;C041-Todas as Linhas Operacionais;True;Ativo
7.01.2.0.03;EMPREGADOS CEDIDOS - ESFERA ESTADUAL - STM;ECE;Administrativo;2024-06-01;;C081-Administração;True;Ativo
6.05.7.8;EQUIPES DE MANUNTEÇÃO;DOVC;Manutenção;2024-09-01;;C041-Todas as Linhas Operacionais;True;Ativo
5.07.3.1.01;ESTAÇÃO PALMEIRAS-BARRA FUNDA;BFU;Operacional;2025-11-01;;C044-Linhas: 10/11 - Turquesa/Coral;True;Ativo
3.00.4;DEPARTAMENTO DE INOVAÇAO E NEGÓCIOS;DPIN;Administrativo;2024-11-01;;C081-Administração;True;Ativo
6.03.3.5.01;FISCALIZ. E QUALID. - ENG. SP L11-12-13;DORE;Manutenção;2023-07-01;2026-04-30;C062-Linhas: 11/12/13 - Carro.Km;False;Inativo
6.05.9.3;EQUIPE DE PRONTIDAO DE VIA PERMANENTE;DOVP;Manutenção;2026-05-01;;C041-Todas as Linhas Operacionais;True;Ativo
9.05.4;CONCESSÃO - LINHAS 11/12/13;PPP-11/12/13;Operacional;2026-06-01;;C091-Concessão - PPP;True;Ativo
2.09.1;DEPTO DE ADMINISTRAÇÃO DE PESSOAL;DFHP;Administrativo;2023-12-01;;C081-Administração;True;Ativo
2.09.2.0;DEPTO DE PROVIMENTO E DESENVOLVIMENTO DE PESSOAL;DFHD;Administrativo;2023-12-01;;C081-Administração;True;Ativo
5.02.8.3.00;EQUIPE DE LOCOMOTIVAS;DOCC;Operacional;2025-11-01;2025-11-30;C041-Todas as Linhas Operacionais;False;Inativo
9.05.3.2;CONCESSÃO - LINHA 7 - MANUTENÇÃO;PPP-7;Manutenção;2025-12-01;;C091-Concessão - PPP;True;Ativo
2.09.3.0.00;DEPTO DE SAUDE OCUPACIONAL E SEGURANCA DO TRABALHO;DFHS;Administrativo;2023-12-01;;C081-Administração;True;Ativo
2.09.4.0;DEPARTAMENTO DE ROTINAS TRABALHISTAS;DFHT;Administrativo;2023-12-01;;C081-Administração;True;Ativo
1.08.0.1.00;CONSELHOS E COMITÊ DE AUDITORIA ESTATUTÁRIO;GRI;Administrativo;2024-10-01;;C081-Administração;True;Ativo
5.06.3.0.01;CENTRO DE MONITORAMENTO DE ESTAÇÕES;DOE3;Operacional;2025-03-01;2025-10-31;C038-Linhas: 11/12/13 - Coral/Safira/Jade;False;Inativo
6.06.2.7;ESCADAS ROLANTES E ELEVADORES;DOFS;Manutenção;2026-05-01;;C041-Todas as Linhas Operacionais;True;Ativo
6.06.2.7.00;ESCADAS ROLANTES E ELEVADORES;DOFS;Manutenção;2026-05-01;;C041-Todas as Linhas Operacionais;True;Ativo
6.03.6.6.00;MANUTENÇÃO DE MÁQUINAS, VEÍCULOS E COMPONENTES AUXILIARES VP/RA;DORO;Manutenção;2026-05-01;;C041-Todas as Linhas Operacionais;True;Ativo
6.03.3.3.01;MAN. PREVENTIVA - ENG. SP - L. 11/12/13;DORE;Manutenção;2023-07-01;2026-04-30;C062-Linhas: 11/12/13 - Carro.Km;False;Inativo
5.07.3.2.12;ESTAÇÃO RIBEIRÃO PIRES;RPI;Operacional;2025-11-01;;C010-Linha: 10 - Turquesa;True;Ativo
5.07.3.4;DEPTO ATENDIMENTO EM ESTAÇÃO - LINHA 12;DOAE;Operacional;2025-11-01;;C012-Linha: 12 - Safira;True;Ativo
6.05.4.8;PRODUÇÃO DE TRILHOS LONGOS SOLDADOS;DOVF;Manutenção;2023-03-01;;C041-Todas as Linhas Operacionais;True;Ativo
1.16.0.0.00;GERÊNCIA DE GESTÃO ESTRATÉGICA EMPRESARIAL;GRE;Administrativo;2024-10-01;;C081-Administração;True;Ativo
6.03.7.0.02;DEPTO MANUT MATERIAL RODANTE - LINHA 11;DORR;Manutenção;2026-05-01;;C011-Linha: 11 - Coral;True;Ativo
6.05.5.6.01;EQUIPE DE PRONTIDÃO VP - L 7/10;DOVL;Manutenção;2023-03-01;2026-04-30;C031-Linhas: 7/10 - Rubi/Turquesa;False;Inativo
5.07;GERÊNCIA DE ATENDIMENTO;GOA;Operacional;2025-11-01;;C071-Custos Indiretos - Operação;True;Ativo
5.00.0.3.00;NUCLEO DA GESTÃO DA QUALIDADE;DO;Operacional;2025-11-01;2025-11-30;C072-Custos Indiretos - Diretoria de Operação;False;Inativo
1.00.0.3.00;ASSESSORIA DE CONCESSÕES E PARCERIAS;ARC;Administrativo;2024-10-01;;C081-Administração;True;Ativo
3.00.4.0.00;DEPARTAMENTO DE INOVAÇAO E NEGÓCIOS;DPIN;Administrativo;2024-11-01;;C081-Administração;True;Ativo
5.02.8.0;DEPTO DE CIRCULAÇÃO;DOCC;Operacional;2025-11-01;;C041-Todas as Linhas Operacionais;True;Ativo
